Date,Label,top1,top2,top3,top4,top5,top6,top7,top8,top9,top10,top11,top12,top13,top14,top15,top16,top17,top18,top19,top20,top21,top22,top23,top24
2020-01-02,1,need a laptop? this dell inspiron 11 3200 2-in-1 is $157 off     - cnet,dell launches new xps 13 laptops,dell to let apple users control iphones from their laptop,"dell xps 13 gets a bigger screen, while its latitude 9510 laptop claims 30-hour battery life     - cnet","dell technologies launches new era of pcs and displays with 5g, ai and premium design for work and play","richard j. rothberg sells 141,454 shares of dell inc. (nyse:dell) stock",,,,,,,,,,,,,,,,,,
2020-01-03,0,dell to let users mirror iphone&quot;s screen on their laptops,dell&quot;s upcoming xps 13 linux laptop includes a highly requested new feature,,,,,,,,,,,,,,,,,,,,,,
2020-01-06,1,dell (dell) expands offerings with new products &amp; software,,,,,,,,,,,,,,,,,,,,,,,
2020-01-07,0,at ces 2020 lenovo and dell point to new foldable devices possibly coming to market later this year,,,,,,,,,,,,,,,,,,,,,,,
2020-01-08,1,,,,,,,,,,,,,,,,,,,,,,,,
2020-01-09,0,"dell technologies moves up in market cap rank, passing universal health services","dell inc. (nyse:dell) insider steven h. price sells 136,666 shares","steven h. price sells 136,666 shares of dell inc. (nyse:dell) stock",,,,,,,,,,,,,,,,,,,,,
2020-01-10,0,dell june 19th options begin trading,,,,,,,,,,,,,,,,,,,,,,,
2020-01-13,1,dell inc. (nyse:dell) stake lessened by boston trust walden corp,boston trust walden corp lowers stake in dell inc. (nyse:dell),"insider selling: dell inc. (nyse:dell) cfo sells $4,874,950.00 in stock",,,,,,,,,,,,,,,,,,,,,
2020-01-14,1,,,,,,,,,,,,,,,,,,,,,,,,
2020-01-15,0,"johanson financial advisors inc. acquires shares of 116,912 dell inc. (nyse:dell)",,,,,,,,,,,,,,,,,,,,,,,
2020-01-16,1,dell (nyse:dell) downgraded to sell at valuengine,,,,,,,,,,,,,,,,,,,,,,,
2020-01-17,0,ingalls & snyder llc sells 311 shares of dell inc. (nyse:dell),,,,,,,,,,,,,,,,,,,,,,,
2020-01-21,0,how dell transformed into an end-to-end enterprise player,,,,,,,,,,,,,,,,,,,,,,,
2020-01-22,1,dell inc. (nyse:dell) shares purchased by wedbush securities inc.,,,,,,,,,,,,,,,,,,,,,,,
2020-01-23,1,,,,,,,,,,,,,,,,,,,,,,,,
2020-01-24,0,bear of the day: dell technologies (dell),,,,,,,,,,,,,,,,,,,,,,,
2020-01-27,0,"arista beats dell, cisco, gigamon and juniper to buy big switch networks",extremely positive media coverage extremely unlikely to affect dell (nyse:dell) share price,dell (nyse:dell) receives daily news impact rating of 5.00,,,,,,,,,,,,,,,,,,,,,
2020-01-28,1,douglas lane & associates llc reduces stock position in dell inc. (nyse:dell),"microsoft, dell donate to fight coronavirus outbreak",dell (nyse:dell) upgraded to hold at valuengine,,,,,,,,,,,,,,,,,,,,,
2020-01-29,1,best buy flash sale: 4 great deals from hp and dell     - cnet,"dell (nyse:dell) raised to ""hold"" at valuengine",dowling & yahnke llc trims stock holdings in dell inc. (nyse:dell),,,,,,,,,,,,,,,,,,,,,
2020-01-30,1,,,,,,,,,,,,,,,,,,,,,,,,
2020-01-31,0,reach out and touch a dell xps 13 for just $784     - cnet,,,,,,,,,,,,,,,,,,,,,,,
2020-02-03,1,,,,,,,,,,,,,,,,,,,,,,,,
2020-02-04,1,,,,,,,,,,,,,,,,,,,,,,,,
2020-02-05,0,"janney montgomery scott llc has $583,000 position in dell inc. (nyse:dell)",,,,,,,,,,,,,,,,,,,,,,,
2020-02-06,1,,,,,,,,,,,,,,,,,,,,,,,,
2020-02-07,0,"acr alpine capital research llc purchases 38,517 shares of dell inc. (nyse:dell)",,,,,,,,,,,,,,,,,,,,,,,
2020-02-10,1,"dell, hpe targets trimmed on compute headwinds",,,,,,,,,,,,,,,,,,,,,,,
2020-02-11,1,"children&quot;s hospital set for $300m-plus expansion with huge gift from michael, susan dell",,,,,,,,,,,,,,,,,,,,,,,
2020-02-12,1,"notable wednesday option activity: dell, ntnx, cf",,,,,,,,,,,,,,,,,,,,,,,
2020-02-13,1,"the best presidents day deals: laptops from lenovo and dell, mattresses, vacuums and more     - cnet",bt adds dell&quot;s ucpe line to its dynamic network services,dell technologies to hold conference call february 27 to discuss fourth quarter and year-end fiscal 2020 financial results,bt expands its dynamic network services with dell technologies&quot; onsite platforms for more agile operations,,,,,,,,,,,,,,,,,,,,
2020-02-14,0,"dell presidents day sale: save on inspiron, xps and alienware laptops and pcs     - cnet","aigen investment management lp makes new $227,000 investment in dell inc. (nyse:dell)",,,,,,,,,,,,,,,,,,,,,,
2020-02-18,1,orange business services tunes up new ucpe platform with dell technologies and ekinops,dell closes deal to sell rsa security to private equity firm stg partners for $2b,dell&quot;s deal to sell rsa to investor group is confirmed,dell sells rsa for $2.08b,dell to sell cybersecurity unit for $2.08 billion,dell to sell cybersecurity unit for $2.08 bln,symphony technology group enters definitive agreement with dell technologies to acquire rsa,dell close to deal to sell rsa for $2 billion--wsj,"stocks to watch: apple, legg mason, gilead sciences, dell",dell is expected to announce rsa security business sale on tuesday,dell close to selling rsa security for $2b,dell nears deal to sell rsa security business to private-equity firm stg,,,,,,,,,,,,
2020-02-19,1,dell to sell security business rsa for nearly $2.1b,palo alto private equity firm buys rsa security business from dell for $2.1b,dell sells rsa for $2b to streamline portfolio,dell technologies to present at investor conference in march,dell sells bedford-based cybersecurity business for $2b,dell inc. (nyse:dell) shares bought by candriam luxembourg s.c.a.,,,,,,,,,,,,,,,,,,
2020-02-20,0,dell to sell security business rsa for nearly $2.1b,great diamond partners llc buys new shares in dell inc. (nyse:dell),dell (dell) scheduled to post earnings on thursday,,,,,,,,,,,,,,,,,,,,,
2020-02-21,0,dell technologies and orange deliver the power of 5g,,,,,,,,,,,,,,,,,,,,,,,
2020-02-24,0,"wwt, dell open center of excellence, target edge computing, iot",lingohr & partner asset management gmbh makes new investment in dell inc. (nyse:dell),charles schwab investment management inc. raises holdings in dell inc. (nyse:dell),,,,,,,,,,,,,,,,,,,,,
2020-02-25,0,what&quot;s in store for dell technologies&quot; (dell) q4 earnings?,dell technologies to provide industry&quot;s fastest hybrid cloud deployment,dell inc. (nyse:dell) shares purchased by cetera advisors llc,andra ap fonden has $4.87 million position in dell inc. (nyse:dell),dell (nyse:dell) trading down 6.6%,,,,,,,,,,,,,,,,,,,
2020-02-26,0,dell technologies q4 2020 earnings preview,martin dell named general manager for the four seasons hotel prague,dell co-leads $60m investment in silicon valley&quot;s newest tech unicorn,arp americas lp makes new investment in dell inc. (nyse:dell),accident compensation corp has $1.76 million holdings in dell inc. (nyse:dell),,,,,,,,,,,,,,,,,,,
2020-02-27,0,dell stock declines after in-line earnings,"dell -1.5% after in-line eps, $1b buyback",dell&quot;s data center business drags on fourth quarter revenue,dell&#39;s data center business drags on fourth-quarter revenue,dell&quot;s data center business drags on fourth-quarter revenue,dell technologies reports fiscal year 2020 fourth quarter and full year financial results,"notable thursday option activity: uri, apa, dell",dell (nyse:dell) sets new 52-week low after analyst downgrade,,,,,,,,,,,,,,,,
2020-02-28,0,dell technologies inc. 2020 q4 - results - earnings call presentation,dell technologies (dell) q4 earnings &amp; revenues rise q/q,morgan stanley lowers dell (nyse:dell) price target to $63.00,raymond james lowers dell (nyse:dell) price target to $55.00,dell (nyse:dell) sets new 52-week low on analyst downgrade,"dell technologies, inc. (dell) on q4 2020 results - earnings call transcript",marketwatch first take: dell counting on server rebound to make up for expected pc slowdown,,,,,,,,,,,,,,,,,
2020-03-02,1,dell technologies and vmware: what drove the big sell-off post earnings,,,,,,,,,,,,,,,,,,,,,,,
2020-03-03,0,"barclays reiterates ""hold"" rating for dell (nyse:dell)",,,,,,,,,,,,,,,,,,,,,,,
2020-03-04,1,,,,,,,,,,,,,,,,,,,,,,,,
2020-03-05,0,bnp paribas asset management holding s.a. decreases stock holdings in dell inc. (nyse:dell),dell technologies: why the market is not buying a sotp argument - a different route to 100% upside,dell technologies: why the market is not buying a sotp argument - a different route to 100% upside - behind the idea,,,,,,,,,,,,,,,,,,,,,
2020-03-06,1,"cutter & co brokerage inc. acquires shares of 10,184 dell inc. (nyse:dell)",,,,,,,,,,,,,,,,,,,,,,,
2020-03-09,0,"with sxsw canceled, what&quot;s the status of dell match play?",fmr llc decreases stake in dell inc. (nyse:dell),"insider selling: dell inc. (nyse:dell) coo sells 55,433 shares of stock",,,,,,,,,,,,,,,,,,,,,
2020-03-10,1,"dell inc. (nyse:dell) receives consensus rating of ""hold"" from brokerages",dell (nyse:dell)  shares down 8.5%  on insider selling,,,,,,,,,,,,,,,,,,,,,,
2020-03-11,0,is dell technologies inc. (dell) going to burn these hedge funds ?,"4,973 shares in dell inc. (nyse:dell) acquired by l2 asset management llc","dell inc. (nyse:dell) coo jeffrey w. clarke sells 57,073 shares of stock","atria investments llc has $656,000 stock holdings in dell inc. (nyse:dell)",,,,,,,,,,,,,,,,,,,,
2020-03-12,0,"dell technologies research: cyber attacks and disruptive events are on the rise, affecting 82% of organizations surveyed",,,,,,,,,,,,,,,,,,,,,,,
2020-03-13,1,dell inc. (nyse:dell) receives $58.20 consensus pt from brokerages,,,,,,,,,,,,,,,,,,,,,,,
2020-03-16,1,"pictet asset management ltd. acquires 28,965 shares of dell inc. (nyse:dell)","td asset management inc. makes new $701,000 investment in dell inc. (nyse:dell)",credit suisse ag increases stock position in dell inc. (nyse:dell),,,,,,,,,,,,,,,,,,,,,
2020-03-17,0,"meeder asset management inc. acquires 5,848 shares of dell inc. (nyse:dell)",dell inc. (nyse:dell) shares sold by british columbia investment management corp,"raymond james & associates sells 33,990 shares of dell inc. (nyse:dell)",,,,,,,,,,,,,,,,,,,,,
2020-03-18,0,"5,548 shares in dell inc. (nyse:dell) bought by boston private wealth llc",dell (nyse:dell) pt lowered to $40.00,dell (nyse:dell) trading down 2.7% following analyst downgrade,,,,,,,,,,,,,,,,,,,,,
2020-03-19,1,michael dell tells spring break video coronavirus skeptics not to apply to work his companies,dell (nyse:dell) trading down 2.7% following analyst downgrade,,,,,,,,,,,,,,,,,,,,,,
2020-03-20,0,"dell med infectious disease chief talks social distancing, promising covid-19 treatments",,,,,,,,,,,,,,,,,,,,,,,
2020-03-23,1,dell (nyse:dell) pt lowered to $35.00 at nomura,"insider buying: dell inc. (nyse:dell) ceo buys $4,357,982.47 in stock",,,,,,,,,,,,,,,,,,,,,,
2020-03-24,1,"raymond james financial services advisors inc. purchases 1,294 shares of dell inc. (nyse:dell)",dell (nyse:dell) raised to hold at valuengine,,,,,,,,,,,,,,,,,,,,,,
2020-03-25,0,dell (nyse:dell) trading up 14.5%,,,,,,,,,,,,,,,,,,,,,,,
2020-03-26,1,dell pulls fiscal 2021 guidance,dell withdraws fiscal 2021 financial guidance due to coronavirus,dell withdraws annual forecast on coronavirus uncertainty,kovitz investment group partners llc sells 651 shares of dell inc. (nyse:dell),dell inc. (nyse:dell) shares acquired by amundi pioneer asset management inc.,,,,,,,,,,,,,,,,,,,
2020-03-27,0,guggenheim capital llc has $3.73 million holdings in dell inc. (nyse:dell),,,,,,,,,,,,,,,,,,,,,,,
2020-03-30,1,"dell technologies (dell) scraps fiscal 2021 view, shares fall",,,,,,,,,,,,,,,,,,,,,,,
2020-03-31,1,man group plc raises stake in dell inc. (nyse:dell),dell (nyse:dell) earns daily media sentiment rating of -2.00,,,,,,,,,,,,,,,,,,,,,,
2020-04-01,0,"engrave wealth partners llc acquires shares of 1,078 dell inc. (nyse:dell)",,,,,,,,,,,,,,,,,,,,,,,
2020-04-02,1,valuengine lowers dell (nyse:dell) to sell,,,,,,,,,,,,,,,,,,,,,,,
2020-04-03,0,dell technologies inc. announces pricing of offering of $2.25 billion of first lien notes,dell technologies inc. announces offering of first lien notes,connor clark & lunn investment management ltd. makes new investment in dell inc. (nyse:dell),bi asset management fondsmaeglerselskab a s boosts holdings in dell inc. (nyse:dell),,,,,,,,,,,,,,,,,,,,
2020-04-06,1,dell inc. (nyse:dell) shares sold by baird financial group inc.,,,,,,,,,,,,,,,,,,,,,,,
2020-04-07,0,ladenburg thalmann financial services inc. raises holdings in dell inc. (nyse:dell),dell inc. (nyse:dell) shares bought by ladenburg thalmann financial services inc.,norges bank buys new position in dell inc. (nyse:dell),"norges bank acquires shares of 1,628,676 dell inc. (nyse:dell)",,,,,,,,,,,,,,,,,,,,
2020-04-08,1,dell inc. (nyse:dell) stock holdings lifted by macquarie group ltd.,dell (nyse:dell) given new $39.00 price target at raymond james,raymond james lowers dell (nyse:dell) price target to $39.00,,,,,,,,,,,,,,,,,,,,,
2020-04-09,0,,,,,,,,,,,,,,,,,,,,,,,,
2020-04-13,0,dell technologies larger than s&amp;p 500 component concho resources,"hp, dell among top pc sellers in q1",dell (nyse:dell) pt lowered to $50.00 at sanford c. bernstein,"monday&quot;s top analyst upgrades and downgrades: alibaba, apple, amex, brinker, caterpillar, chipotle, dell, halliburton, palo alto, starbucks, texas instruments, travelers and more",,,,,,,,,,,,,,,,,,,,
2020-04-14,1,dell (nyse:dell) given new $50.00 price target at sanford c. bernstein,dell (nyse:dell) rating lowered to neutral at goldman sachs group,,,,,,,,,,,,,,,,,,,,,,
2020-04-15,1,ifm investors pty ltd cuts holdings in dell inc. (nyse:dell),"& trust has $188,000 stake in dell inc. (nyse:dell)",goldman sachs group downgrades dell (nyse:dell) to neutral,,,,,,,,,,,,,,,,,,,,,
2020-04-16,1,,,,,,,,,,,,,,,,,,,,,,,,
2020-04-17,0,,,,,,,,,,,,,,,,,,,,,,,,
2020-04-20,1,p/e ratio insights for dell technologies,,,,,,,,,,,,,,,,,,,,,,,
2020-04-21,0,,,,,,,,,,,,,,,,,,,,,,,,
2020-04-22,1,central trust co sells 334 shares of dell inc. (nyse:dell),,,,,,,,,,,,,,,,,,,,,,,
2020-04-23,0,,,,,,,,,,,,,,,,,,,,,,,,
2020-04-24,1,,,,,,,,,,,,,,,,,,,,,,,,
2020-04-27,1,dell technologies services goes to bat in the fight against covid-19,dell inc. (nyse:dell) stock holdings lowered by ls investment advisors llc,,,,,,,,,,,,,,,,,,,,,,
2020-04-28,0,culbertson a n & co. inc. sells 871 shares of dell inc. (nyse:dell),,,,,,,,,,,,,,,,,,,,,,,
2020-04-29,1,arp americas lp grows position in dell inc. (nyse:dell),"dell inc. (nyse:dell) given consensus rating of ""hold"" by analysts",,,,,,,,,,,,,,,,,,,,,,
2020-04-30,0,melissa dell wins the john bates clark medal,dell technologies announces storage portfolio fireside chat hosted by goldman sachs,,,,,,,,,,,,,,,,,,,,,,
2020-05-01,0,"dell (nyse:dell) earning positive media coverage, infotrie reports",,,,,,,,,,,,,,,,,,,,,,,
2020-05-04,1,,,,,,,,,,,,,,,,,,,,,,,,
2020-05-05,0,,,,,,,,,,,,,,,,,,,,,,,,
2020-05-06,0,,,,,,,,,,,,,,,,,,,,,,,,
2020-05-07,1,,,,,,,,,,,,,,,,,,,,,,,,
2020-05-08,1,,,,,,,,,,,,,,,,,,,,,,,,
2020-05-11,1,robeco institutional asset management b.v. has $2.19 million stake in dell inc. (nyse:dell),,,,,,,,,,,,,,,,,,,,,,,
2020-05-12,0,"dell, nokia throw their support behind sonic ecosystem",dell technologies delivers the power of open source networking to help automate and simplify data centers,,,,,,,,,,,,,,,,,,,,,,
2020-05-13,0,"dell launches xps 15, xps 17 laptops",dell adds xps 17 to its skinny power-laptop lineup     - cnet,envestnet asset management inc. has $1.29 million stock holdings in dell inc. (nyse:dell),,,,,,,,,,,,,,,,,,,,,
2020-05-14,1,dell technologies to hold conference call may 28 to discuss first quarter fiscal 2021 financial results,"women of influence: nicole gibson, dell",,,,,,,,,,,,,,,,,,,,,,
2020-05-15,1,,,,,,,,,,,,,,,,,,,,,,,,
2020-05-18,1,"noteworthy monday option activity: gern, cvm, dell",dell&quot;s newly redesigned xps 15 laptop is a great alternative for windows users who want a mac-like experience - here&quot;s what to know before you buy,nissay asset management corp japan adv buys 698 shares of dell inc. (nyse:dell),arizona state retirement system makes new investment in dell inc. (nyse:dell),,,,,,,,,,,,,,,,,,,,
2020-05-19,1,dell technologies helps professionals stay productive anywhere with world&quot;s most intelligent and secure business pcs,victory capital management inc. decreases stock position in dell inc. (nyse:dell),"janney montgomery scott llc sells 2,240 shares of dell inc. (nyse:dell)",,,,,,,,,,,,,,,,,,,,,
2020-05-20,1,dell technologies cloud and google cloud launch hybrid storage solution,,,,,,,,,,,,,,,,,,,,,,,
2020-05-21,0,dell slashes employee benefits to preserve cash during pandemic,earnings preview: dell technologies (dell) q1 earnings expected to decline,dell (dell) set to announce quarterly earnings on thursday,,,,,,,,,,,,,,,,,,,,,
2020-05-22,0,dell medical school graduates first class - see where the new docs are headed for residency,dell suspends employee benefits to preserve cash,"new york state common retirement fund acquires 7,000 shares of dell inc. (nyse:dell)","zurcher kantonalbank zurich cantonalbank buys 3,432 shares of dell inc. (nyse:dell)",ae wealth management llc sells 504 shares of dell inc. (nyse:dell),dell inc. (nyse:dell) shares sold by fifth third bancorp,,,,,,,,,,,,,,,,,,
2020-05-26,0,empirical financial services llc d.b.a. empirical wealth management grows holdings in dell inc. (nyse:dell),"mackay shields llc sells 175,389 shares of dell inc. (nyse:dell)","oppenheimer asset management inc. purchases shares of 14,851 dell inc. (nyse:dell)",,,,,,,,,,,,,,,,,,,,,
2020-05-27,1,"noteworthy wednesday option activity: camp, pypl, dell",fjarde ap fonden fourth swedish national pension fund boosts holdings in dell inc. (nyse:dell),"richard j. rothberg sells 1,000 shares of dell inc. (nyse:dell) stock","first allied advisory services inc. sells 8,306 shares of dell inc. (nyse:dell)","dell inc. (nyse:dell) insider steven h. price sells 39,799 shares",dell (nyse:dell) pt lowered to $52.00,,,,,,,,,,,,,,,,,,
2020-05-28,1,"dell reports steady sales, profit on corporate pc demand",dell technologies (dell) q1 earnings and revenues top estimates,dell technologies hurdles first-quarter earnings target,dell beats revenue estimates as remote working lifts workstation demand,"dell says covid-19 helped sales in some sectors, stock jumps more than 7% after earnings",dell technologies inc. 2021 q1 - results - earnings call presentation,"dell q1 beats on strong orders in banking, government, health care","dell technologies eps beats by $0.40, beats on revenue",innovation and resiliency drive dell technologies&quot; first quarter fiscal 2021 financial results,dell technologies to present at the bank of america 2020 global technology conference,"richard j. rothberg sells 1,000 shares of dell inc. (nyse:dell) stock","dell inc. (nyse:dell) insider sells $1,790,955.00 in stock",,,,,,,,,,,,
2020-05-29,1,dell technologies has more room to run,story stocks: dell outshines key rival as company navigated bumpy supply chain more effectively (dell),why dell stock jumped today,hp and dell at least managed to top estimates,dell (nyse:dell) given new $50.00 price target at morgan stanley,dell crosses above key moving average level,stock alert: dell technologies gains 6%,dell earnings top estimates on strong demand,"top analyst upgrades and downgrades: alexion, ciena, dell, dollar general, dollar tree, marvell, ppl, republic services, tesla, vmware, zscaler and more",martingale asset management l p has $2.75 million stake in dell inc. (nyse:dell),dell (nyse:dell) upgraded at zacks investment research,zacks investment research upgrades dell (nyse:dell) to hold,dell suspends share repurchase program,dell technologies&quot; (dell) ceo management on q1 2021 results - earnings call transcript,,,,,,,,,,
2020-06-01,1,dell technologies inc. (dell): hedge funds taking some chips off the table,nomura instinet boosts dell (nyse:dell) price target to $55.00,dell (nyse:dell) given new $50.00 price target at morgan stanley,royal bank of canada boosts dell (nyse:dell) price target to $48.00,,,,,,,,,,,,,,,,,,,,
2020-06-02,0,,,,,,,,,,,,,,,,,,,,,,,,
2020-06-03,0,,,,,,,,,,,,,,,,,,,,,,,,
2020-06-04,1,,,,,,,,,,,,,,,,,,,,,,,,
2020-06-05,1,dell vs. now: which stock is the better value option?,july 2021 options now available for dell technologies (dell),"ensign peak advisors inc sells 99,368 shares of dell inc. (nyse:dell)","dell technologies&quot; shares march higher, can it continue?",dell (nyse:dell) receives media sentiment score of 0.58,,,,,,,,,,,,,,,,,,,
2020-06-08,1,dell technologies vet named vonage&quot;s new chief executive officer,dell: a surprise winner in the covid-19 era,"dell technologies: valuation remains attractive, but secular risks bear watching",dell (nyse:dell) lowered to strong sell at valuengine,,,,,,,,,,,,,,,,,,,,
2020-06-09,0,dell inc. (nyse:dell) position trimmed by primecap management co. ca,dell technologies announces investor call hosted by evercore isi,,,,,,,,,,,,,,,,,,,,,,
2020-06-10,0,"vident investment advisory llc sells 39,661 shares of dell inc. (nyse:dell)",zacks investment research downgrades dell (nyse:dell) to hold,,,,,,,,,,,,,,,,,,,,,,
2020-06-11,0,ryan sanders baseball to host collegiate games- and much more - at dell diamond this summer,"fdx advisors inc. acquires 3,361 shares of dell inc. (nyse:dell)",dell technologies announces investor call hosted by bernstein,,,,,,,,,,,,,,,,,,,,,
2020-06-12,0,dell inc. (nyse:dell) shares sold by jpmorgan chase & co.,,,,,,,,,,,,,,,,,,,,,,,
2020-06-15,1,,,,,,,,,,,,,,,,,,,,,,,,
2020-06-16,0,dell inc. (nyse:dell) position trimmed by mackenzie financial corp,dell technologies sets new standard for unlocking the potential of data with powerscale storage,"us bancorp de sells 1,672 shares of dell inc. (nyse:dell)",,,,,,,,,,,,,,,,,,,,,
2020-06-17,0,dell technologies announces investor call hosted by morgan stanley,dell inc. (nyse:dell) shares purchased by gamco investors inc. et al,aviva plc purchases 688 shares of dell inc. (nyse:dell),"m&t bank corp sells 1,145 shares of dell inc. (nyse:dell)",dell inc. (nyse:dell) shares bought by parametric portfolio associates llc,,,,,,,,,,,,,,,,,,,
2020-06-18,1,"dell inc. (nyse:dell) given average recommendation of ""hold"" by analysts",,,,,,,,,,,,,,,,,,,,,,,
2020-06-19,1,"noteworthy friday option activity: svmk, dell, azo","gabelli funds llc buys 9,000 shares of dell inc. (nyse:dell)",dell inc. (nyse:dell) shares sold by deutsche bank ag,victory capital management inc. lowers holdings in dell inc. (nyse:dell),,,,,,,,,,,,,,,,,,,,
2020-06-22,0,two sigma advisers lp decreases stock position in dell inc. (nyse:dell),dell technologies brings it infrastructure and cloud capabilities to edge environments,janus henderson group plc has $3.37 million stake in dell inc. (nyse:dell),principal financial group inc. increases holdings in dell inc. (nyse:dell),,,,,,,,,,,,,,,,,,,,
2020-06-23,1,dell plots $50 billion more of financial finessing,"dell, vmware stocks surge on report of plans for strategic shakeup",dell technologies inc. (dell) management presents at special call hosted by morgan stanley (transcript),,,,,,,,,,,,,,,,,,,,,
2020-06-24,0,dell technologies news: dell stock surges 8% on vmware spinoff talk,"the ratings game: dell, vmware stocks rally as resolution to ownership &quot;soap opera&quot; gets a new teaser trailer",vmware stock rises on report dell may spin off its stake,stock alert: dell technologies up 9% on exploring options for vmware stake,"thinking about trading options or stock in dell technologies, aurora cannabis, plug power, american airlines, or royal caribbean cruises?","dell, vmware spike in pre-market on report dell is mulling spinoff of $50b stake",dell stock price surges 15% on report of plans for strategic shakeup with vmware,dell technologies high performance computing customers drive breakthroughs for global impact,dell shares jump as report says company considering options for its 81% stake in vmware,,,,,,,,,,,,,,,
2020-06-25,0,bank of america reaffirms buy rating for dell (nyse:dell),dell target of unusually high options trading (nyse:dell),,,,,,,,,,,,,,,,,,,,,,
2020-06-26,1,"31,223 shares in dell inc. (nyse:dell) bought by maverick capital ltd.",dell (nyse:dell) pt raised to $70.00 at wells fargo & co,dell (nyse:dell) receives daily news sentiment score of 1.50,dell (nyse:dell) shares gap up  following analyst upgrade,,,,,,,,,,,,,,,,,,,,
2020-06-29,1,dell technologies to explore spin-off of its majority stake in vmware to its shareholders,we&quot;re not counting on dell technologies (nyse:dell) to sustain its statutory profitability,,,,,,,,,,,,,,,,,,,,,,
2020-06-30,1,schroder investment management group buys new stake in dell inc. (nyse:dell),dell (nyse:dell) pt raised to $60.00,dell (nyse:dell) price target raised to $60.00 at deutsche bank,,,,,,,,,,,,,,,,,,,,,
2020-07-01,0,tower research capital llc trc decreases holdings in dell inc. (nyse:dell),morgan stanley cuts position in dell inc. (nyse:dell),"wellington management group llp has $361,000 holdings in dell inc. (nyse:dell)",,,,,,,,,,,,,,,,,,,,,
2020-07-02,0,,,,,,,,,,,,,,,,,,,,,,,,
2020-07-06,0,december 2022 options now available for dell technologies,dell inc. (nyse:dell) shares sold by invesco ltd.,,,,,,,,,,,,,,,,,,,,,,
2020-07-07,0,,,,,,,,,,,,,,,,,,,,,,,,
2020-07-08,1,"dnb asset management as purchases 1,256,168 shares of dell inc. (nyse:dell)",advisor group holdings inc. makes new investment in dell inc. (nyse:dell),,,,,,,,,,,,,,,,,,,,,,
2020-07-09,0,"8,909 shares in dell inc. (nyse:dell) purchased by diversified trust co",livforsakringsbolaget skandia omsesidigt raises position in dell inc. (nyse:dell),daiwa capital markets initiates coverage on dell (nyse:dell),,,,,,,,,,,,,,,,,,,,,
2020-07-10,0,,,,,,,,,,,,,,,,,,,,,,,,
2020-07-13,0,"poolcorp, simon property group, hp, dell technologies and apple highlighted as zacks bull and bear of the day","dell inc. (nyse:dell) receives average rating of ""hold"" from analysts",,,,,,,,,,,,,,,,,,,,,,
2020-07-14,1,"dell technologies moves up in market cap rank, passing xylem","businesses want their data to start creating value now: amit luthra, gm, data centre solution - dell technologies",were hedge funds right about souring on dell technologies inc. (dell)?,whittier trust co. sells 215 shares of dell inc. (nyse:dell),state street corp has $146.76 million holdings in dell inc. (nyse:dell),,,,,,,,,,,,,,,,,,,
2020-07-15,0,"dell &quot;exploring&quot; vmware stake spinoff, dell stock rallies 8%",dell technologies explores vmware spin-off,,,,,,,,,,,,,,,,,,,,,,
2020-07-16,1,"american airlines, twitter fall; dell, virgin galactic rise","notable thursday option activity: fixx, dell, spwh",why dell stock soared today,dell analysts say potential vmware spinoff would unlock shareholder value,stock alert: dell technologies up 14% on spin off plan,"thinking about trading options or stock in dell technologies, six flags entertainment, morgan stanley, bank of america, or carnival corp?","dell (nyse:dell) lifted to ""overweight"" at morgan stanley",dell mulls sale of 81% stake in vmware pushing shares higher in pre-market,"dell considering spinning off vmware stake, shares surge",,,,,,,,,,,,,,,
2020-07-17,1,meag munich ergo kapitalanlagegesellschaft mbh cuts position in dell inc. (nyse:dell),"top analyst upgrades and downgrades: amd, cloudflare, dell, lending tree, netflix, tractor supply, twilio, under armour and more","global retirement partners llc has $116,000 stake in dell inc. (nyse:dell)",dell crosses above average analyst target,"ifm investors pty ltd sells 1,150 shares of dell inc. (nyse:dell)",stock traders buy large volume of dell put options (nyse:dell),,,,,,,,,,,,,,,,,,
2020-07-20,1,dell (nyse:dell) price target raised to $63.00,,,,,,,,,,,,,,,,,,,,,,,
2020-07-21,0,dell technologies to hold investor conference call july 29 to discuss its social impact strategy -- progress made real,redpoint investment management pty ltd lowers stock position in dell inc. (nyse:dell),"dell inc. (nyse:dell) insider steven h. price sells 205,099 shares",,,,,,,,,,,,,,,,,,,,,
2020-07-22,1,is dell technologies inc. (nyse:dell) trading at a 27% discount?,"insider selling: dell inc. (nyse:dell) insider sells 205,099 shares of stock",,,,,,,,,,,,,,,,,,,,,,
2020-07-23,0,register for a free virtual workshop providing tools for creating worker resiliency from the leaders behind dell&quot;s successful people and culture efforts,robeco institutional asset management b.v. has $19.69 million stock position in dell inc. (nyse:dell),,,,,,,,,,,,,,,,,,,,,,
2020-07-24,1,capital investment advisors llc purchases new position in dell inc. (nyse:dell),"richard j. rothberg sells 63,653 shares of dell inc. (nyse:dell) stock","dell inc. (nyse:dell) general counsel sells $3,887,288.71 in stock",,,,,,,,,,,,,,,,,,,,,
2020-07-27,1,dell (nyse:dell) pt raised to $65.00,,,,,,,,,,,,,,,,,,,,,,,
2020-07-28,0,,,,,,,,,,,,,,,,,,,,,,,,
2020-07-29,1,dell vs. now: which stock should value investors buy now?,has dell technologies (dell) outpaced other computer and technology stocks this year?,dell technologies esg business update - slideshow,,,,,,,,,,,,,,,,,,,,,
2020-07-30,1,strs ohio decreases stock position in dell inc. (nyse:dell),strs ohio lowers stock position in dell inc. (nyse:dell),first trust advisors lp increases position in dell inc. (nyse:dell),,,,,,,,,,,,,,,,,,,,,
2020-07-31,1,"4,389 shares in dell inc. (nyse:dell) purchased by world asset management inc",nn investment partners holdings n.v. makes new $1.52 million investment in dell inc. (nyse:dell),"dupont capital management corp has $889,000 stock position in dell inc. (nyse:dell)",zacks investment research upgrades dell (nyse:dell) to buy,,,,,,,,,,,,,,,,,,,,
2020-08-03,1,,,,,,,,,,,,,,,,,,,,,,,,
2020-08-04,0,,,,,,,,,,,,,,,,,,,,,,,,
2020-08-05,0,,,,,,,,,,,,,,,,,,,,,,,,
2020-08-06,1,,,,,,,,,,,,,,,,,,,,,,,,
2020-08-07,1,,,,,,,,,,,,,,,,,,,,,,,,
2020-08-10,1,,,,,,,,,,,,,,,,,,,,,,,,
2020-08-11,0,,,,,,,,,,,,,,,,,,,,,,,,
2020-08-12,0,,,,,,,,,,,,,,,,,,,,,,,,
2020-08-13,0,,,,,,,,,,,,,,,,,,,,,,,,
2020-08-14,1,,,,,,,,,,,,,,,,,,,,,,,,
2020-08-17,0,dell technologies appoints cisco vet rola dagher to lead global channel,,,,,,,,,,,,,,,,,,,,,,,
2020-08-18,1,,,,,,,,,,,,,,,,,,,,,,,,
2020-08-19,0,"new dell channel chief: why analysts, partners like the choice",,,,,,,,,,,,,,,,,,,,,,,
2020-08-20,0,,,,,,,,,,,,,,,,,,,,,,,,
2020-08-21,1,why dell stock can gain 42%: portfolio manager,dell earnings preview: an eye on guidance - learnbonds.com,,,,,,,,,,,,,,,,,,,,,,
2020-08-24,0,,,,,,,,,,,,,,,,,,,,,,,,
2020-08-25,0,,,,,,,,,,,,,,,,,,,,,,,,
2020-08-26,1,"notable wednesday option activity: crbp, coup, dell",preview: dell technologies&#39;s earnings,preview: dell technologies&quot;s earnings,,,,,,,,,,,,,,,,,,,,,
2020-08-27,0,dell technologies inc. (dell) ceo management on q2 2021 results - earnings call transcript,dell technologies prints an 18% annualised growth in q2 consumer sales,dell technologies (dell) beats q2 earnings and revenue estimates,"dell, hp results top wall street estimates on pandemic pc demand",dell technologies: q2 earnings insights,"surging laptop demand helps hp, dell amid office-spending slump","stocks making the biggest moves after hours: ulta beauty, dell technologies, workday & more","dell technologies sees q2 pc demand surge amid remote work, education move",dell quarterly revenue edges past estimates on remote work boost,future-of-work solutions power dell technologies&quot; second quarter fiscal 2021 financial results,"thinking about trading options or stock in amazon, moderna inc, facebook, netflix, or dell technologies?","pnc financial services group inc. sells 1,367 shares of dell inc. (nyse:dell)",dell (nyse:dell) lowered to sell at zacks investment research,,,,,,,,,,,
2020-08-28,1,dell technologies inc. 2021 q2 - results - earnings call presentation,"remote workers, learners power dell sales","dell, hp earnings drive computer hardware stocks higher",price over earnings overview: dell technologies,dell coo: 60% of employees will wfh or go to a hybrid model,"dell shares jump on q2 earnings, hp exceeds earnings estimates by $1b",dell analysts react to q2 earnings beat: &quot;ride the wave of remote work&quot;,stock alert: dell technologies rises 5% on upbeat earnings,dell: 60% of our people won&quot;t be going back into an office regularly after covid-19,"earnings: big lots, dell beat wall street expectations",dell technologies (dell) q2 earnings &amp; revenues top estimates,how dell managed to pull off a win in q2 despite huge hurdles,dell and vmware (again) mull spin-off but nothing imminent,dell and hp boosted by work-at-home office demand,"top analyst upgrades and downgrades: bill.com, dell, dollar general, draftkings, gap, hp, marvell, okta, ulta, workday and more",what does dell&quot;s debt look like?,"dell gets post-earnings upgrade, analysts focus on vmware",dell (nyse:dell) stock rating lowered by zacks investment research,dell technologies inc. (dell) ceo management on q2 2021 results - earnings call transcript,,,,,
2020-08-31,1,"nwsl news: dell loy hansen reveals nwsl&quot;s strength, goals",dell (dell) in focus: stock moves 6.1% higher,us bancorp de boosts stock position in dell inc. (nyse:dell),us bancorp de increases stake in dell inc. (nyse:dell),,,,,,,,,,,,,,,,,,,,
2020-09-01,0,california public employees retirement system sells 284 shares of dell inc. (nyse:dell),macquarie group ltd. has $5.99 million stock position in dell inc. (nyse:dell),british columbia investment management corp raises stock holdings in dell inc. (nyse:dell),dell latitude 9510: hands-on with the work laptop ready for right now     - cnet,"amalgamated bank has $384,000 holdings in dell inc. (nyse:dell)",dell inc. (nyse:dell) shares sold by amalgamated bank,morgan stanley decreases stake in dell inc. (nyse:dell),dell inc. (nyse:dell) shares sold by morgan stanley,"dell inc. (nyse:dell) receives consensus recommendation of ""hold"" from brokerages",hedge funds are buying dell technologies inc. (dell),,,,,,,,,,,,,,
2020-09-02,1,dell looks undervalued in a lackluster hardware space,,,,,,,,,,,,,,,,,,,,,,,
2020-09-03,0,,,,,,,,,,,,,,,,,,,,,,,,
2020-09-04,0,"insider selling: dell inc. (nyse:dell) coo sells 73,275 shares of stock",,,,,,,,,,,,,,,,,,,,,,,
2020-09-08,1,dell technologies inc. (dell) management presents at citi's 2020 global technology virtual conference (transcript),dell technologies inc. (dell) management presents at citi&quot;s 2020 global technology virtual conference (transcript),dell technologies to present at the deutsche bank 2020 technology conference,"grab leftover labor day deals on switch games, dell monitors, and more","best rugged tablets in 2020: samsung, panasonic, getac, dell, and lenovo",dell inc. (nyse:dell) shares sold by principal financial group inc.,,,,,,,,,,,,,,,,,,
2020-09-09,1,"dell, hpe tie for top worldwide server vendor in q2 - idc",why dell technologies rose 10.4% in august,dell inc. (nyse:dell) shares acquired by bank of new york mellon corp,,,,,,,,,,,,,,,,,,,,,
2020-09-10,0,"nordea investment management ab has $710,000 stock holdings in dell inc. (nyse:dell)",ensign peak advisors inc sells 218 shares of dell inc. (nyse:dell),,,,,,,,,,,,,,,,,,,,,,
2020-09-11,1,,,,,,,,,,,,,,,,,,,,,,,,
2020-09-14,0,dell technologies inc. (dell) management presents at deutsche bank 2020 technology conference (transcript),dell to trim workforce this week in move to stay competitive,,,,,,,,,,,,,,,,,,,,,,
2020-09-15,0,dell to cut unknown number of jobs as part of streamlining,dell coo clarke notifies employees about layoffs that start this week,td asset management inc. grows position in dell inc. (nyse:dell),,,,,,,,,,,,,,,,,,,,,
2020-09-16,0,sei investments co. has $11.35 million stock position in dell inc. (nyse:dell),south africa: have your say on grey dell being declared a natural forest,"prudential financial inc. has $508,000 holdings in dell inc. (nyse:dell)",,,,,,,,,,,,,,,,,,,,,
2020-09-17,1,dell cuts jobs again... which in dell-speak is &quot;addressing cost structure to make sure we&quot;re competitive&quot;,,,,,,,,,,,,,,,,,,,,,,,
2020-09-18,0,captrust financial advisors boosts holdings in dell inc. (nyse:dell),,,,,,,,,,,,,,,,,,,,,,,
2020-09-21,1,"via optronics, dell display solutions provider, updates ipo to $15-17/ads",handelsbanken fonder ab invests $2.77 million in dell inc. (nyse:dell),,,,,,,,,,,,,,,,,,,,,,
2020-09-22,1,"advisor group holdings inc. sells 2,888 shares of dell inc. (nyse:dell)",fmr llc has $9.83 million stock position in dell inc. (nyse:dell),,,,,,,,,,,,,,,,,,,,,,
2020-09-23,0,why hp and dell both can outperform apple stock heading into 2021,,,,,,,,,,,,,,,,,,,,,,,
2020-09-24,1,two sigma advisers lp decreases stock holdings in dell inc. (nyse:dell),two sigma advisers lp decreases position in dell inc. (nyse:dell),dell (nyse:dell) upgraded to buy by ubs group,,,,,,,,,,,,,,,,,,,,,
2020-09-25,1,stephens inc. ar makes new investment in dell inc. (nyse:dell),dell (nyse:dell) stock rating upgraded by ubs group,,,,,,,,,,,,,,,,,,,,,,
2020-09-28,1,"rackspace, dell partner on cloud computing",rackspace lands new partnership with dell,dell&quot;s new xps 13 laptops get intel&quot;s latest tiger lake processors     - cnet,dell launches new xps 13 laptops with intel&quot;s tiger lake,dell announces new xps 13 and xps 13 2-in-1 with tiger lake processors,"tiger lake is coming in dell xps 13, xps 13 de, and xps 13 2-in-1",dell upgrades xps 13 laptops with intel&quot;s new tiger lake processors,,,,,,,,,,,,,,,,,
2020-09-29,1,vmware ceo says markets will view dell spinoff favorably,vmware ceo pat gelsinger says a dell spinoff could give him freedom to work with more manufacturers,"dell builds tighter vmware integrations for cloud, app modernization","dell technologies innovations advance management, automation and protection of vmware environments",dell inc. (nyse:dell) receives $60.69 consensus pt from analysts,,,,,,,,,,,,,,,,,,,
2020-09-30,0,,,,,,,,,,,,,,,,,,,,,,,,
2020-10-01,0,dell technologies announces investor call on dell financial services,we&quot;re not counting on dell technologies (nyse:dell) to sustain its statutory profitability,,,,,,,,,,,,,,,,,,,,,,
2020-10-02,1,selling vmware would be big for dell stock,,,,,,,,,,,,,,,,,,,,,,,
2020-10-05,1,,,,,,,,,,,,,,,,,,,,,,,,
2020-10-06,0,"dell technologies (dell) has risen 35% in last one year, outperforms market","dell updates its ultrasharp monitor lineup: usb-c, mini-led backlighting, and more","dell&quot;s first pro 2,000-zone mini-led monitor joins fall monitor lineup     - cnet",,,,,,,,,,,,,,,,,,,,,
2020-10-07,0,"sdn market leaders include cisco, dell, hpe, ibm",,,,,,,,,,,,,,,,,,,,,,,
2020-10-08,1,,,,,,,,,,,,,,,,,,,,,,,,
2020-10-09,0,"early prime day laptop deals: save on these asus, dell and samsung models now     - cnet","thomas w. sweet sells 100,000 shares of dell inc. (nyse:dell) stock",dell inc. (nyse:dell) shares bought by creative financial designs inc. adv,,,,,,,,,,,,,,,,,,,,,
2020-10-12,1,dell (nyse:dell) hits new 12-month high at $69.49,dell stock looks like a bargain compared to apple,"3,248 shares in dell inc. (nyse:dell) bought by first hawaiian bank","dell inc. (nyse:dell) insider sells $8,474,827.26 in stock",,,,,,,,,,,,,,,,,,,,
2020-10-13,1,"oh! what a lovely lockdown: lenovo enjoys soaraway sales for q3 2020 as pc shipments jump - dell, not so much",redpoint investment management pty ltd cuts stake in dell inc. (nyse:dell),dell&quot;s digital transformation index shows turbulence ahead,global pandemic accelerates digital transformation according to latest study from dell technologies,,,,,,,,,,,,,,,,,,,,
2020-10-14,0,"minot wealth management llc makes new $223,000 investment in dell inc. (nyse:dell)",dell (nyse:dell) given new $82.00 price target at morgan stanley,,,,,,,,,,,,,,,,,,,,,,
2020-10-15,1,"dell&quot;s black friday sneak peek sale: save $300 on an alienware m15 laptop, $400 on xps desktop     - cnet","dell reveals black friday, cyber monday deals weeks ahead of schedule",dell technologies brings added convenience and flexibility to the holiday shopping season,dell teams up with cit for artificial intelligence platform,morgan stanley boosts dell (nyse:dell) price target to $82.00,,,,,,,,,,,,,,,,,,,
2020-10-16,0,dell missed out on the pc sales boom -- again,,,,,,,,,,,,,,,,,,,,,,,
2020-10-19,0,dell inc. (nyse:dell) shares sold by highland capital management llc,"dell inc. (nyse:dell) general counsel sells $4,505,359.34 in stock",,,,,,,,,,,,,,,,,,,,,,
2020-10-20,0,ifm investors pty ltd increases position in dell inc. (nyse:dell),,,,,,,,,,,,,,,,,,,,,,,
2020-10-21,1,"dell technologies embraces ""as-a-service"" models with project apex",dell looks to hybrid cloud for next chapter amid vmware talks,ten ways dell technologies&quot; innovation engine is modernizing it,dell technologies project apex accelerates as-a-service strategy,"dell inc. (nyse:dell) given consensus rating of ""hold"" by brokerages",dell technologies&quot; cloud console control layer to manage the future of hybrid cloud,"dell technologies launches cloud console, eyes everything-as-a-service via project apex",,,,,,,,,,,,,,,,,
2020-10-22,0,dell&quot;s g5 15 gaming laptop is 27 percent off right now,dell inc. (nyse:dell) holdings increased by asset dedication llc,asset dedication llc grows stock holdings in dell inc. (nyse:dell),pinning down dell technologies inc.&quot;s (nyse:dell) p/e is difficult right now,dell inc. (nyse:dell) stock holdings trimmed by candriam luxembourg s.c.a.,dell: the growth is coming,,,,,,,,,,,,,,,,,,
2020-10-23,0,dell latitude 9510 2-in-1 review: this battery means business,,,,,,,,,,,,,,,,,,,,,,,
2020-10-26,0,was the smart money right about embracing dell technologies inc. (dell)?,envestnet asset management inc. reduces position in dell inc. (nyse:dell),,,,,,,,,,,,,,,,,,,,,,
2020-10-27,0,,,,,,,,,,,,,,,,,,,,,,,,
2020-10-28,0,"hedge fund and insider trading news: ray dalio, anthony scaramucci, steve cohen, david einhorn, stanley druckenmiller, shake shack inc (shak), dell technologies inc (dell), and more",dell inc. (nyse:dell) shares sold by mai capital management,dell (nyse:dell) stock price down 5%,"insider selling: dell inc. (nyse:dell) coo sells 100,000 shares of stock",financial contrast: dell (nyse:dell) vs. sector 5 (nyse:sfiv),,,,,,,,,,,,,,,,,,,
2020-10-29,1,"dell inc. (nyse:dell) cfo thomas w. sweet sells 33,519 shares","standard life aberdeen plc purchases 2,461 shares of dell inc. (nyse:dell)","jeffrey w. clarke sells 33,418 shares of dell inc. (nyse:dell) stock",,,,,,,,,,,,,,,,,,,,,
2020-10-30,0,dell inc. (nyse:dell) shares sold by alberta investment management corp,"jeffrey w. clarke sells 100,000 shares of dell inc. (nyse:dell) stock",,,,,,,,,,,,,,,,,,,,,,
2020-11-02,0,woolworths selects dell technologies cloud to deploy hybrid cloud strategy,,,,,,,,,,,,,,,,,,,,,,,
2020-11-03,1,,,,,,,,,,,,,,,,,,,,,,,,
2020-11-04,0,,,,,,,,,,,,,,,,,,,,,,,,
2020-11-05,1,,,,,,,,,,,,,,,,,,,,,,,,
2020-11-06,0,,,,,,,,,,,,,,,,,,,,,,,,
2020-11-09,0,,,,,,,,,,,,,,,,,,,,,,,,
2020-11-10,1,,,,,,,,,,,,,,,,,,,,,,,,
2020-11-11,0,,,,,,,,,,,,,,,,,,,,,,,,
2020-11-12,0,,,,,,,,,,,,,,,,,,,,,,,,
2020-11-13,1,,,,,,,,,,,,,,,,,,,,,,,,
2020-11-16,1,top dealmaker leaves goldman sachs to run michael dell's investment firm,breaking down dell technologies stock ahead of earnings,,,,,,,,,,,,,,,,,,,,,,
2020-11-17,1,dell alann appointed as l.a. deputy bureau chief of cbs news,,,,,,,,,,,,,,,,,,,,,,,
2020-11-18,0,,,,,,,,,,,,,,,,,,,,,,,,
2020-11-19,1,,,,,,,,,,,,,,,,,,,,,,,,
2020-11-20,0,,,,,,,,,,,,,,,,,,,,,,,,
2020-11-23,1,,,,,,,,,,,,,,,,,,,,,,,,
2020-11-24,1,dell technologies' (dell) management on q3 2021 results - earnings call transcript,"marketwatch first take: hp, dell results buoyed again by work-from-home trend, but are they sustainable?","pc sales help hp, dell offset weak office spending",dell technologies (dell) q3 earnings and revenues top estimates,dell technologies: q3 earnings insights,"stocks making the biggest moves after hours: gap, nordstrom, dell technologies & more","dell technologies&quot; q3 shines as remote work, learning stokes pc demand","dell technologies eps beats by $0.61, beats on revenue",remote work and learn solutions drive dell technologies&quot; third quarter fiscal 2021 financial results,"hp, dell earnings on deck: pandemic tailwinds will continue, chromebook mix threatens margins",options traders bet on a new 52-week high for dell after it reports earnings,a look into dell&quot;s debt,a look into dell technologies price over earnings,bonawyn eison sees unusual options activity in dell technologies,,,,,,,,,,
2020-11-25,0,hp and dell earnings: sales increase for hp and dell due to coronavirus and stay-at-home work,"hp, dell get boost from work-from-home, school-at-home trends","bull notes pour in for dell following earnings, revenue beat",dell technologies' net income climbs to Â£660 million in fiscal q3,"dell black friday deals: xps 15, g5 gaming laptop, and more","costco black friday deals: hp chromebook, dell xps 13, more","black friday laptop deals: save $500 on hp envy, $430 on microsoft surface pro, $400 on dell xps and more     - cnet",dell technologies inc. 2020 q3 - results - earnings call presentation,"dell beats q3 earnings, revenues up on solid consumer demand",dell reports green shoots in enterprise infrastructure biz after seven consecutive quarters of shrinkage,pandemic boosts sales for dell and hp as revenues exceed estimates,dell price targets raised after q3 beats but shares drop on soft q4 sales outlook,"top analyst upgrades and downgrades: analog devices, apple, best buy, dell, dollar tree, fastly, ge, gm, hp, medtronic, zscaler and more","earnings results: dell, vmware shares slip after earnings beats",dell technologies to present at investor conferences the week of november 30th,"gap, deere, hp, dell: what to watch when the market opens today","google chromebook demand booms for dell, hp, lenovo","dell technologies inc. (nyse:dell) coo jeffrey w. clarke sells 53,130 shares","jeffrey w. clarke sells 200,000 shares of dell technologies inc. (nyse:dell) stock",dell technologies&quot; net income climbs to 660 million in fiscal q3,dell reports surprise revenue growth in q3; target price $82,dell technologies&quot; (dell) management on q3 2021 results - earnings call transcript,dell sees sales above estimates on booming demand for remote-work tools,"marketwatch first take: hp, dell results buoyed again by work-from-home trend, but are they sustainable?"
2020-11-27,1,dell technologies (dell) upgraded to buy: here's why,"dell is offering black friday deals of up to 36% off computers and monitors, including high-end xps and alienware systems",dell technologies (dell) upgraded to buy: here&quot;s why,is dell technologies (dell) stock outpacing its computer and technology peers this year?,"costco black friday deals: hp chromebook, dell xps 13, more","the best black friday 2020 deals on laptops from apple, dell, hp, and more","dell black friday deals: xps 15, g5 gaming laptop, and more","victory capital management inc. acquires 6,864 shares of dell technologies inc. (nyse:dell)",dell technologies (nyse:dell) downgraded to strong sell at valuengine,"best black friday laptop deals: save $400 on dell xps 13, $430 on microsoft surface pro 7, macbook air discounts and more     - cnet",citigroup inc. 3% minimum coupon principal protected based upon russell increases dell technologies (nyse:dell) price target to $82.00,dell technologies (nyse:dell) pt raised to $80.00,dell technologies (nyse:dell) pt raised to $95.00 at morgan stanley,dell technologies (nyse:dell) pt raised to $85.00,dell technologies (nyse:dell) pt raised to $84.00 at ubs group,,,,,,,,,
2020-11-30,0,dell ceo: the year ahead will be another very strong one,"cyber monday laptop deals: hp, dell, macbook, lenovo and more","best cyber monday laptop deals: discounts on hp pavilion, dell xps, microsoft surface and lenovo thinkpad laptops and more     - cnet",,,,,,,,,,,,,,,,,,,,,
2020-12-01,1,dell technologies' (dell) management presents at 2020 wells fargo tmt summit conference (transcript),dell technologies&quot; (dell) management presents at 2020 wells fargo tmt summit conference (transcript),dell vs. mdla: which stock is the better value option?,lpl financial llc cuts stock position in dell technologies inc. (nyse:dell),,,,,,,,,,,,,,,,,,,,
2020-12-02,0,dell technologies (dell) is up 2.17% in one week: what you should know,"dell most trusted brand for 2nd straight year, iphone at 4th slot: report",dell technologies to present at investor conferences the week of december 7th,,,,,,,,,,,,,,,,,,,,,
2020-12-03,1,dell technologies inc. (dell) management presents at credit suisse 24th annual technology virtual conference - earnings call transcript,dell announces new solutions for its supply chain&quot;s security,dell announces new protections for its pc and server supply chain,"best buy thursday flash sale laptop deals: save $120 on acer nitro gaming laptop, $300 on dell inspiron, $350 on hp spectre and more     - cnet",,,,,,,,,,,,,,,,,,,,
2020-12-04,1,dell and vmware report impressive quarterly results: material upside remains,dell technologies inc. (nyse:dell) shares sold by us bancorp de,,,,,,,,,,,,,,,,,,,,,,
2020-12-07,0,dell technologies inc. (dell) management presents at ubs global tmt virtual conference (transcript),"wetherby asset management inc. has $403,000 holdings in dell technologies inc. (nyse:dell)",,,,,,,,,,,,,,,,,,,,,,
2020-12-08,1,dell technologies inc. (dell) management presents at raymond james technology investors conference (transcript),dell precision 5750 review: a mobile workstation combining heavyweight performance with slimline design,dell&quot;s g3 gaming laptop is a bargain at $700,"dude, taking share from dell: new &quot;netapp&quot; makes the cloud better",,,,,,,,,,,,,,,,,,,,
2020-12-09,0,"dell technologies inc. (dell) management presents at barclays global technology, media and telecommunications conference (transcript)","best holiday laptop deals: dell xps, lg gram, lenovo thinkpads and yogas all on sale     - cnet",abu dhabi department of energy inks collaboration deal with dell,how dell is redesigning its products for circularity,dell technologies inc. (dell) management presents at raymond james technology investors conference (transcript),,,,,,,,,,,,,,,,,,,
2020-12-10,1,"this dell ultrawide monitor has excellent image quality and a built-in usb-c hub, making it great for the home office despite its high price","google, intel, dell, collaboration giants like zoom, slack form modern computing alliance","google, dell, and intel form new computing group for transforming cloud and it tools","dell technologies inc. (nyse:dell) given consensus recommendation of ""hold"" by analysts",dell forms digi-data alliance,"dell technologies inc. (dell) management presents at barclays global technology, media and telecommunications conference (transcript)",,,,,,,,,,,,,,,,,,
2020-12-11,0,"google, intel, dell, vmware, others form alliance to ensure better computing",dell technologies (nyse:dell) reaches new 52-week high at $72.90,,,,,,,,,,,,,,,,,,,,,,
2020-12-14,1,"bidaskclub upgrades dell technologies (nyse:dell) to ""buy""",,,,,,,,,,,,,,,,,,,,,,,
2020-12-15,1,this is the year of acceleration: dell technologies's midha,independence contract drilling ground down by michael dell's msd capital,are investors undervaluing dell technologies (dell) right now?,is dell technologies (dell) stock outpacing its computer and technology peers this year?,dell&quot;s new xps 13 holds its 8-year-long streak as the best windows laptop you can buy,dell medical school receives austin&quot;s first covid-19 vaccines,,,,,,,,,,,,,,,,,,
2020-12-16,0,this is the year of acceleration: dell technologies' midha,,,,,,,,,,,,,,,,,,,,,,,
2020-12-17,1,dell vs. epam: which stock is the better value option?,dell technologies inc. (nyse:dell) stock position increased by sei investments co.,,,,,,,,,,,,,,,,,,,,,,
2020-12-18,0,"dell technologies inc. (nyse:dell) cfo thomas w. sweet sells 100,000 shares",,,,,,,,,,,,,,,,,,,,,,,
2020-12-21,1,citi names dell stock a top pick as pc demand surges,dell wyse thin client scores two perfect 10 security flaws,citi names dell stock a top pick. a vmware spinoff would be an &quot;added bonus.&quot;,feature: citi names dell stock a top pick. a vmware spinoff would be an &quot;added bonus.&quot;,moro hub and dell technologies collaborate to deliver enterprise cloud from the region&quot;s first green data centre,"goldman sachs: apple gained share last quarter, dell lost",,,,,,,,,,,,,,,,,,
2020-12-22,0,"google, microsoft, dell join facebook in legal fight against israeli surveillance firm nso","microsoft, google, cisco, dell join legal battle against hacking company nso",,,,,,,,,,,,,,,,,,,,,,
2020-12-23,1,do options traders know something about dell technologies (dell) stock we don&quot;t?,,,,,,,,,,,,,,,,,,,,,,,
2020-12-24,0,,,,,,,,,,,,,,,,,,,,,,,,
2020-12-28,0,,,,,,,,,,,,,,,,,,,,,,,,
2020-12-29,0,,,,,,,,,,,,,,,,,,,,,,,,
2020-12-30,1,,,,,,,,,,,,,,,,,,,,,,,,
2020-12-31,1,is dell technologies (dell) stock undervalued right now?,is dell technologies (dell) stock outpacing its computer and technology peers this year?,"best college laptop for 2021: apple, microsoft, dell and more     - cnet","dell technologies inc. (nyse:dell) general counsel richard j. rothberg sells 136,291 shares",,,,,,,,,,,,,,,,,,,,
2021-01-04,0,michael dell's msd capital further constricts independence contract drilling holding,,,,,,,,,,,,,,,,,,,,,,,
2021-01-05,1,dell monitors embrace video calls with pop-up webcams and teams buttons built in,dell vs. wix: which stock should value investors buy now?,,,,,,,,,,,,,,,,,,,,,,
2021-01-06,1,dell technologies to present at the j.p. morgan 19th annual tech/auto forum,,,,,,,,,,,,,,,,,,,,,,,
2021-01-07,1,,,,,,,,,,,,,,,,,,,,,,,,
2021-01-08,1,,,,,,,,,,,,,,,,,,,,,,,,
2021-01-11,0,,,,,,,,,,,,,,,,,,,,,,,,
2021-01-12,1,dell technologies inc. (dell) presents at jp morgan 19th annual tech/auto forum conference (transcript),,,,,,,,,,,,,,,,,,,,,,,
2021-01-13,0,,,,,,,,,,,,,,,,,,,,,,,,
2021-01-14,1,,,,,,,,,,,,,,,,,,,,,,,,
2021-01-15,1,"buy the dip in dell shares ahead of vmware spinout, analyst says",,,,,,,,,,,,,,,,,,,,,,,
2021-01-19,1,,,,,,,,,,,,,,,,,,,,,,,,
2021-01-20,1,,,,,,,,,,,,,,,,,,,,,,,,
2021-01-21,0,dell or wix: which is the better value stock right now?,has dell technologies (dell) outpaced other computer and technology stocks this year?,,,,,,,,,,,,,,,,,,,,,,
2021-01-22,1,,,,,,,,,,,,,,,,,,,,,,,,
2021-01-25,0,,,,,,,,,,,,,,,,,,,,,,,,
2021-01-26,1,,,,,,,,,,,,,,,,,,,,,,,,
2021-01-27,0,,,,,,,,,,,,,,,,,,,,,,,,
2021-01-28,1,,,,,,,,,,,,,,,,,,,,,,,,
2021-01-29,0,,,,,,,,,,,,,,,,,,,,,,,,
2021-02-01,1,,,,,,,,,,,,,,,,,,,,,,,,
2021-02-02,1,dell (dell) attempts breakout after analyst upgrade,,,,,,,,,,,,,,,,,,,,,,,
2021-02-03,1,,,,,,,,,,,,,,,,,,,,,,,,
2021-02-04,1,boeing to eliminate 600 jobs as it outsources it work to dell,,,,,,,,,,,,,,,,,,,,,,,
2021-02-05,1,,,,,,,,,,,,,,,,,,,,,,,,
2021-02-08,0,,,,,,,,,,,,,,,,,,,,,,,,
2021-02-09,1,,,,,,,,,,,,,,,,,,,,,,,,
2021-02-10,0,,,,,,,,,,,,,,,,,,,,,,,,
2021-02-11,0,,,,,,,,,,,,,,,,,,,,,,,,
2021-02-12,1,"cryptocurrency iota up 137% this week, trades at two-year high following dell partnership news",,,,,,,,,,,,,,,,,,,,,,,
2021-02-16,0,,,,,,,,,,,,,,,,,,,,,,,,
2021-02-17,1,,,,,,,,,,,,,,,,,,,,,,,,
2021-02-18,1,,,,,,,,,,,,,,,,,,,,,,,,
2021-02-19,1,,,,,,,,,,,,,,,,,,,,,,,,
2021-02-22,1,,,,,,,,,,,,,,,,,,,,,,,,
2021-02-23,1,what's in store for dell technologies (dell) in q4 earnings?,,,,,,,,,,,,,,,,,,,,,,,
2021-02-24,1,,,,,,,,,,,,,,,,,,,,,,,,
2021-02-25,0,dell technologies inc. (dell) management on q4 2021 results - earnings call transcript,"dell technologies' q4 profit, sales rise","dell beats revenue estimates on buoyant demand for desktops, notebooks","dell posts better-than-expected results, driven by strong pc demand",,,,,,,,,,,,,,,,,,,,
2021-02-26,1,dell: strong performance in a challenging environment for hardware,dell technologies' revenue climbs by 9% in the fiscal fourth quarter,,,,,,,,,,,,,,,,,,,,,,
2021-03-01,1,,,,,,,,,,,,,,,,,,,,,,,,
2021-03-02,0,,,,,,,,,,,,,,,,,,,,,,,,
2021-03-03,1,,,,,,,,,,,,,,,,,,,,,,,,
2021-03-04,0,,,,,,,,,,,,,,,,,,,,,,,,
2021-03-05,1,,,,,,,,,,,,,,,,,,,,,,,,
2021-03-08,0,,,,,,,,,,,,,,,,,,,,,,,,
2021-03-09,1,dell hybrid client delivers increased flexibility to employees and it,,,,,,,,,,,,,,,,,,,,,,,
2021-03-10,1,apple vs. dell technologies stock: hope you made money,,,,,,,,,,,,,,,,,,,,,,,
2021-03-11,1,,,,,,,,,,,,,,,,,,,,,,,,
2021-03-12,1,,,,,,,,,,,,,,,,,,,,,,,,
2021-03-15,1,,,,,,,,,,,,,,,,,,,,,,,,
2021-03-16,0,,,,,,,,,,,,,,,,,,,,,,,,
2021-03-17,1,dell technologies powers ai and edge computing with next generation poweredge servers,,,,,,,,,,,,,,,,,,,,,,,
2021-03-18,0,,,,,,,,,,,,,,,,,,,,,,,,
2021-03-19,0,,,,,,,,,,,,,,,,,,,,,,,,
2021-03-22,0,,,,,,,,,,,,,,,,,,,,,,,,
2021-03-23,0,,,,,,,,,,,,,,,,,,,,,,,,
2021-03-24,1,,,,,,,,,,,,,,,,,,,,,,,,
2021-03-25,1,,,,,,,,,,,,,,,,,,,,,,,,
2021-03-26,1,,,,,,,,,,,,,,,,,,,,,,,,
2021-03-29,0,,,,,,,,,,,,,,,,,,,,,,,,
2021-03-30,1,,,,,,,,,,,,,,,,,,,,,,,,
2021-03-31,0,,,,,,,,,,,,,,,,,,,,,,,,
2021-04-01,1,,,,,,,,,,,,,,,,,,,,,,,,
2021-04-05,1,,,,,,,,,,,,,,,,,,,,,,,,
2021-04-06,1,dell technologies' midha on digital transformation caused by the covid-19 pandemic,,,,,,,,,,,,,,,,,,,,,,,
2021-04-07,1,,,,,,,,,,,,,,,,,,,,,,,,
2021-04-08,1,dell technologies announces investor call on client solutions group,,,,,,,,,,,,,,,,,,,,,,,
2021-04-09,1,,,,,,,,,,,,,,,,,,,,,,,,
2021-04-12,1,,,,,,,,,,,,,,,,,,,,,,,,
2021-04-13,0,,,,,,,,,,,,,,,,,,,,,,,,
2021-04-14,1,"marketwatch first take: vmware to finally come into its own in dell spinoff, but strategic cloud remains",dell finally spins off vmware stake in $9.7b deal,dell technologies to spin off its ownership stake in vmware,dell stock jumps on plan to spin out majority vmware stake to shareholders,dell jumps as it unveils vmware stock spinoff plan,dell to finally spin off vmware stake,dell is spinning out vmware in a deal expected to generate over $9b for the company,,,,,,,,,,,,,,,,,
2021-04-15,1,should dell have pursued a more aggressive debt-reduction move with vmware?,dell technologies (dell) set to spin-off vmware in a $9b deal,"dell's plan to spin vmware is a win-win, analysts say. why both stocks can go higher.","dell lays out vmware spin-off plan, generating $9.7 billion to pay down debt","dell pops, nvidia rises, and stocks are rallying on more strong earnings",dell stock: over 7% increase pre-market explanation,investors cheering the quiet comeback of dell technologies,,,,,,,,,,,,,,,,,
2021-04-16,1,dell technologies (dell) moves 6.7% higher: will this strength last?,,,,,,,,,,,,,,,,,,,,,,,
2021-04-19,1,dell's vmware spin-off is a great opportunity,,,,,,,,,,,,,,,,,,,,,,,
2021-04-20,0,,,,,,,,,,,,,,,,,,,,,,,,
2021-04-21,1,,,,,,,,,,,,,,,,,,,,,,,,
2021-04-22,0,,,,,,,,,,,,,,,,,,,,,,,,
2021-04-23,1,,,,,,,,,,,,,,,,,,,,,,,,
2021-04-26,0,,,,,,,,,,,,,,,,,,,,,,,,
2021-04-27,1,,,,,,,,,,,,,,,,,,,,,,,,
2021-04-28,0,dell vs. dt: which stock should value investors buy now?,,,,,,,,,,,,,,,,,,,,,,,
2021-04-29,0,,,,,,,,,,,,,,,,,,,,,,,,
2021-04-30,0,,,,,,,,,,,,,,,,,,,,,,,,
2021-05-03,0,dell sells boomi in $4 billion deal with francisco and tpg,dell dumps another big asset moving boomi to francisco partners and tpg for $4b,dell to sell ipaas provider boomi for $4b,,,,,,,,,,,,,,,,,,,,,
2021-05-04,0,,,,,,,,,,,,,,,,,,,,,,,,
2021-05-05,1,dell lays out its plans for the future,"dell, irobot, kkr, lyft and more wednesday afternoon analyst calls",dell technologies collaborates with equinix to deliver apex as-a-service experience,"dell technologies and i2b2 transmart foundation create ""digital twins"" to treat long-haul covid-19",dell technologies unlocks value of data at the edge,dell technologies apex transforms how the world consumes technology,,,,,,,,,,,,,,,,,,
