Date,Label,top1,top2,top3,top4,top5,top6,top7,top8,top9,top10,top11,top12,top13,top14,top15,top16,top17,top18,top19,top20,top21,top22,top23,top24,top25
2020-01-02,1,,,,,,,,,,,,,,,,,,,,,,,,,
2020-01-03,0,"hong kong considers the future: ‘if you can afford it, leave’",,,,,,,,,,,,,,,,,,,,,,,,
2020-01-06,1,,,,,,,,,,,,,,,,,,,,,,,,,
2020-01-07,1,we can’t afford trump as our commander in chief,,,,,,,,,,,,,,,,,,,,,,,,
2020-01-08,1,,,,,,,,,,,,,,,,,,,,,,,,,
2020-01-09,0,,,,,,,,,,,,,,,,,,,,,,,,,
2020-01-10,0,,,,,,,,,,,,,,,,,,,,,,,,,
2020-01-13,0,,,,,,,,,,,,,,,,,,,,,,,,,
2020-01-14,1,ford motor company announces details for 2019 q4 earnings conference call,,,,,,,,,,,,,,,,,,,,,,,,
2020-01-15,0,"cypress wealth services llc has $577,000 stock holdings in ford motor (nyse:f)",johanson financial advisors inc. purchases new stake in ford motor (nyse:f),"atlas brown inc. purchases shares of 16,527 ford motor (nyse:f)",,,,,,,,,,,,,,,,,,,,,,
2020-01-16,0,calamos advisors llc has $15.57 million stake in ford motor (nyse:f),honkamp krueger financial services inc. reduces stake in ford motor (nyse:f),ford motor (nyse:f) shares bought by boenning & scattergood inc.,ae wealth management llc boosts holdings in ford motor (nyse:f),ford motor (nyse:f) earns media sentiment rating of -3.73,"ford motor (nyse:f) earning very negative news coverage, infotrie reports",,,,,,,,,,,,,,,,,,,
2020-01-17,0,"i can’t afford these first editions, but i buy them anyway",ford is no. 1 in europe commercial vehicle sales and rolled out 8 electrified models to customers in 2019,ford sales fall short in europe,top picks 2020- ford motor f,,,,,,,,,,,,,,,,,,,,,
2020-01-21,1,ford earns distinction for environmental efforts,"thinking about buying stock in beyond meat, comcast, ford, tilray, or visa?",ford motor (nyse:f) earns daily news impact rating of 2.00,"ford motor (nyse:f) receiving somewhat positive news coverage, study shows",,,,,,,,,,,,,,,,,,,,,
2020-01-22,0,"living in ... stratford, conn.","stratford, conn.: a welcoming shoreline community",ford promotes underrepresented creators in new ad,"ford, austin city hall fund traffic-fighting startups",blb&b advisors llc has $1.11 million stock holdings in ford motor (nyse:f),blb&b advisors llc has $1.11 million stake in ford motor (nyse:f),"steward partners investment advisory llc sells 15,178 shares of ford motor (nyse:f)",ford motor (nyse:f) shares sold by steward partners investment advisory llc,,,,,,,,,,,,,,,,,
2020-01-23,1,andy byford resigns as new york city’s subway chief,"cramer: tesla is a tech company on wheels, unlike ford and gm","the zacks analyst blog highlights: tesla, general motors, ford, volkswagen and bmw ag","zacks investment ideas feature highlights: tesla, apple, ford, general motors and fiat chrysler","former ford ceo on tesla&quot;s ""iconic brand""",,,,,,,,,,,,,,,,,,,,
2020-01-24,0,andy byford’s work is not done,"why andy byford, n.y.c. subway leader, left","executive wealth management llc sells 3,424 shares of ford motor (nyse:f)","fintrust capital advisors llc has $131,000 stake in ford motor (nyse:f)",,,,,,,,,,,,,,,,,,,,,
2020-01-27,1,"ex-dividend reminder: ford motor, first republic bank and american campus communities",ferrari exhibits its side of the &#039;ford vs ferrari&#039; le mans drama,ford motor (nyse:f) expected to announce quarterly sales of $37.52 billion,,,,,,,,,,,,,,,,,,,,,,
2020-01-28,1,ford develops 3d-printed locking wheel nuts to help keep thieves at bay,"thinking about buying stock in advanced micro devices, ford, fuelcell energy, pinterest, or acceleron pharma?","the zacks analyst blog highlights: general motors, ford, fiat chrysler, honda motor and nissan motor",bremer bank national association makes new investment in ford motor (nyse:f),,,,,,,,,,,,,,,,,,,,,
2020-01-29,1,"tailgate problems prompt ford f-150 recall in canada, but not us",ford&quot;s lincoln partners with rivian for first electric model,rivian to team with ford to build an all-electric lincoln model,"ford motor (f, $8.97) rsi indicator left the oversold zone on january 28, 2020","dowling & yahnke llc has $747,000 stock holdings in ford motor (nyse:f)",ford motor (nyse:f) shares purchased by arizona state retirement system,,,,,,,,,,,,,,,,,,,
2020-01-30,1,"cedar wealth management llc sells 10,828 shares of ford motor (nyse:f)","ford motor (nyse:f) getting very negative press coverage, analysis finds",ford to team with startup to build an all-electric lincoln model,,,,,,,,,,,,,,,,,,,,,,
2020-01-31,1,ford and eos add voice to custom made wheel nut,charter research & investment group inc. boosts holdings in ford motor (nyse:f),california public employees retirement system reduces position in ford motor (nyse:f),speak out against wheel theft: ford develops &quot;vocal&quot; 3d locking nuts,,,,,,,,,,,,,,,,,,,,,
2020-02-03,1,,,,,,,,,,,,,,,,,,,,,,,,,
2020-02-04,1,,,,,,,,,,,,,,,,,,,,,,,,,
2020-02-05,0,london breed’s unusual bid on affordable housing,,,,,,,,,,,,,,,,,,,,,,,,
2020-02-06,0,,,,,,,,,,,,,,,,,,,,,,,,,
2020-02-07,0,ford shuffles top management as it chases a turnaround,,,,,,,,,,,,,,,,,,,,,,,,
2020-02-10,0,"trump budget would cut loan program used by tesla, ford","mahindramahindra, ford motor joint venture gets approval from cci","thinking about buying stock in apple, bank of america, ford, skechers, or taubman centers?","the zacks analyst blog highlights: general motors, ford, fiat chrysler and tesla","top analyst upgrades and downgrades: abbvie, apple, arch coal, fedex, ford, gm, nvidia, skyworks, stitch fix, wwe and more","ford introduces a special gt edition with a special price: $750,000","corient capital partners llc acquires 2,545 shares of ford motor (nyse:f)","bbva usa bancshares inc. has $165,000 stock position in ford motor (nyse:f)","bbva usa bancshares inc. sells 2,235 shares of ford motor (nyse:f)",,,,,,,,,,,,,,,,
2020-02-11,1,ford motor corporation selects luokung&quot;s subsidiary emg as the provider of hd map service for ford china&quot;s autonomous driving project,"ford motor (nyse:f) lowered to ""sell"" at dz bank",ford motor (nyse:f) lowered to neutral at credit suisse group,,,,,,,,,,,,,,,,,,,,,,
2020-02-12,1,"ford recall affects four models and over 200,000 vehicles","ford issues recall for 226,000 ford and lincoln vehicles",,,,,,,,,,,,,,,,,,,,,,,
2020-02-13,1,april 3rd options now available for ford motor (f),"thinking about buying stock in ford, facebook, kraft heinz, tilray, or whiting petroleum?","american international group inc. sells 32,637 shares of ford motor (nyse:f)",,,,,,,,,,,,,,,,,,,,,,
2020-02-14,0,how a fake priest duped oxford and a world-famous historian,"ford executive jim farley to speak at wolfe research global auto, auto tech, and mobility conference 2020","ford motor (nyse:f) getting somewhat negative media coverage, infotrie reports",ford motor co.: the comeback kid has a ways to go,,,,,,,,,,,,,,,,,,,,,
2020-02-18,0,,,,,,,,,,,,,,,,,,,,,,,,,
2020-02-19,0,"thinking about buying stock in canopy growth corp, ford, fuelcell energy, sprint, or senseonics?","ford motor (f, $8.06) rsi indicator left the oversold zone on february 18, 2020",ford trucks and vans drive 61 per cent sales boost in middle east as f-150 celebrates 43 years as america&quot;s best selling truck,"benjamin f. edwards & company inc. buys 7,771 shares of ford motor (nyse:f)",brokerages expect ford motor (nyse:f) will post quarterly sales of $36.02 billion,analysts anticipate ford motor (nyse:f) will post quarterly sales of $36.02 billion,,,,,,,,,,,,,,,,,,,
2020-02-20,1,"hankook tires selected as oe for ford super duty f-450, f-550",$0.22 eps expected for ford motor (nyse:f) this quarter,,,,,,,,,,,,,,,,,,,,,,,
2020-02-21,0,"why does it cost $750,000 to build affordable housing in san francisco?",pnc financial services group inc. trims position in ford motor (nyse:f),,,,,,,,,,,,,,,,,,,,,,,
2020-02-24,0,"thinking about buying stock in advanced micro devices, chesapeake energy corp, ford, inovio pharmaceuticals, or tilray?",aft forsyth & company inc. makes new investment in ford motor (nyse:f),,,,,,,,,,,,,,,,,,,,,,,
2020-02-25,0,ford issues recalls on certain f-series trucks,"ford recalls 200,000 f-150 trucks",ford motor (nyse:f) shares purchased by clarkston capital partners llc,"rejected by wall street, ford&quot;s ceo has support where it matters",cetera advisor networks llc increases position in ford motor (nyse:f),,,,,,,,,,,,,,,,,,,,
2020-02-26,0,ford coo sees 2009 crisis flashback on faces of colleagues,"box office: &quot;ford v ferrari&quot; peters out after failing to crack $200,000",ford coo sees 2009 crisis flashback on faces of his colleagues,"thinking about buying stock in chesapeake energy corp, cronos group, ford, lakeland industries, or xerox?","fjarde ap fonden fourth swedish national pension fund sells 122,300 shares of ford motor (nyse:f)",first allied advisory services inc. lowers stock holdings in ford motor (nyse:f),"etrade capital management llc takes $329,000 position in ford motor (nyse:f)",ford motor (nyse:f) hits new 52-week low at $7.55,,,,,,,,,,,,,,,,,
2020-02-27,0,"ford motor now #213 largest company, surpassing mckesson","ford-owned spin to expand dockless e-scooter services internationally, launching first in germany and setting sights on france and the uk",andra ap fonden has $2.68 million holdings in ford motor (nyse:f),,,,,,,,,,,,,,,,,,,,,,
2020-02-28,1,deutsche post scraps its electric delivery van built with ford,"toyota sales expected to surge in february, ford&quot;s expected to stall",bank of the west lowers position in ford motor (nyse:f),ford-owned e-scooter firm spin eyes uk expansion,,,,,,,,,,,,,,,,,,,,,
2020-03-02,1,,,,,,,,,,,,,,,,,,,,,,,,,
2020-03-03,0,,,,,,,,,,,,,,,,,,,,,,,,,
2020-03-04,0,,,,,,,,,,,,,,,,,,,,,,,,,
2020-03-05,0,,,,,,,,,,,,,,,,,,,,,,,,,
2020-03-06,0,,,,,,,,,,,,,,,,,,,,,,,,,
2020-03-09,0,,,,,,,,,,,,,,,,,,,,,,,,,
2020-03-10,1,,,,,,,,,,,,,,,,,,,,,,,,,
2020-03-11,0,,,,,,,,,,,,,,,,,,,,,,,,,
2020-03-12,0,,,,,,,,,,,,,,,,,,,,,,,,,
2020-03-13,0,,,,,,,,,,,,,,,,,,,,,,,,,
2020-03-16,0,,,,,,,,,,,,,,,,,,,,,,,,,
2020-03-17,0,,,,,,,,,,,,,,,,,,,,,,,,,
2020-03-18,0,,,,,,,,,,,,,,,,,,,,,,,,,
2020-03-19,1,where can renters afford to become first-time buyers?,,,,,,,,,,,,,,,,,,,,,,,,
2020-03-20,0,,,,,,,,,,,,,,,,,,,,,,,,,
2020-03-23,0,,,,,,,,,,,,,,,,,,,,,,,,,
2020-03-24,1,anna wintour and tom ford are creating a fashion rescue fund,"morgan stanley: ford will survive coronavirus halt, but stock may not have bottomed yet","ford extends u.s. shutdown, including sharonville plant","ford to work with ge, 3m to make coronavirus respirators, ventilators",3m teams with ford to make protective respirators for health workers,"gm&quot;s draw-down preserves dividend, signals edge over ford",ford to delay restart of north american auto production amid      coronavirus concerns,"ford, autoworkers to assist in medical equipment production","ford partners with 3m, ge healthcare to make respirators, ventilators to fight coronavirus","ford helping ge make ventilators, 3m manufacture respirators","coronavirus: ford partners with ge, 3m to begin manufacturing protective equipment, ventilators",why shares of ford motor company are rising today,ge healthcare and ford team up to manufacture ventilators during coronavirus pandemic,"top analyst upgrades & downgrades: amd, alcoa, biomarin, coca-cola, ford, gm, intel, kinder morgan, micron, nvidia, tesla, twitter, zillow and more","ford to produce ventilators, respirators with 3m, ge healthcare in coronavirus fight",,,,,,,,,,
2020-03-25,0,"stocks making the biggest moves after hours: micron, shoe carnival, ford and more","ford recalling more than 250,000 fiesta, fusion and lincoln mkz models",ford motor company issues two safety recalls for north america and one safety recall for canada only,"ford, 3m, ge team up to manufacture covid-19 medical equipment","thinking about buying stock in cytosorbents, darden restaurants, ford, kb home, or mgm resorts?",toyota and ford extend shutdown decisions to asia and india,"ford motor (f, $4.95) rsi indicator left the oversold zone on march 24, 2020","ford pitches in to fabricate face shields, respirators, ventilators",,,,,,,,,,,,,,,,,
2020-03-26,0,"gm cuts white-collar salaries, ford&quot;s bill ford defers salary for 5 months",ford looks to reopen facilities in as early as two weeks,"ford warns of potential job cuts, will partially defer executive salaries amid coronavirus pandemic",ford sets date to reopen sharonville plant after coronavirus shutdown,iht wealth management llc cuts stock position in ford motor (nyse:f),ford (f) unites with 3m &amp; ge healthcare to combat coronavirus,factbox: ford and general motors&quot; electric vehicle plans,"ford, fiat chrysler, honda, toyota seek to restart factories",ford plans to restart production at &quot;key&quot; auto plants starting in early april,"ford, honda, toyota seek to restart plants closed by virus","stocks making the biggest moves in the premarket: ford, cheesecake factory, groupon, apple & more","ford recalling more than 250,000 fiesta, fusion and lincoln mkz models","belpointe asset management llc acquires 45,466 shares of ford motor (nyse:f)","7,122 shares in ford motor (nyse:f) bought by ancora advisors llc",,,,,,,,,,,
2020-03-27,1,ford plans to reopen kc plant in mid-april,ladenburg thalmann financial services inc. trims stock position in ford motor (nyse:f),dynamic technology lab private ltd makes new investment in ford motor (nyse:f),critical news coverage unlikely to impact ford motor (nyse:f) stock price,,,,,,,,,,,,,,,,,,,,,
2020-03-30,0,ford joins effort to make ventilators,they can’t afford to quarantine. so they brave the subway.,"ford to produce 50,000 ventilators in michigan in next 100 days; partnering with ge healthcare will help coronavirus patients",ford to restart north american auto production on 6 april on      limited basis,"the zacks analyst blog highlights: general electric, ford, 3m, vir and biogen","thinking about buying stock in alpha pro tech, bellerophon therapeutics, cronos group, ford, or snap?",alliancebernstein l.p. cuts holdings in ford motor (nyse:f),,,,,,,,,,,,,,,,,,
2020-03-31,0,ford delays planned restart amid concerns for worker safety,ford boosts coronavirus medical supply production to aid workers in hotspots,"behind the money: ford, gm and the corporate dash for cash","gm, ford reveal 2026 marketing plans - lots of suvs, not so many evs",ford reverses course on kansas city plant reopening,ford delays production restart date,ford further postpones na production restart to protect workforce,ford motor (nyse:f) shares sold by capital wealth planning llc,,,,,,,,,,,,,,,,,
2020-04-01,0,some pregnant women who can afford to are fleeing new york city,"the rev. joseph o’hare, resourceful president of fordham, dies at 89","shares of ford, general motors, and truecar are falling after auto sales collapse","ford, uaw to build respirators in michigan","ford to produce 50,000 ventilators in michigan in next 100 days; partnering with ge healthcare will help coronavirus patients",,,,,,,,,,,,,,,,,,,,
2020-04-02,0,,,,,,,,,,,,,,,,,,,,,,,,,
2020-04-03,0,,,,,,,,,,,,,,,,,,,,,,,,,
2020-04-06,0,,,,,,,,,,,,,,,,,,,,,,,,,
2020-04-07,0,"how to look good on camera, according to tom ford",,,,,,,,,,,,,,,,,,,,,,,,
2020-04-08,1,,,,,,,,,,,,,,,,,,,,,,,,,
2020-04-09,0,,,,,,,,,,,,,,,,,,,,,,,,,
2020-04-13,0,,,,,,,,,,,,,,,,,,,,,,,,,
2020-04-14,1,america can afford a world-class health system. why don’t we have one?,,,,,,,,,,,,,,,,,,,,,,,,
2020-04-15,0,,,,,,,,,,,,,,,,,,,,,,,,,
2020-04-16,0,,,,,,,,,,,,,,,,,,,,,,,,,
2020-04-17,0,,,,,,,,,,,,,,,,,,,,,,,,,
2020-04-20,0,,,,,,,,,,,,,,,,,,,,,,,,,
2020-04-21,0,,,,,,,,,,,,,,,,,,,,,,,,,
2020-04-22,0,,,,,,,,,,,,,,,,,,,,,,,,,
2020-04-23,1,"donald kennedy, who led stanford in 1980s, dies at 88",,,,,,,,,,,,,,,,,,,,,,,,
2020-04-24,0,"i drove a $47,000 kia telluride to see if this upstart midsize suv could take on ford, chevy, toyota, honda, and vw",centaurus financial inc. grows position in ford motor (nyse:f),"adirondack trust co. sells 3,460 shares of ford motor (nyse:f)",,,,,,,,,,,,,,,,,,,,,,
2020-04-27,1,"in race for a coronavirus vaccine, an oxford group leaps ahead",why ford motor stock is rising today,"thinking about buying stock in ford, general electric, nordic american tanker, penn national gaming, or translate bio?","merian global investors uk ltd has $398,000 stock position in ford motor (nyse:f)",ford motor (nyse:f) shares sold by hartford investment management co.,"first hawaiian bank takes $49,000 position in ford motor (nyse:f)",,,,,,,,,,,,,,,,,,,
2020-04-28,0,"google mixed, starbucks tops and ford misses",ford motor falls after q1 earnings miss,"ford&quot;s lincoln and rivian cancel electric suv plans, citing covid-19 impact",ford motor company 2020 q1 - results - earnings call presentation,"ford motor eps misses by $0.17, misses on automotive revenue","ford protecting people, preserving cash, preparing for recovery as pandemic stops most operations, drives down q1 results",ford reports earnings after the bell. here&quot;s what to expect,ford set to restart main european car factories on monday 4 may,why ford motor stock is rising today,ford to restart european manufacturing production with enhanced employee protection protocols in place,ford motor will resume european production next week with new coronavirus safety measures,ford to reopen european plants with increased coronavirus safety protocols,"clarius group llc has $151,000 stake in ford motor (nyse:f)","engineering from home, according to the ford mustang mach-e team",,,,,,,,,,,
2020-04-29,0,restarting ford: company hosts media briefing on how it plans to return to work,"key ford, toyota supplier borgwarner to reopen tornado-damaged south carolina plant","eu carmaker closures 29/04: ford announces phased eu restarts, uk sites still closed","eli lilly and company, pvh, alphabet, starbucks and ford motor highlighted as zacks bull and bear of the day","camelot portfolios llc acquires 50,988 shares of ford motor (nyse:f)",ford motor (nyse:f) shares purchased by camelot portfolios llc,ford motor (nyse:f) shares sold by certified advisory corp,"clear street markets llc sells 120,400 shares of ford motor (nyse:f)",ford motor (nyse:f) shares sold by arp americas lp,ford to restart european manufacturing production with enhanced employee protection protocols in place,ford motor company (f) ceo jim hackett on q1 2020 results - earnings call transcript,ford motor co (f) q1 2020 earnings call transcript,,,,,,,,,,,,,
2020-04-30,0,f.a.a. investigates harrison ford and his plane again,why the people harvesting californians’ food can’t afford it,"how trading in ford, ge and other volatile stocks could be linked to casino closures",ford motor steps up campaign to convince union workers to restart u.s. output,update 1-ford motor steps up campaign to convince union workers to restart u.s. output,restarting ford: safety priority one as ford readies to reboot critical manufacturing worldwide,ford is making face masks and face shields to enable employees across europe to return safely to work,"zacks earnings trends highlights: ford, delta air, starbucks, boeing, alphabet, coca-cola and proctor &amp; gamble",commerzbank aktiengesellschaft fi decreases position in ford motor (nyse:f),ford motor (nyse:f) shares sold by calamos advisors llc,,,,,,,,,,,,,,,
2020-05-01,0,"thinking about trading stocks or options in apple, moderna, ford, spirit airlines, or netflix?",alexandra ford english to join rivian&quot;s board of directors,ford: how to self-isolate your electrified vehicle,"ford motor (nyse:f) getting somewhat positive press coverage, analysis shows",,,,,,,,,,,,,,,,,,,,,
2020-05-04,0,,,,,,,,,,,,,,,,,,,,,,,,,
2020-05-05,0,,,,,,,,,,,,,,,,,,,,,,,,,
2020-05-06,0,,,,,,,,,,,,,,,,,,,,,,,,,
2020-05-07,0,,,,,,,,,,,,,,,,,,,,,,,,,
2020-05-08,1,,,,,,,,,,,,,,,,,,,,,,,,,
2020-05-11,0,,,,,,,,,,,,,,,,,,,,,,,,,
2020-05-12,0,"in richard ford’s new stories, ambivalence is the default condition",,,,,,,,,,,,,,,,,,,,,,,,
2020-05-13,0,,,,,,,,,,,,,,,,,,,,,,,,,
2020-05-14,1,the making of marcus rashford,auto suppliers will dictate ford&quot;s recovery timeline,"media-volkswagen, ford forge ahead with technology sharing to save costs - bloomberg news","vw, ford forge ahead with ev technology sharing to cut costs",,,,,,,,,,,,,,,,,,,,,
2020-05-15,1,just because you can afford to leave the city doesn’t mean you should,"thinking about buying stock in tetraphase pharmaceuticals, remark holdings, cronos group, ford, or norwegian cruise line?","aperio group llc sells 352,939 shares of ford motor (nyse:f)",weekly analysts&quot; ratings updates for ford motor (f),"bessemer group inc. has $50,000 holdings in ford motor (nyse:f)",,,,,,,,,,,,,,,,,,,,
2020-05-18,1,kc&quot;s ford and gm plants restart production,how ford plans to test workers for covid-19 as it resumes production,ford resumes u.s. production and operations,why ford motor stock is rising today,vestmark advisory solutions inc. makes new investment in ford motor (nyse:f),"vestmark advisory solutions inc. invests $95,000 in ford motor (nyse:f)","wetherby asset management inc. purchases 22,313 shares of ford motor (nyse:f)",ford contracts with area hospital to test claycomo employees for covid-19,,,,,,,,,,,,,,,,,
2020-05-19,1,"melford henson, construction foreman, dies at 65","trump told to wear coronavirus mask for ford ventilator factory visit, but it&quot;s not clear he will","thinking about trading stocks or options in advanced micro devices, baidu, target, canopy growth corp, or ford?",ford resumes car and truck production while implementing numerous safety protocols,,,,,,,,,,,,,,,,,,,,,
2020-05-20,1,designing the ultimate racing car from home - ford livestream event showcases the virtual design studio,the wall street journal: ford factory in chicago halts production for second straight day,"trump has &quot;legal responsibility&quot; to wear coronavirus mask for ford factory visit, michigan ag says",ford temporarily closes chicago plant after two positive coronavirus cases,ford mustang mach-e charging report: fast but not that fast,former ford ceo mark fields optimistic on car demand,,,,,,,,,,,,,,,,,,,
2020-05-21,1,"trump visits ford plant in michigan, skips the face mask","thinking about buying stock in boeing, general electric, cinedigm corp, ford, or tjx companies?",ford briefly halts output at 2 factories after workers test positive,ford motor (nyse:f) earns news sentiment score of -1.30,,,,,,,,,,,,,,,,,,,,,
2020-05-22,0,$12.83 billion in sales expected for ford motor (nyse:f) this quarter,,,,,,,,,,,,,,,,,,,,,,,,
2020-05-26,0,"why ford, general motors, and honda stocks are up today","automotive minute: new 2020 ford st-line bridges gap between edge, edge st","cigna investments inc. new buys 6,500 shares of ford motor (nyse:f)",northwestern mutual wealth management co. boosts stake in ford motor (nyse:f),"national asset management inc. has $401,000 stock holdings in ford motor (nyse:f)",shell asset management co. cuts position in ford motor (nyse:f),"northwestern mutual investment management company llc buys 52,008 shares of ford motor (nyse:f)",new edge st-line comes standard with great value and eye-catching style inspired by ford performance,,,,,,,,,,,,,,,,,
2020-05-27,1,"byford, ex-subway chief in new york, will be london transport commissioner","empirical financial services llc d.b.a. empirical wealth management purchases 2,097 shares of ford motor (nyse:f)","thinking about buying stock in biocept, celsion corp, tilray, altimmune, or ford?",packing heat: how ford&quot;s latest tech helps police vehicles neutralize covid-19,ford develops heat software to sanitize police vehicles,ford develops software to bake away coronavirus in police vehicles,ford motor reaches analyst target price,,,,,,,,,,,,,,,,,,
2020-05-28,0,landmark in volkswagen-ford global alliance,"here&#39;s how amazon could become a threat to tesla, ford and more with zoox buy","here&quot;s how amazon could become a threat to tesla, ford and more with zoox buy","commerce bank has $395,000 position in ford motor (nyse:f)",ford motor (nyse:f) shares sold by etrade capital management llc,aigen investment management lp reduces stock position in ford motor (nyse:f),,,,,,,,,,,,,,,,,,,
2020-05-29,0,"volkswagen pumps $2.2 billion into china ev operations, expands cooperation with ford",ford motor company issues two safety recalls in north america,"thinking about buying stock in ford, jaguar health, toughbuilt industries, canopy growth corp, or northern dynasty minerals?",mutual of america capital management llc has $2.57 million stake in ford motor (nyse:f),,,,,,,,,,,,,,,,,,,,,
2020-06-01,1,dorsey & whitney trust co llc cuts holdings in ford motor (nyse:f),,,,,,,,,,,,,,,,,,,,,,,,
2020-06-02,0,,,,,,,,,,,,,,,,,,,,,,,,,
2020-06-03,1,,,,,,,,,,,,,,,,,,,,,,,,,
2020-06-04,1,trump’s approval slips where he can’t afford to lose it: among evangelicals,,,,,,,,,,,,,,,,,,,,,,,,
2020-06-05,1,"robert ford jr., an early force in hip-hop, is dead at 70",,,,,,,,,,,,,,,,,,,,,,,,
2020-06-08,1,,,,,,,,,,,,,,,,,,,,,,,,,
2020-06-09,1,,,,,,,,,,,,,,,,,,,,,,,,,
2020-06-10,0,,,,,,,,,,,,,,,,,,,,,,,,,
2020-06-11,1,,,,,,,,,,,,,,,,,,,,,,,,,
2020-06-12,0,,,,,,,,,,,,,,,,,,,,,,,,,
2020-06-15,1,25 million applications: the scramble for n.y.c. affordable housing,"auto stock roundup: ford-volkswagen ev deal, toyota fuel cell jv in china &amp; more",ford motor (nyse:f) short interest down 10.2% in may,m&t bank corp reduces stake in ford motor (nyse:f),ford motor is a long-term sell,,,,,,,,,,,,,,,,,,,,
2020-06-16,0,ford to provide &quot;look&quot; at all-new f-150 during citi conference call,"nikola founder: we&quot;re going after top-selling ford-150 with our $60,000 electric badger pickup","thinking about buying stock in walt disney, ford, tesla, aurora cannabis, or microsoft?",is ford stock hitting the gas as lockdowns ease?,"franklin resources inc. sells 6,631,537 shares of ford motor (nyse:f)",ford&quot;s post-covid mobility vision riding on commercial vehicles,,,,,,,,,,,,,,,,,,,
2020-06-17,0,"tesla, ford rival nikola seen as &quot;unique&quot; for more than just electric trucks",baird financial group inc. lowers stock position in ford motor (nyse:f),nikola wants to snatch the ford-150 crown with its electric badger pickup truck,how ford protects your car&quot;s interior while you protect yourself,head to head survey: ford motor (nyse:f) versus the shyft group (nyse:shyf),,,,,,,,,,,,,,,,,,,,
2020-06-18,1,ford takes on tesla with hands-free driving for electric mustang,this is how many pickup trucks nikola has to sell to top ford&quot;s f-150,ford launching its own driver-assist system to compete with tesla autopilot (sort of),"thinking about buying stock in orion group holdings, enphase energy, novan inc, ford, or actinium pharmaceuticals?","stocks making the biggest moves in the premarket: kroger, carnival, ford, amc, spotify & more",ford launching new driver system to compete with tesla&quot;s autopilot and gm&quot;s super cruise,jefferies financial group analysts give ford motor (nyse:f) a $7.50 price target,ford gives america&quot;s favourite truck a makeover,,,,,,,,,,,,,,,,,
2020-06-19,0,malala yousafzai graduates from oxford university,ford decides not to unveil the new bronco suvs on o.j. simpson&quot;s birthday,no more second-guessing: all-new ford mustang mach-e addresses range anxiety with upgradeable intelligent range,jefferies financial group comments on ford motor&quot;s q2 2020 earnings (nyse:f),,,,,,,,,,,,,,,,,,,,,
2020-06-22,1,"new ford survey shows american pickup owners really, really love their trucks",ford aims to make hands-free driver assist more intuitive than rivals,"thinking about buying stock in microvision, invitae corp, alpine immune sciences, anavex life sciences, or ford motor?",fy2020 eps estimates for ford motor (nyse:f) increased by jefferies financial group,ford motor (nyse:f) earns media sentiment score of 1.46,,,,,,,,,,,,,,,,,,,,
2020-06-23,0,ford motor (nyse:f) given new $7.00 price target at jpmorgan chase & co.,ford motor (nyse:f) short interest down 10.2% in june,inwed20: variety is a key component at ford,,,,,,,,,,,,,,,,,,,,,,
2020-06-24,0,"verisign now #228 largest company, surpassing ford motor",future of ford motor rests heavily on new full-size pickup and automaker&quot;s ability to build quickly and flawlessly,"ford expands climate change goals, sets target to become carbon neutral by 2050: annual sustainability report",,,,,,,,,,,,,,,,,,,,,,
2020-06-25,1,carbon neutrality by 2050: ford sustainability leaders on ambitious new goal during wolfe research fireside chat,ford motor company issues a safety compliance recall and a safety recall in north america,"thinking about trading options or stock in invitae corp, penn national gaming, ford motor company, bank of america, or advanced micro devices?",ford and vodafone partner on 5g project,,,,,,,,,,,,,,,,,,,,,
2020-06-26,0,trump administration asks supreme court to strike down affordable care act,how jennifer crawford’s rural fantasy became a reality,ford motor company (f) fireside chat hosted by citi research (transcript),"in all-important pickup truck wars, ford freshens up its venerable f-150","ford unveils its all-new f-150 office, uh, pickup (photos)","ford unveils its all-new f-150 office, uh, pickup [photos]",,,,,,,,,,,,,,,,,,,
2020-06-29,1,"ford, wayne state university and access coalition expands mobile covid-19 testing; effort tests more than 10,000 people","thinking about trading options or stock in aptose biosciences, novavax, inovio pharmaceuticals, ford motor, or carnival corp?",ford plans to reach carbon neutrality by 2050,"aqr capital management llc sells 460,441 shares of ford motor (nyse:f)",,,,,,,,,,,,,,,,,,,,,
2020-06-30,1,,,,,,,,,,,,,,,,,,,,,,,,,
2020-07-01,0,"thinking about trading options or stock in fedex corp, inovio pharmaceuticals, ford motor, boeing, or plug power?",,,,,,,,,,,,,,,,,,,,,,,,
2020-07-02,0,,,,,,,,,,,,,,,,,,,,,,,,,
2020-07-06,1,,,,,,,,,,,,,,,,,,,,,,,,,
2020-07-07,0,"‘notes on a silencing,’ by lacy crawford: an excerpt",,,,,,,,,,,,,,,,,,,,,,,,
2020-07-08,0,stanford permanently cuts 11 sports amid coronavirus pandemic,,,,,,,,,,,,,,,,,,,,,,,,
2020-07-09,0,,,,,,,,,,,,,,,,,,,,,,,,,
2020-07-10,1,fedex made a demand dan snyder couldn’t afford to dismiss,,,,,,,,,,,,,,,,,,,,,,,,
2020-07-13,0,,,,,,,,,,,,,,,,,,,,,,,,,
2020-07-14,1,"dunford bows out of search for virus oversight chair, leaving it leaderless",,,,,,,,,,,,,,,,,,,,,,,,
2020-07-15,1,former manhattan federal prosecutor fired by trump to teach at stanford,,,,,,,,,,,,,,,,,,,,,,,,
2020-07-16,1,,,,,,,,,,,,,,,,,,,,,,,,,
2020-07-17,0,,,,,,,,,,,,,,,,,,,,,,,,,
2020-07-20,0,,,,,,,,,,,,,,,,,,,,,,,,,
2020-07-21,0,zooming in on bill buford’s latest obsession,,,,,,,,,,,,,,,,,,,,,,,,
2020-07-22,1,,,,,,,,,,,,,,,,,,,,,,,,,
2020-07-23,1,the ford bronco is a huge success story investors cannot ignore,railway issue in mexico hits ford,,,,,,,,,,,,,,,,,,,,,,,
2020-07-24,0,"thinking about trading options or stock in advanced micro devices, ford, bank of america, apple, or boeing?","busey wealth management has $79,000 stock holdings in ford motor (nyse:f)",what&quot;s in the offing for ford (f) this earnings season?,new york state teachers retirement system cuts holdings in ford motor (nyse:f),ford motor (nyse:f) shares sold by robeco institutional asset management b.v.,"robeco institutional asset management b.v. sells 4,238,035 shares of ford motor (nyse:f)",,,,,,,,,,,,,,,,,,,
2020-07-27,1,ford to discuss results for second quarter 2020 with rbc capital markets,how the ford gt was aerodynamically designed,ford stock has positive macro and micro catalysts,ford is setting up an electrifying q2 report,ford stock is worth $8.29 based on its potential dividend,"thinking about trading options or stock in moderna, netflix, american airlines, general electric, or ford?",ford motor (nyse:f) stock position reduced by banque cantonale vaudoise,"cwm llc purchases 16,747 shares of ford motor (nyse:f)",ford motor (nyse:f) price target raised to $7.00,,,,,,,,,,,,,,,,
2020-07-28,1,why ford bronco is more than just a fading fad,ford needs a plan to keep investors from driving away,analysts expect ford motor (nyse:f) will post quarterly sales of $14.98 billion,ford motor (nyse:f) expected to announce quarterly sales of $14.98 billion,ford motor (f) set to announce quarterly earnings on thursday,,,,,,,,,,,,,,,,,,,,
2020-07-29,0,"families across the u.s. struggle to afford diapers, wipes and formula",ford executive galhotra to speak during jefferies virtual industrials conference on aug. 5,why $7 will be a distant memory after ford stock earnings,ford motor q2 2020 earnings preview,"ford deploys four-legged dog-like robots to save time, money",ford motor (nyse:f) expected to announce earnings of -$1.27 per share,,,,,,,,,,,,,,,,,,,
2020-07-30,1,why ford&quot;s second-quarter loss was $3 billion narrower than expected,"ford delivers on earnings, but many concerns remain for rest of 2020",ford motor company 2020 q2 - results - earnings call presentation,ford records better-than-anticipated q2 operating results as company manages for both coronavirus and long term,ford earnings report due as auto giants tally pandemic&quot;s impact,candriam luxembourg s.c.a. reduces stake in ford motor (nyse:f),"candriam luxembourg s.c.a. sells 56,918 shares of ford motor (nyse:f)",,,,,,,,,,,,,,,,,,
2020-07-31,0,"catch up: ford posts a profit, united warns pilots of furloughs and more.",can’t afford a birkin bag or a racehorse? you can invest in one,"pitcairn co. sells 7,839 shares of ford motor (nyse:f)","thinking about trading options or stock in altimmune inc, apple, ford motor, general electric, or under armour?","ford (f) q2 loss narrower than expected, revenues top estimates","stratos wealth partners ltd. sells 62,384 shares of ford motor (nyse:f)",a look into ford&quot;s debt,ford motor (nyse:f) shares sold by jacobi capital management llc,ford (f) q2 2020 earnings call transcript,ford motor (nyse:f) shares sold by first trust advisors lp,ford motor company&quot;s (f) ceo jim hackett on q2 2020 results - earnings call transcript,,,,,,,,,,,,,,
2020-08-03,1,,,,,,,,,,,,,,,,,,,,,,,,,
2020-08-04,0,ford’s chief jim hackett to retire as company tries to regain momentum.,"ford, struggling in a changing industry, replaces its c.e.o.",,,,,,,,,,,,,,,,,,,,,,,
2020-08-05,1,,,,,,,,,,,,,,,,,,,,,,,,,
2020-08-06,1,,,,,,,,,,,,,,,,,,,,,,,,,
2020-08-07,0,,,,,,,,,,,,,,,,,,,,,,,,,
2020-08-10,1,,,,,,,,,,,,,,,,,,,,,,,,,
2020-08-11,1,,,,,,,,,,,,,,,,,,,,,,,,,
2020-08-12,0,,,,,,,,,,,,,,,,,,,,,,,,,
2020-08-13,1,,,,,,,,,,,,,,,,,,,,,,,,,
2020-08-14,1,cracking codes with sanford biggers,,,,,,,,,,,,,,,,,,,,,,,,
2020-08-17,0,,,,,,,,,,,,,,,,,,,,,,,,,
2020-08-18,0,,,,,,,,,,,,,,,,,,,,,,,,,
2020-08-19,0,"the affordable care act, and trump’s push to repeal it, become a focus at the democratic convention.",,,,,,,,,,,,,,,,,,,,,,,,
2020-08-20,1,"‘he’ll be there for you, too,’ gabrielle giffords says of joe biden",,,,,,,,,,,,,,,,,,,,,,,,
2020-08-21,0,,,,,,,,,,,,,,,,,,,,,,,,,
2020-08-24,1,"doctors are offering direct access in the pandemic, for those who can afford it.",why ford shares need more time in the repair shop,unusual options activity insight: ford motor,ford has begun building a new factory for the electric f-150,ford rallies after charging ahead with f-150 strategy,"while ford stock isn&quot;t a screaming buy, it definitely has some momentum","fisher asset management llc has $472,000 stake in ford motor (nyse:f)",ford motor (nyse:f) stock holdings decreased by fisher asset management llc,"morgan stanley sells 7,679,219 shares of ford motor (nyse:f)",morgan stanley has $82.96 million position in ford motor (nyse:f),,,,,,,,,,,,,,,
2020-08-25,0,ford constructing factory for all-electric f-150: report,ford bronco nearly returned 2 decades ago and it could have looked like this     - roadshow,"the zacks analyst blog highlights: mgm, wynn resorts, apple, paypal and ford","tesla, ford and others push for appeal in ftc-qualcomm legal battle     - roadshow",ford motor company issues safety recall for select 2020 ford explorer and lincoln aviator vehicles,,,,,,,,,,,,,,,,,,,,
2020-08-26,0,"as stanford cuts teams, olympic hopefuls all over the u.s. feel a chill",how mark duplass and bradley whitford swapped bodies,"ford, bedrock and bosch exploring highly automated vehicle technology in detroit to help make parking easier",ford&quot;s stealth 2020 success: the explorer,"fiat chrysler, led by ram, leapfrogs ford in customer satisfaction; gm drops in survey",ford employee donation match program contributes more than $1 million to covid-19 relief worldwide,gm and ford near finish of coronavirus ventilator projects,,,,,,,,,,,,,,,,,,
2020-08-27,1,"douglas a.j. latchford, khmer antiquities expert, dies at 88","ford, fiat chrysler still under investigation in union corruption probe - cnbc","this day in market history: the debut of the edsel, ford&quot;s biggest flop","wsj wealth adviser briefing: broader investor access, ford workplace revamp, office banter app",,,,,,,,,,,,,,,,,,,,,
2020-08-28,1,ford&quot;s project apollo and ford fund to deliver 10 million masks to at-risk communities across the u.s,ford motor&quot;s debt overview,ford motor&#39;s debt overview,ford&quot;s mustang mach-e sound gets remixed by detroit artist dear     - roadshow,,,,,,,,,,,,,,,,,,,,,
2020-08-31,0,"a quick virus test? sure, if you can afford it",ford to trim 1k north america salaried jobs - bloomberg,"ford to cut 1,000 north america salaried jobs amid overhaul",state of wisconsin investment board increases holdings in ford motor (nyse:f),"downtown during covid: next steps on landing, district, ford on bay and more","rafferty asset management llc invests $89,000 in ford motor (nyse:f)",covid-19: ford to deliver 10 million masks to at-risk communities,,,,,,,,,,,,,,,,,,
2020-09-01,1,ford motor company may be preparing for a massive change,"ford motor to slash its north american salaried workforce by 1,000 jobs","ford plans to cut 1,000 salaried jobs in north america",ford stock looks like a tossup,ford seen struggling to return to +10% margins,ford motor (nyse:f) shares purchased by rockefeller capital management l.p.,"16,000 shares in ford motor (nyse:f) acquired by alberta investment management corp","gm, ford complete us contracts to build breathing machines","ford&quot;s global caring month promotes &quot;acts of kindness,&quot; invites employees to recognize nonprofits amid global pandemic","ford ceo rejects tesla battery: &quot;no advantage for our company""",,,,,,,,,,,,,,,
2020-09-02,1,gerald ford rushed out a vaccine. it was a fiasco.,,,,,,,,,,,,,,,,,,,,,,,,
2020-09-03,0,,,,,,,,,,,,,,,,,,,,,,,,,
2020-09-04,1,,,,,,,,,,,,,,,,,,,,,,,,,
2020-09-08,1,mark bradford reveals new paintings quarantined in a grain tower,"first pandemic, now ransomware: attack forces hartford to postpone school",,,,,,,,,,,,,,,,,,,,,,,
2020-09-09,0,,,,,,,,,,,,,,,,,,,,,,,,,
2020-09-10,0,,,,,,,,,,,,,,,,,,,,,,,,,
2020-09-11,1,,,,,,,,,,,,,,,,,,,,,,,,,
2020-09-14,1,,,,,,,,,,,,,,,,,,,,,,,,,
2020-09-15,0,,,,,,,,,,,,,,,,,,,,,,,,,
2020-09-16,0,,,,,,,,,,,,,,,,,,,,,,,,,
2020-09-17,1,,,,,,,,,,,,,,,,,,,,,,,,,
2020-09-18,0,christian siriano and tom ford have an unexpected mind-meld,,,,,,,,,,,,,,,,,,,,,,,,
2020-09-21,0,,,,,,,,,,,,,,,,,,,,,,,,,
2020-09-22,0,,,,,,,,,,,,,,,,,,,,,,,,,
2020-09-23,0,,,,,,,,,,,,,,,,,,,,,,,,,
2020-09-24,1,f.a.a. says harrison ford can continue flying,,,,,,,,,,,,,,,,,,,,,,,,
2020-09-25,0,former ford ceo sells miami beach mansion for $18m (photos),,,,,,,,,,,,,,,,,,,,,,,,
2020-09-28,1,ford&quot;s unionized canada workers ok contract; c$1.8b for ev battery production,ford reveals plans to build electric vehicles in canada,union workers vote to approve collective bargaining deal with ford,ford applies for german covid-19 loan guarantees - handelsblatt,"autotrader: check out the mustang mach-e, ford&quot;s electric suv",,,,,,,,,,,,,,,,,,,,
2020-09-29,0,exro technologies appoints former ford global chief engineer julie wurmlinger to board of directors,"thinking about trading options or stock in advanced micro devices, bank of america, ford, solaredge technologies, or caterpillar?",ford motor (nyse:f) receives daily news impact rating of 0.20,ford (f) reaches historic 3-year deal with unifor in canada,ford to be canada&quot;s first maker of fully electric vehicles,,,,,,,,,,,,,,,,,,,,
2020-09-30,1,ford recalls over 700k vehicles due to faulty backup cameras,"ford recalls 700,000 vehicles for rearview camera failures; drops price of mustang mach-e",ford recalls over 700k vehicles; backup cameras can go dark,jim farley is asking everyone he meets how to fix ford,masternaut teams up with ford to provide fleet management services and solutions,ford cuts price of 2021 mustang mach-e: here&quot;s the breakdown,ford motor company issues one safety compliance recall and two safety recalls in north america,,,,,,,,,,,,,,,,,,
2020-10-01,1,a renter wanted to return to her childhood neighborhood. could she still afford it?,ford&quot;s new ceo hopes to win over wall street and boost profit margins by doubling down on trucks and mustangs,how a new ceo at ford plans to turn the automaker around,the electric ford f-150 could boast a toolbox-sized range-extending engine     - roadshow,new ford ceo makes dramatic changes in first day on the job,"ford new ceo farley eyes software, tech stack as differentiator vs. rivals","should you invest in apple, ford, morgan stanley, datadog, or exxon mobil?",new ford ceo jim farley&quot;s first move is an executive shake-up,ford finance boss will return to tech sector in management overhaul,ford cfo tim stone to leave company,a look into ford motor&quot;s debt,ford names john lawler cfo and unveils organizational changes,"ford&quot;s new ceo farley promises urgency at automaker, shakes up management",ford ceo says cheaper cars being added to global lineup,"new ford ceo replaces cfo, pledges stronger profit margins","ford&#39;s new ceo farley promises urgency at automaker, shakes up management","ford announces operational and leadership changes; will drive growth, improve execution, speed transformation","ford recalls more than 700k vehicles, cuts mustang mach-e price",sei investments co. cuts stake in ford motor (nyse:f),"ford motor (nyse:f) receiving neutral media coverage, study finds","ford motor (nyse:f) earning neutral press coverage, report shows",,,,
2020-10-02,1,,,,,,,,,,,,,,,,,,,,,,,,,
2020-10-05,1,,,,,,,,,,,,,,,,,,,,,,,,,
2020-10-06,0,,,,,,,,,,,,,,,,,,,,,,,,,
2020-10-07,1,,,,,,,,,,,,,,,,,,,,,,,,,
2020-10-08,1,,,,,,,,,,,,,,,,,,,,,,,,,
2020-10-09,0,"whitey ford, beloved yankees pitcher who confounded batters, dies at 91","in a golden era for the yankees, the mound belonged to whitey ford",,,,,,,,,,,,,,,,,,,,,,,
2020-10-12,1,,,,,,,,,,,,,,,,,,,,,,,,,
2020-10-13,0,,,,,,,,,,,,,,,,,,,,,,,,,
2020-10-14,0,ford and mellon foundations unveil initiative for disabled artists,,,,,,,,,,,,,,,,,,,,,,,,
2020-10-15,1,,,,,,,,,,,,,,,,,,,,,,,,,
2020-10-16,0,,,,,,,,,,,,,,,,,,,,,,,,,
2020-10-19,0,,,,,,,,,,,,,,,,,,,,,,,,,
2020-10-20,1,1.5 million new yorkers can’t afford food. pantries are their lifeline.,,,,,,,,,,,,,,,,,,,,,,,,
2020-10-21,1,,,,,,,,,,,,,,,,,,,,,,,,,
2020-10-22,1,"james redford, documentarian and environmentalist, dies at 58",,,,,,,,,,,,,,,,,,,,,,,,
2020-10-23,0,,,,,,,,,,,,,,,,,,,,,,,,,
2020-10-26,0,,,,,,,,,,,,,,,,,,,,,,,,,
2020-10-27,0,c-suite rides: ford&quot;s future doesn&quot;t have many cars but lexus&quot;s does (photos),"should you invest in alibaba, walt disney, intel corp, ford, or salesforce?",unusual options activity insight: ford motor,"executive wealth management llc has $405,000 stock holdings in ford motor (nyse:f)",should you buy ford (f) ahead of earnings?,lsv asset management lowers holdings in ford motor (nyse:f),lsv asset management reduces position in ford motor (nyse:f),"ford motor co. to donate nearly 500,000 masks to pittsburgh",,,,,,,,,,,,,,,,,
2020-10-28,1,ford and fiat chrysler report strong profits as car sales rebound.,ford now expects a full-year profit after earnings crush estimates,ford crushes q3 views with surprise earnings jump; 2020 profit outlook turns positive,"fords strong q3 driven by higher demand, operating execution, with game-changing vehicle launches starting in fourth quarter","ford&quot;s strong q3 driven by higher demand, operating execution, with game-changing vehicle launches starting in fourth quarter","steel peak wealth management llc has $106,000 holdings in ford motor (nyse:f)",will ford stock pop after earnings?,"a peek into the markets: us stock futures tumble; ge, ford earnings in focus",$32.70 billion in sales expected for ford motor (nyse:f) this quarter,,,,,,,,,,,,,,,,
2020-10-29,0,stephen weiss weighs in on ford,ford hauls stock markets higher; pinterest paints a pretty profit picture,"the zacks analyst blog highlights: pinterest, etsy, gilead and ford",there were 4 key factors to ford outperforming third-quarter earnings expectations,"stocks making the biggest moves midday: pinterest, ford, spotify, ebay & more","the ratings game: ford blew away wall street expectations, but here&quot;s what analysts are looking at next",wall street reacts to ford&quot;s strong q3: &quot;investors are getting excited&quot;,ford will reveal a battery-electric transit commercial van next month,"state of michigan retirement system acquires 227,500 shares of ford motor (nyse:f)",ford will unveil its electric transit delivery van on november 12th,ford and gm lied. the planet died. part two,"ford&quot;s (f) q3 earnings &amp; sales surpass estimates, up y/y","top analyst upgrades and downgrades: amgen, boeing, ebay, etsy, fastly, fiverr, ford, ge, gilead, pinterest, six flags and more","use it or lose it: new data tells ford, others, which features we really use",ford motor&quot;s debt overview,"thinking about buying stock in ford, biontech, pacific ethanol, inphi corp, or niu technologies?",ford e-transit electric van to debut on nov. 12     - roadshow,ford motor company 2020 q3 - results - earnings call presentation,consumers around the world are ready for green delivery as ford prepares to unveil e-transit on nov. 12,ford motor company (f) ceo jim farley on q3 2020 results - earnings call transcript,"pintrest, marvell, ford, ebay, alexion: what to watch when the stock market opens today",zacks: brokerages expect ford motor (nyse:f) will announce earnings of $0.22 per share,ford to unveil all-electric transit cargo van next month,ford (f) q3 2020 earnings call transcript,"ford sees full-year pretax profit, posts stronger than expected quarterly earnings"
2020-10-30,0,"peter secchia, confidant of ford and bush, dies at 83","ford aims high with hands-free f-150, mustang driving feature",ford&quot;s price target raised to $9 by morgan stanley,"ford advancing hands-free driver assist technology and making it more mainstream with f-150, mustang mach-e","ford eyes first-year sales of 100,000 vehicles with hands-free driving system",ford brings hands-free driving to f-150 and mach-e with active drive assist     - roadshow,ford plans to unveil all-electric transit van as home deliveries skyrocket,,,,,,,,,,,,,,,,,,
2020-11-02,0,,,,,,,,,,,,,,,,,,,,,,,,,
2020-11-03,1,,,,,,,,,,,,,,,,,,,,,,,,,
2020-11-04,0,,,,,,,,,,,,,,,,,,,,,,,,,
2020-11-05,1,,,,,,,,,,,,,,,,,,,,,,,,,
2020-11-06,0,,,,,,,,,,,,,,,,,,,,,,,,,
2020-11-09,1,,,,,,,,,,,,,,,,,,,,,,,,,
2020-11-10,1,key justices signal support for affordable care act,affordable housing for soho,,,,,,,,,,,,,,,,,,,,,,,
2020-11-11,0,,,,,,,,,,,,,,,,,,,,,,,,,
2020-11-12,0,"senator james lankford, a republican, says he would ‘step in’ to make sure biden receives daily briefings.",,,,,,,,,,,,,,,,,,,,,,,,
2020-11-13,1,they met in touchy-feely 101 at stanford,,,,,,,,,,,,,,,,,,,,,,,,
2020-11-16,1,,,,,,,,,,,,,,,,,,,,,,,,,
2020-11-17,1,,,,,,,,,,,,,,,,,,,,,,,,,
2020-11-18,1,,,,,,,,,,,,,,,,,,,,,,,,,
2020-11-19,0,"derek fordjour, from anguish to transcendence",,,,,,,,,,,,,,,,,,,,,,,,
2020-11-20,0,,,,,,,,,,,,,,,,,,,,,,,,,
2020-11-23,1,,,,,,,,,,,,,,,,,,,,,,,,,
2020-11-24,1,lesson of the day: ‘oxford’s 2020 word of the year? it’s too hard to isolate’,ford orders 12 ultra-cold freezers to distribute covid-19 vaccines to employees,why ford stock is roaring higher today,"should you invest in general electric, nio, bank of america, ford, or pfizer?",ford orders 12 ultra-cold freezers to distribute covid-19 vaccines,"westpac banking corp purchases 74,675 shares of ford motor (nyse:f)",ford&quot;s new ceo tackles warranty costs in bid to boost profit,,,,,,,,,,,,,,,,,,
2020-11-25,0,"&quot;halftime report&quot; traders weigh in on ford, gm and fisker",ford stock downgraded to hold at morgan stanley,"ford preps for a coronavirus vaccine, buys big freezers     - roadshow","morgan stanley downgrades ford, says ev strategy is &quot;not fully clear&quot;",gm wins out over ford in morgan stanley&quot;s battle of detroit,mike khouw sees unusual options activity in ford,ford motor (nyse:f) downgraded by morgan stanley,improving cash flows put gm and ford dividends in line for restoration,covid-19: ford orders 12 ultra-cold freezers,ford orders 12 ultra-cold freezers for in-house distribution of covid-19 vaccines,,,,,,,,,,,,,,,
2020-11-27,0,ford can be fixed. why its stock could double.,"wells fargo, ford: latest upgrades and downgrades",ford motor (nyse:f) stock rating lowered by morgan stanley,,,,,,,,,,,,,,,,,,,,,,
2020-11-30,0,ford to convert cologne factory for meb based ev production,ford motor (nyse:f) shares sold by seeyond,"fjarde ap fonden fourth swedish national pension fund acquires 126,500 shares of ford motor (nyse:f)",andra ap fonden lowers holdings in ford motor (nyse:f),,,,,,,,,,,,,,,,,,,,,
2020-12-01,1,lesson of the day: ‘1.5 million new yorkers can’t afford food. pantries are their lifeline.’,bearish ford option trader bets $1.1m stock is headed lower over the next 2 years,"should you invest in micron technology, ford motor, intel corp, american airlines, or carnival corp?",ford motor company&quot;s (f) management presents at bank of america 2020 leveraged finance virtual conference (transcript),ford urges other automakers to follow california clean air rules,,,,,,,,,,,,,,,,,,,,
2020-12-02,1,"how francis ford coppola got pulled back in to make ‘the godfather, coda’","bay ridge, brooklyn: convenient to manhattan, but more affordable",,,,,,,,,,,,,,,,,,,,,,,
2020-12-03,0,,,,,,,,,,,,,,,,,,,,,,,,,
2020-12-04,1,the hartford courant’s newsroom is closing down.,,,,,,,,,,,,,,,,,,,,,,,,
2020-12-07,0,,,,,,,,,,,,,,,,,,,,,,,,,
2020-12-08,1,,,,,,,,,,,,,,,,,,,,,,,,,
2020-12-09,1,a ‘godfather’ guide: how francis ford coppola’s trilogy has evolved,,,,,,,,,,,,,,,,,,,,,,,,
2020-12-10,0,,,,,,,,,,,,,,,,,,,,,,,,,
2020-12-11,0,,,,,,,,,,,,,,,,,,,,,,,,,
2020-12-14,0,stanford’s tara vanderveer ties record for coaching wins,"captrust financial advisors buys 45,770 shares of ford motor (nyse:f)",exoduspoint capital management lp invests $1.16 million in ford motor (nyse:f),public employees retirement system of ohio increases stock position in ford motor (nyse:f),brokerages expect ford motor (nyse:f) will post quarterly sales of $33.30 billion,demand for 2021 ford f-150 pickups exceeds supply: buyers want &quot;steak in a hamburger world&quot;,,,,,,,,,,,,,,,,,,,
2020-12-15,1,new electric ford mustang starts to hit showrooms,,,,,,,,,,,,,,,,,,,,,,,,
2020-12-16,0,"virtu financial llc invests $686,000 in ford motor (nyse:f)",,,,,,,,,,,,,,,,,,,,,,,,
2020-12-17,0,how the oxford-astrazeneca vaccine works,ford receives world environment center&quot;s 2020 gold medal award for corporate sustainability,review: the ford bronco sport is a capable crossover that will win over the suburbs,,,,,,,,,,,,,,,,,,,,,,
2020-12-18,0,bill ford: ‘our family name is on the line every day’,general motors and ford won&quot;t mandate covid-19 vaccinations for employees,tesla competitor analysis: reviews of the ford mustang mach-e,bill ford: &quot;our family name is on the line every day&quot;,"teachers retirement system of the state of kentucky sells 17,588 shares of ford motor (nyse:f)",,,,,,,,,,,,,,,,,,,,
2020-12-21,1,"ford poised to soar 34% higher, says analyst","ford supports insuretech revolution with insurance carriers, ford insure and lincoln motor company insure, using embedded telematics to help customers save on auto policies",ford&quot;s manufacturing chief among 3 execs to retire,ford motor company issues two safety recalls in north america,,,,,,,,,,,,,,,,,,,,,
2020-12-22,0,watch this teaser video from ford showing electric f-150 playing in snow with mustang mach e,"ford recalling 30,000 full-size vans, explorers and aviators",,,,,,,,,,,,,,,,,,,,,,,
2020-12-23,1,"simple, affordable and socially distanced, snowshoeing gets hot",ford motor (nyse:f) pt raised to $12.00,,,,,,,,,,,,,,,,,,,,,,,
2020-12-24,0,,,,,,,,,,,,,,,,,,,,,,,,,
2020-12-28,0,,,,,,,,,,,,,,,,,,,,,,,,,
2020-12-29,0,ride stock price: $35 target by r.f. lafferty,"the zacks analyst blog highlights: baidu, tesla, general motors, ford and volkswagen",,,,,,,,,,,,,,,,,,,,,,,
2020-12-30,1,u.k. authorizes covid-19 vaccine from oxford and astrazeneca,"ford begins deliveries of mustang mach-e with competitive price, 300-mile range",find cheap stocks under $10 to buy for 2021 with this screener,,,,,,,,,,,,,,,,,,,,,,
2020-12-31,0,can you afford to buy a home?,ford and indian auto maker mahindra call off joint venture,ev company news for the month of december 2020,"ford, mahindra call off auto joint venture","bank of america, ford, general motors price analysis roundup",you think your job is tough: ford's futurist predicts 7 trends for 2021,u.s. auto market 2020 flashback and looking ahead to 2021,av investment roadmap - part 2: autonomous ride services and the 'waymo bump' for alphabet,"tesla stock gains, e.l.f. beauty soars, and the stock market is super quiet",ford motor and bryan cranston urge americans to 'finish strong' and follow covid precautions,"ford, mahindra call off india auto jv",,,,,,,,,,,,,,
2021-01-04,0,,,,,,,,,,,,,,,,,,,,,,,,,
2021-01-05,1,mexico approved the oxford-astrazeneca vaccine for emergency use.,,,,,,,,,,,,,,,,,,,,,,,,
2021-01-06,1,,,,,,,,,,,,,,,,,,,,,,,,,
2021-01-07,1,,,,,,,,,,,,,,,,,,,,,,,,,
2021-01-08,0,"gabby giffords: 10 years ago, a gunman tried to silence me",,,,,,,,,,,,,,,,,,,,,,,,
2021-01-11,1,,,,,,,,,,,,,,,,,,,,,,,,,
2021-01-12,1,an inn or bike tour of your own: how to make buyouts more affordable,"ford sold 602,627 vehicles in china in 2020, up 6% year-on-year",,,,,,,,,,,,,,,,,,,,,,,
2021-01-13,0,7 great speculations for 2021,the electric vehicle revolution: is it really different this time?,,,,,,,,,,,,,,,,,,,,,,,
2021-01-14,1,"with a lot of optimism and vaccine hopes, u.s. auto sales could increase as much as 10% in 2021",china vehicle sales: ford vs. general motors,ford: a flagship 'epicenter' stock with ev upside and great management,,,,,,,,,,,,,,,,,,,,,,
2021-01-15,0,tesla might finally have some competition. from ford.,"tom lankford, 85, dies; southern journalist with divided loyalties",,,,,,,,,,,,,,,,,,,,,,,
2021-01-19,0,mexico 'flirting' with ford after u.s. carmaker bails on brazil,u.s. agency forcing ford to recall 3 million vehicles over air bags,ford (f) battles massive semiconductor supply deficit in india,guide to electric vehicle etfs,,,,,,,,,,,,,,,,,,,,,
2021-01-20,1,f stock price increased 8.38% today: why it happened,"4 top stock trades for thursday: nflx, f, unh, qqq",top consumer discretionary stocks for february 2021,"ford must recall 3m vehicles due to dangerous airbags, orders nhtsa",,,,,,,,,,,,,,,,,,,,,
2021-01-21,1,ford to take pension-related $1.5 billion charge in q4,ford to spend $610 million to recall 3 million vehicles due to potential air bag issues,ford to recall 3 million vehicles for air bags that could rupture,how option traders are playing ford following $2.7b rivian ev truck investment,call stock option activity is booming. why ford is a focus.,bulls bet ford will drive higher,why ford and fastly flew on a quiet stock market day,ford stock powers through three-year high,"ford shares on pace for best week since june on new products, earnings expectations",ford extends 3-day surge to 23% as rivian's big capital raise boosts the company's electric-car prospects (f),2021 auto stocks: ford is up 27% and general motors is up 34%,why ford stock is higher today,ford (f) enters first uptrend since 2013,ford (f) to recall 3m vehicles over takata airbag issue,,,,,,,,,,,
2021-01-22,0,gm and ford stock finally capture some of tesla's heat,friday's biggest analyst calls,ford finally forced to recall 3 million cars over air bag concerns,jpmorgan upgrades ford: 'incoming tide of hot new products',ford's ‘hot' new cars earn its stock an upgrade to buy from j.p. morgan,analyst optimistic on ford's upcoming product launch,ford warns investors: $2.1 billion in charges are coming,"ibm plunges, ford falls, and fauci spooks the stock market",,,,,,,,,,,,,,,,,
2021-01-25,0,"leaders of amazon, mastercard, and ford urge biden to be ""climate president"" in new letter",f stock price: $14 target (up from $11) by jpmorgan,tesla cybertruck loses out to ford f-150 in cox survey of us pickup buyers,,,,,,,,,,,,,,,,,,,,,,
2021-01-26,0,ford motor company (f) dips more than broader markets: what you should know,f vs. tsla: which stock is the better value option?,top ranked momentum stocks to buy for january 26th,has ford motor (f) outpaced other auto-tires-trucks stocks this year?,,,,,,,,,,,,,,,,,,,,,
2021-01-27,0,"crawford county, arkansas covid case and risk tracker","hartford county, connecticut covid case and risk tracker","bradford county, florida covid case and risk tracker","crawford county, georgia covid case and risk tracker","crawford county, illinois covid case and risk tracker","ford county, illinois covid case and risk tracker","blackford county, indiana covid case and risk tracker","woodford county, illinois covid case and risk tracker","crawford county, indiana covid case and risk tracker","crawford county, iowa covid case and risk tracker","ford county, kansas covid case and risk tracker","crawford county, kansas covid case and risk tracker","stafford county, kansas covid case and risk tracker","woodford county, kentucky covid case and risk tracker","oxford county, maine covid case and risk tracker","harford county, maryland covid case and risk tracker","crawford county, michigan covid case and risk tracker","wexford county, michigan covid case and risk tracker","crawford county, missouri covid case and risk tracker","strafford county, new hampshire covid case and risk tracker","guilford county, north carolina covid case and risk tracker","hertford county, north carolina covid case and risk tracker","there's a new ""short burn of the century""","abbott laboratories (abt) ceo, robert ford on q4 2020 results - earnings call transcript",will ford stock slow down ahead next week's earnings?
2021-01-28,0,"short sellers pump the brakes on tesla, hit the gas on ford, gm",wall street selloff makes good entry point: 5 stocks to grab,,,,,,,,,,,,,,,,,,,,,,,
2021-01-29,0,"biogen, 3d systems, duke energy, ford and more of friday afternoon's analyst calls",hilltop holdings' (hth) ceo jeremy ford on q4 2020 results - earnings call transcript,top ranked growth stocks to buy for january 29th,,,,,,,,,,,,,,,,,,,,,,
2021-02-01,1,millions of ford vehicles will run on google's android operating system starting in 2023,"ford, google partner on android-connected vehicles","ford partners with google to advance built-in apps, services",top ranked momentum stocks to buy for february 1st,powered by android: ford motor company's future cars will have google on board,ford vehicles will be powered by google's android operating system,"ford, google join hands to offer cloud-based data services",ford bets on google cloud for its digital transformation,ford and google sign six-year deal for in-car connectivity and cloud services,"ford picks google for cloud, next-gen android automotive infotainment","another big week for q4 earnings, econ news; on semi beats",ford stock looks fabulous ahead of earnings event,ford (f) to post q4 earnings: what's in store for the stock?,top 6 momentum stocks for february despite recent turmoil,the top 50 robinhood stocks in february,ford's stock fell last week – what should you know?,,,,,,,,,
2021-02-02,0,ford earnings: what to look for,top ranked momentum stocks to buy for february 2nd,"amid cuts elsewhere, ford will invest $1 billion to build more rangers in south africa",ford stock price moves higher on google android partnership,"ford (f), google team up for cloud services, vehicle connectivity",will ford motor company stock pop after earnings?,ford to invest $1 billion to upgrade south africa operations,,,,,,,,,,,,,,,,,,
2021-02-03,1,ford motor terminates electric vehicle plans with china's zotye,ford earnings are coming. what you need to know.,ford's forecast in focus as it wraps up year with quarterly loss,"earnings previews: activision blizzard, ford, peloton and t-mobile","2021 ford f-150 raptor arrives this summer, raptor r in 2022","ford unveils new version of highly profitable f-150 raptor performance pickup, plans v-8 model","ford's january sales fell, but the new f-150 is selling quickly",why ford motor stock accelerated in january,will surging sales in china beef up ford's (f) q4 earnings?,why ford (f) might surprise this earnings season,"ford's stock could surge 127% if the company is able to carve out a new revenue stream from data subscriptions, morgan stanley says","$1,000, 5 years later: ford's bumpy ride",,,,,,,,,,,,,
2021-02-04,0,ford motor company (f) ceo jim farley on q4 2020 results - earnings call transcript,"ford posts strong results, promises big bet on electric and self-driving cars",ford motor company (f) outpaces stock market gains: what you should know,"correcting and replacing multimedia ford raises planned investment in ev, av leadership to $29 billion; further advances turnaround of global automotive business in q4","ford reports unexpected 4th-quarter profit, aims to double ev investment",ford motor: q4 earnings insights,"ford's fourth-quarter operating income soars on europe turnaround, suv sales","ford doubles investment in electrification to $22b, $7b for avs","ford beats earnings, commits $29b to electric and autonomous vehicles","ford reports quarterly loss tops $2 billion, increases investment in electric vehicles","ford trades higher on q4 beat, automaker warns of semiconductor shortage's impact","ford boosts investment plan for evs and self driving vehicles, reports loss",ford is set to report results after the bell. here's what wall street expects,ford cuts production of f-150s amid a shortage of semiconductors,ford ends electric-car joint venture plan with china's zotye auto,top ranked growth stocks to buy for february 4th,chip shortage 2021: 7 companies feeling the heat from global semiconductor demand,chip shortage hits ford f-150 production,ford temporarily cuts output of some u.s. f-150 trucks amid semiconductor shortage,"ford to report earnings amid new vehicle launches, chip shortage",ford forced to cut profitable f-150 pickup truck production due to semiconductor chip shortage,buy 6 stocks ahead of earnings today after the closing bell,"ford (f) scales up south african operations, invests $1.05b",ford ceo promises 'year of action' as he accelerates company restructuring and transition to evs,
2021-02-05,0,"in ‘do-over,’ enrollment in affordable care act health insurance reopens","4 top stock trades for monday: f, clx, regn, lkncy",premarket prep stock of the day: ford motor company,"ford ceo confident in electric-vehicle strategy, says automaker won't 'cede the future to anyone'","ford says u.s. justice department, california end probe into emissions issue",8 stocks to buy for beginners in a hot market,ev stocks charging the future (video),"ford ‘is pulling a gm' with its bet on electric vehicles, and wall street applauds",ford ceo on the production impact of global chip shortages,"ford smashes 4th-quarter earnings estimates, ups investment in evs","gm, ford and other carmakers can't get enough chips. it's a huge problem",ford's investment in electric vehicles comes too late,"ford stock rises, peloton falls, and the market is ready for more fiscal stimulus",3 stocks to watch as shift to electric vehicle gains traction,5 top-ranked growth stocks to tap market rally in february,"wall street wrestles with how to value 100-year-old gm, ford as automaking goes all-in on evs","ford (f) beats on q4 earnings, boosts ev & av investments",,,,,,,,
2021-02-08,1,top ranked momentum stocks to buy for february 8th,"the station: uber slurps up drizly, ford doubles its ev budget and rad power bikes plots an expansion",are ford stock investors starting to believe in a connected ev future?,,,,,,,,,,,,,,,,,,,,,,
2021-02-09,1,"baidu, chipotle, dollar general, ford and more tuesday afternoon analyst calls","baidu rises, ford falls, and stocks are taking a breather","ford upgraded to buy at argus, with a price target that matches the street high",,,,,,,,,,,,,,,,,,,,,,
2021-02-10,0,biden administration urges supreme court to uphold affordable care act,"tuscan holdings is gaining traction, but where is microvast coming from?",ford stock takes a big left turn towards electric investment,ford: ways to profit from ford becoming the next ev meme stock,5 stocks to watch as auto sales look set for a rebound,,,,,,,,,,,,,,,,,,,,
2021-02-11,0,"millie hughes-fulford, nasa shuttle scientist, dies at 75","ford ceo calls for settlement between lg chem, sk innovation",gm is ahead of ford in the electric car race: jonas,how ford is tapping into the accelerating digital auto marketplace,a trade ruling just complicated ford's electric-truck plans,,,,,,,,,,,,,,,,,,,,
2021-02-12,1,rivian ipo prospect opens opportunities for these etfs,ford facing investment decisions for batteries and chip sourcing as profit threatened,,,,,,,,,,,,,,,,,,,,,,,
2021-02-16,1,ford sells stake in velodyne lidar: could automaker be looking elsewhere for autonomous tech?,key ford and gm plants to suspend operations,ford stock price increases over 40% pre-market: why it happened,,,,,,,,,,,,,,,,,,,,,,
2021-02-17,0,ford says it will phase out gasoline-powered vehicles in europe.,ford to go all electric in europe by 2030,ford plans all-electric passenger vehicles in europe by 2030,"ford accelerates toward an all-electric future in europe, as part of its $22 billion ev investment",ford europe to make only electric passenger cars by 2030,ford motor vows to sell only electric cars in europe by 2030,ford is investing $1 billion in germany as it goes electric in europe,"ford europe commits to ev-only future, first car due in 2023.",ford to switch to all-electric car range in europe by 2030,"ford invests $1 billion in german plant, targets move to 'all-electric' passenger vehicles in europe by 2030",ford is going all-in on electric vehicles in europe,treasury wine estates ltd (tsryy) ceo timothy ford on q2 2021 results - earnings call transcript,,,,,,,,,,,,,
2021-02-18,1,"ford recalling 153,000 vehicles in u.s., canada that could have faulty inflators",ford latest automaker to shut north american plants on u.s. winter weather,exclusive: ford puts projects with mahindra on hold as it reassesses india strategy - sources,,,,,,,,,,,,,,,,,,,,,,
2021-02-19,1,"milford graves, singular drummer and polymath, dies at 79",2 top tech stocks to buy now for big growth,ford asks dealers to lend f-150s with generators amid texas power outage,how ford is helping out texas,fsr stock price: $23 target by r.f. lafferty,,,,,,,,,,,,,,,,,,,,
2021-02-22,1,"ford's chief sustainability, environment & safety officer bob holycross to speak at rbc global esg conference on feb. 25",,,,,,,,,,,,,,,,,,,,,,,,
2021-02-23,1,is this the biggest winner from rivian automotive's massive ipo?,"with the lucid motors merger confirmed, cciv stock is your 10x opportunity","ford's stock hasn't done this in 6 years, chart analyst says as wall street grows optimistic on consumer plays",,,,,,,,,,,,,,,,,,,,,,
2021-02-24,1,why ford motor stock is climbing today,"ford ceo calls on u.s. government to support ev batteries, charging",ford could get a piece of oshkosh usps contract as engine supplier: detroit free press,,,,,,,,,,,,,,,,,,,,,,
2021-02-25,0,"us needs to make batteries on a large-scale to avoid chip-like shortage, says ford ceo",,,,,,,,,,,,,,,,,,,,,,,,
2021-02-26,0,ford's european production halt to have a large impact,,,,,,,,,,,,,,,,,,,,,,,,
2021-03-01,1,jim cramer says these five reopening stocks are being ignored by wall street,cuomo accuser hires christine blasey ford lawyer ahead of sexual harassment investigation,7 value stocks ready for the next 10 years,,,,,,,,,,,,,,,,,,,,,,
2021-03-02,1,"new etf ""buzz"" launches with focus on trending, internet topics","growth stocks lead market lower; ford reclaims buy points as target, zoom reverse lower",buzz etf: the top 10 holdings in dave portnoy's new social media sentiment fund,,,,,,,,,,,,,,,,,,,,,,
2021-03-03,0,"growth stocks lead market lower; ford reclaims buy points as target, zoom reverse lower",option trade for ford stock with an unlimited potential upside gain,why e.l.f. beauty stock rose 18% in february,chip shortage may end semis' perfect storm prematurely,"digital transformation comes to energy, autos, and currency - jon markman and greg king join alpha trader (podcast transcript)",,,,,,,,,,,,,,,,,,,,
2021-03-04,0,u.s. itc criticizes ford for pursuing sk innovation battery deals,ford quietly begins production of new 'c' pickup in mexico,tesla is bleeding battery ev market share to ford's mustang mach-e: morgan stanley,,,,,,,,,,,,,,,,,,,,,,
2021-03-05,1,ford rejects u.s. itc criticism over sk innovation battery deals,ford senior leaders to describe opportunities in europe at jefferies conference on march 10,former ford ceo on what he expects from the auto industry's ev push,demand looks very high for ford's tesla-fighting mustang mach-e,ford's mustang mach-e is eating into tesla's us sales,,,,,,,,,,,,,,,,,,,,
2021-03-08,1,4 stocks hampered by this continued shortage of semiconductors,,,,,,,,,,,,,,,,,,,,,,,,
2021-03-09,0,ford motor company (f) stock sinks as market gains: what you should know,"ford's focus on strengths, evs to drive growth",,,,,,,,,,,,,,,,,,,,,,,
2021-03-10,1,obamacare’s about to get a lot more affordable. these maps show how.,why did this analyst upgrade e.l.f. beauty stock?,"buy e.l.f. beauty stock, analyst says. the stimulus will help it this spring.",,,,,,,,,,,,,,,,,,,,,,
2021-03-11,0,ford mustang mach-e grabs electric vehicle share from tesla,buckle in for a wild ride with churchill capital iv spac,,,,,,,,,,,,,,,,,,,,,,,
2021-03-12,1,ford to launch recall of 2.9 million vehicles for air bag inflators,friday morning market highlights,,,,,,,,,,,,,,,,,,,,,,,
2021-03-15,0,stanford earns the top seed in the women’s n.c.a.a. tournament,cramer says ford and gm are in style on the wall street fashion show,"cramer says ford, general motors are picking up momentum as tesla shares slip",ford motor company (f) stock sinks as market gains: what you should know,ford appoints mobility veteran brett wheatley as transloc ceo,ovintiv (ovv) advances the divestment of eagle ford acreage,"ford, infiniti in spotlight on china consumer rights show",ford is here to win,ford (f) recalls 2.6m vehicles to replace faulty takata airbags,,,,,,,,,,,,,,,,
2021-03-16,0,affordable housing earns french couple the pritzker prize,f stock price fell 5.38%: why it happened,"uaw criticizes ford plan to build new vehicle in mexico, not ohio",ford debuts 2021 f-150 police responder: what you need to know,ford expands robotics research with $75 million u-m facility,"gm and ford take cues from tesla's success, but try to avoid musk's mistakes",ford just announced another battery-electric commercial van,ford to offer $2 billion in bonds; may refinance high-interest debt from 2020,ford announces $2 billion convertible notes offering,ford's turkish joint venture to produce electric vans from 2023,,,,,,,,,,,,,,,
2021-03-17,1,ford to allow some employees work-from-home flexibility,why ford stock could be an interesting play for options bulls,lordstown to report for first time amid short-seller battle,chip crunch throws auto market in disarray: no quick fix in sight,"ford (f) to build e-vans in turkey, revs up ev game in europe",ford to launch flexible work-from-home plan as employees return to offices this summer,can ford and gm catch tesla?,,,,,,,,,,,,,,,,,,
2021-03-18,0,ford to build some f-150 trucks without certain parts due to global chip shortage,"ford to only partially assemble some vehicles, idle two plants due to global chip shortage",4 disruptive auto industry changes creating ‘the perfect storm',united auto workers union rejects ford plan to build new car in mexico instead of ohio: 'corporate greed',,,,,,,,,,,,,,,,,,,,,
2021-03-19,0,ford surges on barclays upgrade — traders debate the call,ford will build f-150s without key computer chips amid global semiconductor shortage,why ford stock is moving higher today,etf spotlight: ford sees strong recovery from pandemic lows,ford stock gets a nod from another analyst,"amazon, fedex, ford, nike: jim cramer's stock market breakdown - march 19",barclays upgrades ford as partnership with vw takes fight to tesla,barclays upgrades ford as vw partnership accelerates shift to electric vehicles,ford upped to overweight by barclays on electric-vehicle view,"chip shortage continues to take toll with ford, nissan idling several us production sites",,,,,,,,,,,,,,,
2021-03-22,1,"11 years on, the affordable care act defies opponents and keeps expanding",ford motor company (f) gains but lags market: what you should know,jim cramer says cyclical stocks are worth buying after monday's dip,"ford (f) reveals features of 2021 equator, battles chip crunch",,,,,,,,,,,,,,,,,,,,,
2021-03-23,0,f stock price: $16 target by barclays,f stock price fell over 3.5% intraday: why it happened,ford (f) boosts productivity of commercial vehicles with fordliive,,,,,,,,,,,,,,,,,,,,,,
2021-03-24,0,,,,,,,,,,,,,,,,,,,,,,,,,
2021-03-25,1,"ford can be sued in states where accidents occurred, supreme court rules",chip shortage leads ford to idle f-150 plant through sunday,u.s. supreme court rules against ford in product liability venue dispute,ford temporarily shuts down more production due to chip shortage,ford idles f-150 truck plant through sunday due to global chip shortage,should i buy ford shares after barclays raised its price target to $16?,ford to phase out mondeo sedan production in europe in early 2022,,,,,,,,,,,,,,,,,,
2021-03-26,0,klfb trial lawyers win important u.s. supreme court ruling in ford product defect lawsuit,ford stock dips after idling f-150 production,ford's f-150 generator takes power on the go,,,,,,,,,,,,,,,,,,,,,,
2021-03-29,0,ford motor company (f) dips more than broader markets: what you should know,"ford (f) to ramp up ev game in europe, invest in spain plant",,,,,,,,,,,,,,,,,,,,,,,
2021-03-30,1,will ford restore its stock dividend this year - evaluating the considerations,,,,,,,,,,,,,,,,,,,,,,,,
2021-03-31,0,south carolina and stanford round out women’s final four,the return of strong earnings growth,ford slashes vehicle production at seven plants in north america due to chip shortage,ford will reduce production at several plants because of chip shortage,ford to provide update on financial impact of chip shortage on april 28,thunder bridge acquisition ii is worth a look after resetting to its ipo levels,,,,,,,,,,,,,,,,,,,
2021-04-01,0,"toyota sales jump, but g.m. and ford’s rebounds are weaker.",forget saas -- these stocks are the nasdaq's new leaders,"chip shortage: micron and western digital eye deal for kioxia, ford halts production at some plants",ford electrified vehicle sales up 74 percent on strong sales of mustang mach-e and f-150 powerboost hybrid,why ford shares have room to run,general motors reports 4% rise in first-quarter u.s. auto sales,ford and mahindra to end collaboration on all projects in india,,,,,,,,,,,,,,,,,,
2021-04-05,1,stanford wins n.c.a.a. women’s basketball title for first time in 29 years,ford stock price: $15 target by wells fargo,gm and ford are buys right now: analyst,here's why ford stock and gm stock are racing higher today,"wells fargo rates ford, gm as overweight",why this investor is bullish on gm and ford,ford's retail sales surge 23% amid booming demand for trucks and the mustang mach-e,ford stock price: $16 target (up from $14) by jefferies,,,,,,,,,,,,,,,,,
2021-04-06,1,who can actually afford to live in portland?,why stanford should clone itself,where ford motor stands with analysts,tesla 'fanbois' are harassing ford mustang mach-e owners online: freep,,,,,,,,,,,,,,,,,,,,,
2021-04-07,0,ford motor company (f) stock sinks as market gains: what you should know,ford launches psa to combat vaccine misinformation,,,,,,,,,,,,,,,,,,,,,,,
2021-04-08,0,gabrielle giffords’s group will install a memorial to gun violence victims on the national mall.,ford motor company announces details for q1 2021 earnings conference call,ford's china sales surge 73% as restructuring plan takes hold,,,,,,,,,,,,,,,,,,,,,,
2021-04-09,1,ford plans to run plants through traditional summer shutdown to recover from chip shortage,"ford, gm, intel among companies due to participate in white house meeting on chip shortage",impacts from semiconductor shortages grow for ford and gm,"chip shortage forces more production cuts by gm, ford","gm, ford's temporary shutdowns over chip shortage spread to more factories in north america",,,,,,,,,,,,,,,,,,,,
2021-04-12,0,an affordable duplex that’s good for dogs and drums,how the end to a south korean battery battle paves the way for ford and volkswagen's electric-vehicle race,is f.n.b. corporation (fnb) a good value investor stock?,biden meets today with executives on chip shortage as u.s. auto industry feels the pain,china auto sales on fast track: will it hit a speed bump?,,,,,,,,,,,,,,,,,,,,
2021-04-13,0,ford motor company (f) stock sinks as market gains: what you should know,"ford, gm among michigan companies opposing republican-backed voting limits","ford, gm stocks are getting ready for their next move",ford partners with nio on charging as chinese auto giant geely eyes ev deal,3 legacy automakers to watch as the shift to evs speeds up,,,,,,,,,,,,,,,,,,,,
2021-04-14,1,"living in ... west hartford, conn.","west hartford, conn.: a suburb with an urban aesthetic",ford ceo takes shot at tesla for using customers to test unfinished tech,"ford takes aim at tesla, gm with its new hands-free driving system",ford outlines further production cuts due to global chip shortage,"ford brands level 2 hands-free driving as bluecruise, goes on 110k mile road trip",,,,,,,,,,,,,,,,,,,
2021-04-15,0,affordable housing forever,ford ceo takes a dig at tesla while teasing own self-driving tech,,,,,,,,,,,,,,,,,,,,,,,
2021-04-16,0,,,,,,,,,,,,,,,,,,,,,,,,,
2021-04-19,0,ford motor company (f) dips more than broader markets: what you should know,ford to start on-site covid-19 vaccination for u.s. employees,"ford's sales jumped 7.7% in europe as puma suv, commercial vehicles shine",,,,,,,,,,,,,,,,,,,,,,
2021-04-20,0,bradley whitford finds inspiration in the theater (and dog park),abbott laboratories (abt) ceo robert ford on q4 2020 results - earnings call transcript,,,,,,,,,,,,,,,,,,,,,,,
2021-04-21,1,sierra teller ornelas on the roots of ‘rutherford falls’,f stock: $15 target by bank of america,f vs. foxf: which stock is the better value option?,is ford motor (f) stock outpacing its auto-tires-trucks peers this year?,,,,,,,,,,,,,,,,,,,,,
2021-04-22,0,detroit's big 3 automakers look charged up for earnings,why ford (f) is set to maintain earnings beat streak in q1,ford motor stock revs higher following upgrade,"live | chipotle, airlines, ford: jim cramer's stock market breakdown- april 22",chip shortage prolongs ford production halt at 5 north american factories,ford is the first legacy car manufacturer to get its ev strategy right,,,,,,,,,,,,,,,,,,,
2021-04-23,1,hilltop holdings inc.'s (hth) ceo jeremy ford on q1 2021 results - earnings call transcript,,,,,,,,,,,,,,,,,,,,,,,,
2021-04-26,0,"hester ford, oldest american, dies",ford is moving in the right direction,"with biden as an ally, united auto workers union prepares to fight for ev jobs",cramer on chip shortage: 'we're starting to see the end of the tightness',will surging sales in north america drive ford's (f) q1 earnings?,,,,,,,,,,,,,,,,,,,,
2021-04-27,1,ford opening $185 million battery development park,ford to open new lab to develop next-gen lithium-ion and solid-state batteries,ford accelerates ev battery development,"ford takes steps toward making battery cells for electric vehicles, following tesla and gm","ford to establish ""ion park"" battery center of excellence in se michigan","cramer says tesla failed to deliver 'blowout quarter,' believes ford and gm pose a threat",earnings preview: ford motor,ford's stock to remain muted post earnings?,,,,,,,,,,,,,,,,,
2021-04-28,0,global chip shortage will slash ford’s production by about half in the second quarter.,ford motor company (f) ceo jim farley on q1 2021 results - earnings call transcript,big winners in big tech for the quarter,"ford ceo expects chip shortage impact to bottom in q2, production rebound in second half of year",ford q1 2021 earnings report recap,ford's earnings crushed estimates -- but the chip shortage is getting worse,ford posts strong earnings but warns chip shortage will get worse before it gets better,"ford's earnings crushed expectations, chip shortage is starting to hurt",ford to pause output at mexico plant amid supply shortages - sources,ford expects to lose 50% of q2 production due to chip shortage,"earnings results: ford swings to first-quarter profit, but stock falls","ford posts profit, sees chip shortage bottoming out in second quarter",ford is set to report results after the bell. here's what wall street expects,"united auto workers presses gm, ford on unionizing battery plants","ford (f) steps up battery r&d, to establish new battery center",will ford's stock pop after earnings?,ford earnings: what to look for,"8 stocks to watch for april 28, 2021",,,,,,,
2021-04-29,0,"cramer backs ford, undrafted in the cnbc stock draft, to outperform recovery favorites","ford dives 10% after warning 2nd-quarter production will be halved by a chip shortage (f, inx)",ford skids on anticipated production shortages for 2nd quarter,ford nears decision to license vw tech for second european ev: bloomberg news,ford's 'confusing' 2021 guidance is hurting its stock despite blowout first-quarter earnings,the ratings game: ford's ‘massive' first-quarter beat overshadowed by chip-shortage headwinds,"ford smashes 1st-quarter earnings estimates, plans to double ev investment","ford slumps 10% after being hit by chip shortage, drags down rival gm, suppliers",cramer on how the global chip shortage impacted ford's earnings,ford's production cut wowed. what wall street is saying.,why ford motor company stock is getting clobbered today,why are ford and general motors trading lower today?,"8 stocks to watch for april 29, 2021",,,,,,,,,,,,
2021-04-30,1,"gm ceo mary barra total compensation rose to $23.7 million in 2020, double what rival ford ceo made",f stock: from $12.43 to $11.26 explanation,,,,,,,,,,,,,,,,,,,,,,,
2021-05-03,1,"ford is boosting its stake in battery start-up solid power, a key quantumscape rival","ford could produce its own ev battery cells by 2025, executive says","exclusive: ford, bmw lead $130 million investing round in solid-state battery startup",ford motor: why you should buy the post-earnings dip,,,,,,,,,,,,,,,,,,,,,
2021-05-04,0,"ford to focus on mobility, equity and access at its first 2021 city of tomorrow summit","argo's new lidar sensor could help ford, vw deploy self-driving vehicles at scale",churchill capital corp iv can carve a profitable ev niche,new lidar brings ford-backed argo ai a big step closer to full self-driving,f stock: from $11.62 to $11.23 (3.36% decrease) intraday explanation,"despite tight inventories, ford's u.s. sales surged 65% in april","ford april vehicle sales jumped to nearly 200,000, as ev sales soared nearly fourfold",ford electrified vehicle sales post best sales month ever – up 262 percent on mustang mach-e and f-150 powerboost hybrid,"automakers, dealers see low inventory after another huge month of sales",,,,,,,,,,,,,,,,
2021-05-05,1,"‘girls5eva,’ ‘rutherford falls’ and the nostalgia trap","johnny crawford, a western hero’s son on ‘the rifleman,’ dies at 75","semiconductor shortage hits ford bronco suv, ranger pickup production",the latest chip shortage shutdown will cost ford an estimated $1.2 billion in revenue,"ford to launch new off-road timberline models this summer, starting with explorer suv",ford launching new off-road timberline models starting with explorer suv,,,,,,,,,,,,,,,,,,,
