Date,Label,top1,top2,top3,top4,top5,top6,top7,top8,top9,top10,top11,top12,top13,top14,top15,top16,top17,top18,top19,top20,top21,top22,top23,top24,top25,top26,top27,top28,top29,top30,top31,top32,top33,top34,top35,top36,top37,top38,top39,top40,top41,top42,top43,top44,top45,top46
2020-01-02,1,,,,,,,,,,,,,,,,,,,,,,,,,,,,,,,,,,,,,,,,,,,,,,
2020-01-03,1,,,,,,,,,,,,,,,,,,,,,,,,,,,,,,,,,,,,,,,,,,,,,,
2020-01-06,1,,,,,,,,,,,,,,,,,,,,,,,,,,,,,,,,,,,,,,,,,,,,,,
2020-01-07,0,,,,,,,,,,,,,,,,,,,,,,,,,,,,,,,,,,,,,,,,,,,,,,
2020-01-08,1,,,,,,,,,,,,,,,,,,,,,,,,,,,,,,,,,,,,,,,,,,,,,,
2020-01-09,1,,,,,,,,,,,,,,,,,,,,,,,,,,,,,,,,,,,,,,,,,,,,,,
2020-01-10,0,,,,,,,,,,,,,,,,,,,,,,,,,,,,,,,,,,,,,,,,,,,,,,
2020-01-13,1,,,,,,,,,,,,,,,,,,,,,,,,,,,,,,,,,,,,,,,,,,,,,,
2020-01-14,0,,,,,,,,,,,,,,,,,,,,,,,,,,,,,,,,,,,,,,,,,,,,,,
2020-01-15,1,,,,,,,,,,,,,,,,,,,,,,,,,,,,,,,,,,,,,,,,,,,,,,
2020-01-16,1,,,,,,,,,,,,,,,,,,,,,,,,,,,,,,,,,,,,,,,,,,,,,,
2020-01-17,0,,,,,,,,,,,,,,,,,,,,,,,,,,,,,,,,,,,,,,,,,,,,,,
2020-01-21,0,,,,,,,,,,,,,,,,,,,,,,,,,,,,,,,,,,,,,,,,,,,,,,
2020-01-22,0,,,,,,,,,,,,,,,,,,,,,,,,,,,,,,,,,,,,,,,,,,,,,,
2020-01-23,1,,,,,,,,,,,,,,,,,,,,,,,,,,,,,,,,,,,,,,,,,,,,,,
2020-01-24,0,,,,,,,,,,,,,,,,,,,,,,,,,,,,,,,,,,,,,,,,,,,,,,
2020-01-27,1,,,,,,,,,,,,,,,,,,,,,,,,,,,,,,,,,,,,,,,,,,,,,,
2020-01-28,1,,,,,,,,,,,,,,,,,,,,,,,,,,,,,,,,,,,,,,,,,,,,,,
2020-01-29,1,,,,,,,,,,,,,,,,,,,,,,,,,,,,,,,,,,,,,,,,,,,,,,
2020-01-30,0,microsoft&quot;s brad smith: we need more tech regulation,microsoft&quot;s surface success is chasing down apple&quot;s boring macbook,"tech daily: apple, facebook, microsoft, amd earnings","dupont, carnival fall; microsoft, tesla rise",microsoft&quot;s surface duo can beat samsung with two features,"microsoft is pulling away from competitors, as a banner quarter shows",microsoft&quot;s chief financial officer in portugal shares lessons from her childhood,dow jones news: microsoft and coca-cola report strong results,"stocks making the biggest moves midday: tesla, penn national gaming, facebook, microsoft & more",the ratings game: microsoft stock rallies amid chorus of earnings praise: &quot;what more could you want?&quot;,microsoft&quot;s azure returns to growth: 5 etfs to buy,microsoft shares hit an all-time high after company crushes earnings forecasts,culture is the most surprising reason microsoft stock will keep rising,story stocks: microsoft&quot;s strong cloud growth has shares floating to new highs (msft),,,,,,,,,,,,,,,,,,,,,,,,,,,,,,,,
2020-01-31,0,"top stock analyst reports for microsoft, facebooknovartis","apple, amazon, microsoft and alphabet have traveled similar paths on the road to $1 trillion","now in microsoft 365: new tools for firstline workers, supercharged search and more",himss 20 coming in march; microsoft health innovation awards 2020 now open for submission,is microsoft (msft) stock outpacing its computer and technology peers this year?,another stellar quarter for microsoft,xbox series x vs playstation 5: microsoft has one pretty huge advantage over sony,microsoft issues excel security alert as $100 million &quot;evil corp&quot; campaign evolves,microsoft co. (nasdaq:msft) shares sold by columbus circle investors,columbus circle investors decreases position in microsoft co. (nasdaq:msft),microsoft (nasdaq:msft) reaches new 12-month high after earnings beat,microsoft (nasdaq:msft) sets new 12-month high following strong earnings,microsoft (nasdaq:msft) earns daily coverage optimism rating of -1.18,brand asset management group inc. sells 152 shares of microsoft co. (nasdaq:msft),"birch capital management llc purchases shares of 29,708 microsoft co. (nasdaq:msft)",autus asset management llc has $1.54 million holdings in microsoft co. (nasdaq:msft),autus asset management llc sells 325 shares of microsoft co. (nasdaq:msft),microsoft co. (nasdaq:msft) stock holdings raised by 10 15 associates inc.,microsoft (nasdaq:msft) receives buy rating from bank of america,microsoft (nasdaq:msft) shares gap up  following better-than-expected earnings,microsoft (nasdaq:msft) shares gap up  following strong earnings,why microsoft and tesla are the decade&quot;s big disrupters,,,,,,,,,,,,,,,,,,,,,,,,
2020-02-03,1,,,,,,,,,,,,,,,,,,,,,,,,,,,,,,,,,,,,,,,,,,,,,,
2020-02-04,1,,,,,,,,,,,,,,,,,,,,,,,,,,,,,,,,,,,,,,,,,,,,,,
2020-02-05,0,,,,,,,,,,,,,,,,,,,,,,,,,,,,,,,,,,,,,,,,,,,,,,
2020-02-06,1,,,,,,,,,,,,,,,,,,,,,,,,,,,,,,,,,,,,,,,,,,,,,,
2020-02-07,1,,,,,,,,,,,,,,,,,,,,,,,,,,,,,,,,,,,,,,,,,,,,,,
2020-02-10,1,,,,,,,,,,,,,,,,,,,,,,,,,,,,,,,,,,,,,,,,,,,,,,
2020-02-11,0,,,,,,,,,,,,,,,,,,,,,,,,,,,,,,,,,,,,,,,,,,,,,,
2020-02-12,0,,,,,,,,,,,,,,,,,,,,,,,,,,,,,,,,,,,,,,,,,,,,,,
2020-02-13,1,"judge halts work on microsoft’s jedi contract, a victory for amazon",,,,,,,,,,,,,,,,,,,,,,,,,,,,,,,,,,,,,,,,,,,,,
2020-02-14,1,,,,,,,,,,,,,,,,,,,,,,,,,,,,,,,,,,,,,,,,,,,,,,
2020-02-18,1,,,,,,,,,,,,,,,,,,,,,,,,,,,,,,,,,,,,,,,,,,,,,,
2020-02-19,0,,,,,,,,,,,,,,,,,,,,,,,,,,,,,,,,,,,,,,,,,,,,,,
2020-02-20,0,,,,,,,,,,,,,,,,,,,,,,,,,,,,,,,,,,,,,,,,,,,,,,
2020-02-21,0,,,,,,,,,,,,,,,,,,,,,,,,,,,,,,,,,,,,,,,,,,,,,,
2020-02-24,1,,,,,,,,,,,,,,,,,,,,,,,,,,,,,,,,,,,,,,,,,,,,,,
2020-02-25,0,,,,,,,,,,,,,,,,,,,,,,,,,,,,,,,,,,,,,,,,,,,,,,
2020-02-26,1,microsoft issues financial warning because of coronavirus,,,,,,,,,,,,,,,,,,,,,,,,,,,,,,,,,,,,,,,,,,,,,
2020-02-27,0,microsoft warning is a harbinger of coronavirus impact on business and the economy,,,,,,,,,,,,,,,,,,,,,,,,,,,,,,,,,,,,,,,,,,,,,
2020-02-28,1,"microsoft, walt disney, gilead sciences: stocks that defined the week","microsoft, sony, amazon and others drop out of gdc over coronavirus concerns     - cnet","coronavirus stock market correction takes hold as dow jones suffers worst week loss in years; microsoft, mastercard warn, disney ceo bob iger out","microsoft loses $232 billion in market cap in 7 days - watch for this &quot;buy zone,&quot; trader says","ibm, microsoft sign on with pope francis to fight ai bias and misuse of facial recognition",microsoft for healthcare at himss 2020: what to look for at march 9-13 event,"refile-update 1-vatican joins ibm, microsoft to call for facial recognition regulation",why is microsoft (msft) down 8.5% since last earnings report?,"what&quot;s new to microsoft 365 in february: improved collaboration across apps, customized experiences","vatican joins ibm, microsoft to call for facial recognition regulation","update 1-vatican joins ibm, microsoft to call for facial recognition regulation",the console war is over because sony left microsoft behind from the start,"the zacks analyst blog highlights: microsoft, chevron, accenture, coca-cola and charles schwab","gladstone capital management llp buys 154,980 shares of microsoft co. (nasdaq:msft)",investment management of virginia llc has $8.46 million stock position in microsoft co. (nasdaq:msft),"intercontinental wealth advisors llc sells 1,577 shares of microsoft co. (nasdaq:msft)",microsoft co. (nasdaq:msft) holdings boosted by glassman wealth services,benjamin f. edwards & company inc. grows stock holdings in microsoft co. (nasdaq:msft),microsoft (nasdaq:msft) trading down 7%,ami investment management inc. sells 350 shares of microsoft co. (nasdaq:msft),"pope to endorse principles on ai ethics with microsoft, ibm","microsoft&quot;s (msft) ""buy"" rating reiterated at royal bank of canada",microsoft (nasdaq:msft) rating reiterated by jpmorgan chase & co.,deutsche bank reaffirms buy rating for microsoft (nasdaq:msft),microsoft invests in a new ai for health initiative,,,,,,,,,,,,,,,,,,,,,
2020-03-02,1,,,,,,,,,,,,,,,,,,,,,,,,,,,,,,,,,,,,,,,,,,,,,,
2020-03-03,0,,,,,,,,,,,,,,,,,,,,,,,,,,,,,,,,,,,,,,,,,,,,,,
2020-03-04,1,,,,,,,,,,,,,,,,,,,,,,,,,,,,,,,,,,,,,,,,,,,,,,
2020-03-05,1,,,,,,,,,,,,,,,,,,,,,,,,,,,,,,,,,,,,,,,,,,,,,,
2020-03-06,0,,,,,,,,,,,,,,,,,,,,,,,,,,,,,,,,,,,,,,,,,,,,,,
2020-03-09,0,,,,,,,,,,,,,,,,,,,,,,,,,,,,,,,,,,,,,,,,,,,,,,
2020-03-10,1,,,,,,,,,,,,,,,,,,,,,,,,,,,,,,,,,,,,,,,,,,,,,,
2020-03-11,0,"a botnet is taken down in an operation by microsoft, not the government",,,,,,,,,,,,,,,,,,,,,,,,,,,,,,,,,,,,,,,,,,,,,
2020-03-12,0,,,,,,,,,,,,,,,,,,,,,,,,,,,,,,,,,,,,,,,,,,,,,,
2020-03-13,1,bill gates stepping down from microsoft’s board,,,,,,,,,,,,,,,,,,,,,,,,,,,,,,,,,,,,,,,,,,,,,
2020-03-16,0,,,,,,,,,,,,,,,,,,,,,,,,,,,,,,,,,,,,,,,,,,,,,,
2020-03-17,1,,,,,,,,,,,,,,,,,,,,,,,,,,,,,,,,,,,,,,,,,,,,,,
2020-03-18,1,,,,,,,,,,,,,,,,,,,,,,,,,,,,,,,,,,,,,,,,,,,,,,
2020-03-19,0,,,,,,,,,,,,,,,,,,,,,,,,,,,,,,,,,,,,,,,,,,,,,,
2020-03-20,0,,,,,,,,,,,,,,,,,,,,,,,,,,,,,,,,,,,,,,,,,,,,,,
2020-03-23,0,,,,,,,,,,,,,,,,,,,,,,,,,,,,,,,,,,,,,,,,,,,,,,
2020-03-24,1,,,,,,,,,,,,,,,,,,,,,,,,,,,,,,,,,,,,,,,,,,,,,,
2020-03-25,0,,,,,,,,,,,,,,,,,,,,,,,,,,,,,,,,,,,,,,,,,,,,,,
2020-03-26,1,,,,,,,,,,,,,,,,,,,,,,,,,,,,,,,,,,,,,,,,,,,,,,
2020-03-27,0,,,,,,,,,,,,,,,,,,,,,,,,,,,,,,,,,,,,,,,,,,,,,,
2020-03-30,1,"microsoft &quot;might be the best tech stock in this market,&quot; jim cramer says",microsoft (msft) to divest stake in anyvision: key takeaways,,,,,,,,,,,,,,,,,,,,,,,,,,,,,,,,,,,,,,,,,,,,
2020-03-31,0,microsoft (msft) stock moves -1.57%: what you should know,"microsoft president brad smith: finally, progress on regulating facial recognition",amazon and microsoft actually ended the first quarter higher as most of the market tanked,"dow average, bracketed by boeing and microsoft, suffers worst quarter since 1987 as coronavirus pummels economy",microsoft shines bright in coronavirus gloom,zoom takes lead over microsoft teams as coronavirus keeps americans at home,improve virtual meetings and bring consultations online - here&quot;s what&quot;s new to microsoft 365 in march,"stock market update: amazon, microsoft among this quarter&quot;s winners","option traders make massive multimillion dollar bets on nvidia, microsoft",dow jones news: intel faces amd laptop threat; microsoft 365 coming april 21,cramer declares microsoft the &quot;best tech stock&quot; to buy right now,"among dow jones stocks, pros pick microsoft over coca-cola",is microsoft stock a good option for investors?,microsoft&quot;s skype sees 70% user growth in march 2020,microsoft partners with industry to unlock new 5g scenarios with azure edge zones,new bbc and microsoft education program helps students develop media literacy,microsoft 365 shift demonstrates evolution of cloud-based services,microsoft stock well positioned to thrive after crisis,microsoft (msft) unveils rebranded 365 with added features,circle wealth management llc grows stock holdings in microsoft co. (nasdaq:msft),"thinking about trading options or stock in abbott laboratories, autodesk, amazon.com, biogen, or microsoft?",sell apple stock to buy microsoft?,"top analyst upgrades and downgrades: apache, broadcom, caterpillar, dollar general, microsoft, nxp, salesforce, sirius, slack, yelp and more","barber financial group inc. has $681,000 position in microsoft co. (nasdaq:msft)",microsoft clarifies teams usage surged 775% in italy,brooktree capital management makes new investment in microsoft co. (nasdaq:msft),microsoft shares jump 8.5% as company reports massive increase in teams usage,adams chetwood wealth management llc acquires new position in microsoft co. (nasdaq:msft),1832 asset management l.p. has $1.34 billion stake in microsoft co. (nasdaq:msft),ai-powered microsoft 365 with new productivity tools to replace office 365,,,,,,,,,,,,,,,,
2020-04-01,0,"microsoft, at&t create edge compute zones",podcast: an interview with microsoft president brad smith,microsoft teams at 3: everything you need to connect with your teammates and be more productive,zoom takes lead over microsoft teams as virus keeps americans at home: apptopia,update 1-zoom takes lead over microsoft teams as virus keeps americans at home -apptopia,all microsoft events will be virtual for the rest of the year,"1-800-flowers, crocs, microsoft, avid and american software as zacks bull and bear of the day",microsoft warns hospitals about vpn cyberattacks during coronavirus     - cnet,"slack adds microsoft teams, zoom integrations",microsoft really wants consumers to subscribe to more stuff,plaid has partnered with microsoft for its new money in excel tool,"next frontier in microsoft, google, amazon cloud battle is over a world without code","7,228 shares in microsoft co. (nasdaq:msft) purchased by engrave wealth partners llc","franklin resources inc. sells 224,666 shares of microsoft co. (nasdaq:msft)",how microsoft&quot;s empire will expand to 5g,"danda trouve investment management inc. invests $256,000 in microsoft co. (nasdaq:msft)",bainco international investors trims holdings in microsoft co. (nasdaq:msft),"360 financial inc. takes $483,000 position in microsoft co. (nasdaq:msft)",microsoft bucks djia plunge in first quarter,microsoft co. (nasdaq:msft) expected to announce quarterly sales of $34.20 billion,microsoft (nasdaq:msft) receives daily news sentiment rating of 1.00,"amazon, alphabet and microsoft: cheap compared to significant growth in cloud services",slack plans to provide voice integration with microsoft teams,,,,,,,,,,,,,,,,,,,,,,,
2020-04-02,1,,,,,,,,,,,,,,,,,,,,,,,,,,,,,,,,,,,,,,,,,,,,,,
2020-04-03,0,,,,,,,,,,,,,,,,,,,,,,,,,,,,,,,,,,,,,,,,,,,,,,
2020-04-06,1,,,,,,,,,,,,,,,,,,,,,,,,,,,,,,,,,,,,,,,,,,,,,,
2020-04-07,0,,,,,,,,,,,,,,,,,,,,,,,,,,,,,,,,,,,,,,,,,,,,,,
2020-04-08,0,,,,,,,,,,,,,,,,,,,,,,,,,,,,,,,,,,,,,,,,,,,,,,
2020-04-09,0,,,,,,,,,,,,,,,,,,,,,,,,,,,,,,,,,,,,,,,,,,,,,,
2020-04-13,1,,,,,,,,,,,,,,,,,,,,,,,,,,,,,,,,,,,,,,,,,,,,,,
2020-04-14,1,,,,,,,,,,,,,,,,,,,,,,,,,,,,,,,,,,,,,,,,,,,,,,
2020-04-15,1,,,,,,,,,,,,,,,,,,,,,,,,,,,,,,,,,,,,,,,,,,,,,,
2020-04-16,1,,,,,,,,,,,,,,,,,,,,,,,,,,,,,,,,,,,,,,,,,,,,,,
2020-04-17,0,,,,,,,,,,,,,,,,,,,,,,,,,,,,,,,,,,,,,,,,,,,,,,
2020-04-20,0,,,,,,,,,,,,,,,,,,,,,,,,,,,,,,,,,,,,,,,,,,,,,,
2020-04-21,0,,,,,,,,,,,,,,,,,,,,,,,,,,,,,,,,,,,,,,,,,,,,,,
2020-04-22,1,,,,,,,,,,,,,,,,,,,,,,,,,,,,,,,,,,,,,,,,,,,,,,
2020-04-23,0,,,,,,,,,,,,,,,,,,,,,,,,,,,,,,,,,,,,,,,,,,,,,,
2020-04-24,1,,,,,,,,,,,,,,,,,,,,,,,,,,,,,,,,,,,,,,,,,,,,,,
2020-04-27,0,,,,,,,,,,,,,,,,,,,,,,,,,,,,,,,,,,,,,,,,,,,,,,
2020-04-28,0,,,,,,,,,,,,,,,,,,,,,,,,,,,,,,,,,,,,,,,,,,,,,,
2020-04-29,1,,,,,,,,,,,,,,,,,,,,,,,,,,,,,,,,,,,,,,,,,,,,,,
2020-04-30,0,slack ceo on microsoft&quot;s teams: &quot;not a competitor&quot;,swing trading insights: how fundamentals and technical support might have helped call a bottom on microsoft,microsoft ceo: &quot;we&quot;ve seen two years&quot; worth of digital transformation in two months&quot;,microsoft xbox head says new game console is still on schedule,microsoft offers note exchange,microsoft is showing off a bunch of xbox series x games next week,microsoft announces registered exchange offers,microsoft called &quot;mission critical&quot; winner amid coronavirus crisis,buy microsoft (msft) stock after earnings for coronavirus cloud safety,"new xbox on schedule but game production may be slowed by coronavirus, microsoft exec says",dow jones news: microsoft shows cloud strength; mcdonald&quot;s takes sales and profit hit,microsoft sets may 7 to unveil video games on new xbox series x console,the ratings game: microsoft earnings show strategic pivot has paid off amid covid-19 pressures,microsoft will narrow its focus to software developers at this year&quot;s virtual build conference,microsoft sets may 7 demo of games on new xbox,"story stocks: microsoft reports another big beat, is stepping on the gas to build out its cloud business (msft)",microsoft teams saw more than 200 million meeting participants in one day in april,corrected-update 4-microsoft revenue beats as remote work boosts teams,jefferies financial group boosts microsoft (nasdaq:msft) price target to $200.00,why wedgewood partners is bullish on microsoft (msft) stock?,"google anthos extending cloud reach with cisco, amazon and microsoft connections","most of microsoft&quot;s cloud business is &quot;essential,&quot; even in a recession, says bullish wedbush","apple and amazon up to bat this afternoon as investors ponder microsoft, facebook results","scotts miracle-gro, pvh, apple, amazon and microsoft highlighted as zacks bull and bear of the day",microsoft earnings defy the pandemic,benson investment management company inc. has $6.77 million stock holdings in microsoft co. (nasdaq:msft),"microsoft (msft) q3 earnings &amp; revenues beat estimates, up y/y","top analyst upgrades and downgrades: carvana, caterpillar, dollar general, draftkings, ebay, facebook, microsoft, schlumberger, spotify, tesla and more",,,,,,,,,,,,,,,,,,
2020-05-01,0,microsoft surges on earnings results,"microsoft partners: this year&quot;s microsoft inspire will be all digital, no cost, july 21-22",microsoft isin talks to buy startup softomotive,"top research reports for microsoft, cvs healthboeing","stock market rally erases big gains on trump tariff threat, amazon, tesla, amd; microsoft, google, facebook, servicenow cheered",cornell pochily investment advisors inc. buys 226 shares of microsoft co. (nasdaq:msft),nothing can stop microsoft,stay-at-home fuels microsoft q3 earnings: etfs to buy,cabot wealth management inc. sells 64 shares of microsoft co. (nasdaq:msft),microsoft co. (nasdaq:msft) shares acquired by barnett & company inc.,"cedar capital llc buys 18,510 shares of microsoft co. (nasdaq:msft)","accuvest global advisors invests $749,000 in microsoft co. (nasdaq:msft)","argent advisors inc. sells 2,038 shares of microsoft co. (nasdaq:msft)",jefferies financial group comments on microsoft co.&quot;s q1 2021 earnings (nasdaq:msft),microsoft (nasdaq:msft) stock rating reaffirmed by bank of america,microsoft (nasdaq:msft) given buy rating at raymond james,"microsoft&quot;s (msft) ""buy"" rating reaffirmed at macquarie","microsoft&quot;s ""right-hand man"" could double your money before the economy recovers",altium wealth management llc boosts stock position in microsoft co. (nasdaq:msft),microsoft (nasdaq:msft) receives media impact rating of -1.25,,,,,,,,,,,,,,,,,,,,,,,,,,
2020-05-04,1,,,,,,,,,,,,,,,,,,,,,,,,,,,,,,,,,,,,,,,,,,,,,,
2020-05-05,1,,,,,,,,,,,,,,,,,,,,,,,,,,,,,,,,,,,,,,,,,,,,,,
2020-05-06,1,,,,,,,,,,,,,,,,,,,,,,,,,,,,,,,,,,,,,,,,,,,,,,
2020-05-07,0,,,,,,,,,,,,,,,,,,,,,,,,,,,,,,,,,,,,,,,,,,,,,,
2020-05-08,0,,,,,,,,,,,,,,,,,,,,,,,,,,,,,,,,,,,,,,,,,,,,,,
2020-05-11,1,,,,,,,,,,,,,,,,,,,,,,,,,,,,,,,,,,,,,,,,,,,,,,
2020-05-12,0,,,,,,,,,,,,,,,,,,,,,,,,,,,,,,,,,,,,,,,,,,,,,,
2020-05-13,0,,,,,,,,,,,,,,,,,,,,,,,,,,,,,,,,,,,,,,,,,,,,,,
2020-05-14,1,,,,,,,,,,,,,,,,,,,,,,,,,,,,,,,,,,,,,,,,,,,,,,
2020-05-15,1,,,,,,,,,,,,,,,,,,,,,,,,,,,,,,,,,,,,,,,,,,,,,,
2020-05-18,0,,,,,,,,,,,,,,,,,,,,,,,,,,,,,,,,,,,,,,,,,,,,,,
2020-05-19,0,,,,,,,,,,,,,,,,,,,,,,,,,,,,,,,,,,,,,,,,,,,,,,
2020-05-20,1,,,,,,,,,,,,,,,,,,,,,,,,,,,,,,,,,,,,,,,,,,,,,,
2020-05-21,0,,,,,,,,,,,,,,,,,,,,,,,,,,,,,,,,,,,,,,,,,,,,,,
2020-05-22,1,,,,,,,,,,,,,,,,,,,,,,,,,,,,,,,,,,,,,,,,,,,,,,
2020-05-26,0,,,,,,,,,,,,,,,,,,,,,,,,,,,,,,,,,,,,,,,,,,,,,,
2020-05-27,1,,,,,,,,,,,,,,,,,,,,,,,,,,,,,,,,,,,,,,,,,,,,,,
2020-05-28,1,,,,,,,,,,,,,,,,,,,,,,,,,,,,,,,,,,,,,,,,,,,,,,
2020-05-29,1,,,,,,,,,,,,,,,,,,,,,,,,,,,,,,,,,,,,,,,,,,,,,,
2020-06-01,1,dow jones rises despite civil unrest; walmart and apple close stores over weekend; microsoft replaces editors with ai,"blackrock, microsoft team up on new retirement tool",microsoft ceo satya nadella addresses the protests across the us in an employee town hall: &quot;my ask to each of you is to come together&quot; (msft),a microsoft patent reveals an all-new magnetic hinge-like system for future dual display devices & accessories,why microsoft (msft) deserves a place in your portfolio,"vodafone, microsoft team up to support remotely-working businesses",shepherd financial partners llc reduces stake in microsoft co. (nasdaq:msft),tiedemann advisors llc boosts position in microsoft co. (nasdaq:msft),microsoft co. (nasdaq:msft) shares bought by goelzer investment management inc.,budros ruhlin & roe inc. buys new shares in microsoft co. (nasdaq:msft),securian asset management inc trims stock position in microsoft co. (nasdaq:msft),"wafra inc. sells 3,172 shares of microsoft co. (nasdaq:msft)",palisades hudson asset management l.p. sells 652 shares of microsoft co. (nasdaq:msft),microsoft co. (nasdaq:msft) shares purchased by camarda financial advisors llc,personal wealth partners decreases stake in microsoft co. (nasdaq:msft),microsoft co. (nasdaq:msft) shares purchased by trustcore financial services llc,microsoft co. (nasdaq:msft) shares bought by mbe wealth management llc,venture visionary partners llc grows stock position in microsoft co. (nasdaq:msft),microsoft co. (nasdaq:msft) stock position lowered by hourglass capital llc,microsoft co. (nasdaq:msft) is gs investments inc.&quot;s 6th largest position,microsoft co. (nasdaq:msft) is washington trust co&quot;s 6th largest position,microsoft co. (nasdaq:msft) holdings decreased by lafayette investments inc.,ae wealth management llc increases position in microsoft co. (nasdaq:msft),"private capital group llc acquires 3,208 shares of microsoft co. (nasdaq:msft)",corundum group inc. sells 239 shares of microsoft co. (nasdaq:msft),benjamin edwards inc. raises stock holdings in microsoft co. (nasdaq:msft),"wellington shields capital management llc sells 2,116 shares of microsoft co. (nasdaq:msft)",microsoft informs journalists their services are no longer needed due to ai,microsoft to establish new tech hub at reston town center,,,,,,,,,,,,,,,,,
2020-06-02,1,,,,,,,,,,,,,,,,,,,,,,,,,,,,,,,,,,,,,,,,,,,,,,
2020-06-03,1,,,,,,,,,,,,,,,,,,,,,,,,,,,,,,,,,,,,,,,,,,,,,,
2020-06-04,0,,,,,,,,,,,,,,,,,,,,,,,,,,,,,,,,,,,,,,,,,,,,,,
2020-06-05,1,,,,,,,,,,,,,,,,,,,,,,,,,,,,,,,,,,,,,,,,,,,,,,
2020-06-08,1,,,,,,,,,,,,,,,,,,,,,,,,,,,,,,,,,,,,,,,,,,,,,,
2020-06-09,1,,,,,,,,,,,,,,,,,,,,,,,,,,,,,,,,,,,,,,,,,,,,,,
2020-06-10,1,,,,,,,,,,,,,,,,,,,,,,,,,,,,,,,,,,,,,,,,,,,,,,
2020-06-11,0,,,,,,,,,,,,,,,,,,,,,,,,,,,,,,,,,,,,,,,,,,,,,,
2020-06-12,0,,,,,,,,,,,,,,,,,,,,,,,,,,,,,,,,,,,,,,,,,,,,,,
2020-06-15,1,,,,,,,,,,,,,,,,,,,,,,,,,,,,,,,,,,,,,,,,,,,,,,
2020-06-16,1,,,,,,,,,,,,,,,,,,,,,,,,,,,,,,,,,,,,,,,,,,,,,,
2020-06-17,0,,,,,,,,,,,,,,,,,,,,,,,,,,,,,,,,,,,,,,,,,,,,,,
2020-06-18,1,,,,,,,,,,,,,,,,,,,,,,,,,,,,,,,,,,,,,,,,,,,,,,
2020-06-19,0,,,,,,,,,,,,,,,,,,,,,,,,,,,,,,,,,,,,,,,,,,,,,,
2020-06-22,1,,,,,,,,,,,,,,,,,,,,,,,,,,,,,,,,,,,,,,,,,,,,,,
2020-06-23,0,,,,,,,,,,,,,,,,,,,,,,,,,,,,,,,,,,,,,,,,,,,,,,
2020-06-24,0,,,,,,,,,,,,,,,,,,,,,,,,,,,,,,,,,,,,,,,,,,,,,,
2020-06-25,1,,,,,,,,,,,,,,,,,,,,,,,,,,,,,,,,,,,,,,,,,,,,,,
2020-06-26,0,,,,,,,,,,,,,,,,,,,,,,,,,,,,,,,,,,,,,,,,,,,,,,
2020-06-29,1,,,,,,,,,,,,,,,,,,,,,,,,,,,,,,,,,,,,,,,,,,,,,,
2020-06-30,1,microsoft is offering free online courses for job seekers to develop new skills and land roles in growing industries like tech and finance,microsoft launches effort to provide digital skills to 25m people this year,"stock alert: microsoft stock ends first half at a record, nipping at apple for &quot;most valuable&quot; crown","the top-performing dow jones stocks of 2020: microsoft, apple lead 5 biggest winners","adobe, microsoft score major cloud software contract","video: bridgestone, microsoft develop tire-damage monitoring system",is microsoft (msft) a smart long-term buy?,"microsoft pauses advertisements on facebook, instagram globally",microsoft to offer digital skills training for 25m people worldwide,microsoft to help 25 million people worldwide acquire new digital skills needed for the covid-19 economy,"linkedin, microsoft launch free learning path job training courses to fight coronavirus unemployment",microsoft aims to train 25 million workers free in 2020,microsoft vs alphabet: you won&quot;t believe this!,bridgestone teams up with microsoft to innovate with an intelligent tyre monitoring system for enhanced safety,microsoft reportedly cuts facebook/instagram advertising,universities tackle big challenges with microsoft power platform,permits reveal more details about microsoft&quot;s hq expansion,,,,,,,,,,,,,,,,,,,,,,,,,,,,,
2020-07-01,1,"microsoft chief accounting officer retires, company fills position internally",microsoft launches effort to provide digital skills to 25m people this year,microsoft closing its stores for one reason: they are bad,skilling for the future: new investments in microsoft learn,microsoft and the city of atlanta lead coalition of partners to close the digital skills gap and build a more inclusive workforce,better buy: cisco systems vs. microsoft,microsoft stock is a winner for 2020 and beyond,"rhs financial llc acquires shares of 7,481 microsoft co. (nasdaq:msft)",how 3 windows insiders combined forces at microsoft hackathon to tackle illegal timber trading,"ollie&quot;s bargain outlet, designer brands, abbvie, microsoft and lockheed martin highlighted as zacks bull and bear of the day",walgreens partners with microsoft and adobe to digitize customer healthcare experience,capital bank & trust co lowers holdings in microsoft co. (nasdaq:msft),js capital management llc has $49.68 million holdings in microsoft co. (nasdaq:msft),"js capital management llc buys 170,000 shares of microsoft co. (nasdaq:msft)","menard financial group llc has $393,000 position in microsoft co. (nasdaq:msft)",microsoft co. (nasdaq:msft) shares sold by rosenblum silverman sutton s f inc. ca,tower research capital llc trc increases position in microsoft co. (nasdaq:msft),"fondren management lp purchases shares of 2,000 microsoft co. (nasdaq:msft)",armor advisors l.l.c. invests $24.60 million in microsoft co. (nasdaq:msft),"axa sells 89,309 shares of microsoft co. (nasdaq:msft)","tower research capital llc trc acquires 2,039 shares of microsoft co. (nasdaq:msft)",permanens capital l.p. trims stock holdings in microsoft co. (nasdaq:msft),full sail capital llc has $5.53 million stake in microsoft co. (nasdaq:msft),microsoft co. (nasdaq:msft) shares sold by guardian capital lp,"aspen investment management inc purchases 3,070 shares of microsoft co. (nasdaq:msft)",axa has $582.71 million position in microsoft co. (nasdaq:msft),permanens capital l.p. trims position in microsoft co. (nasdaq:msft),"bridgestone, microsoft develop tire damage monitoring system",stock alert: microsoft closed at a record high. can it overtake apple as the market&quot;s most valuable stock?,microsoft co. (nasdaq:msft) is schroder investment management group&quot;s 2nd largest position,diker management llc has $2.15 million stock holdings in microsoft co. (nasdaq:msft),diker management llc trims stock position in microsoft co. (nasdaq:msft),"cramer rosenthal mcglynn llc sells 1,612 shares of microsoft co. (nasdaq:msft)",hall kathryn a. purchases new holdings in microsoft co. (nasdaq:msft),microsoft co. (nasdaq:msft) shares bought by tudor investment corp et al,microsoft co. (nasdaq:msft) shares sold by duquesne family office llc,"barings llc sells 11,591 shares of microsoft co. (nasdaq:msft)","duquesne family office llc sells 515,601 shares of microsoft co. (nasdaq:msft)",weiss multi strategy advisers llc decreases position in microsoft co. (nasdaq:msft),microsoft co. (nasdaq:msft) stake decreased by cibc world markets inc.,sunbelt securities inc. has $5.92 million position in microsoft co. (nasdaq:msft),london & capital asset management ltd cuts stock position in microsoft co. (nasdaq:msft),"sunbelt securities inc. sells 46,985 shares of microsoft co. (nasdaq:msft)",microsoft co. (nasdaq:msft) is procyon private wealth partners llc&quot;s 4th largest position,$36.59 billion in sales expected for microsoft co. (nasdaq:msft) this quarter,
2020-07-02,1,,,,,,,,,,,,,,,,,,,,,,,,,,,,,,,,,,,,,,,,,,,,,,
2020-07-06,1,,,,,,,,,,,,,,,,,,,,,,,,,,,,,,,,,,,,,,,,,,,,,,
2020-07-07,0,magic leap hires top microsoft executive as c.e.o.,,,,,,,,,,,,,,,,,,,,,,,,,,,,,,,,,,,,,,,,,,,,,
2020-07-08,1,,,,,,,,,,,,,,,,,,,,,,,,,,,,,,,,,,,,,,,,,,,,,,
2020-07-09,0,,,,,,,,,,,,,,,,,,,,,,,,,,,,,,,,,,,,,,,,,,,,,,
2020-07-10,1,,,,,,,,,,,,,,,,,,,,,,,,,,,,,,,,,,,,,,,,,,,,,,
2020-07-13,0,,,,,,,,,,,,,,,,,,,,,,,,,,,,,,,,,,,,,,,,,,,,,,
2020-07-14,1,,,,,,,,,,,,,,,,,,,,,,,,,,,,,,,,,,,,,,,,,,,,,,
2020-07-15,0,,,,,,,,,,,,,,,,,,,,,,,,,,,,,,,,,,,,,,,,,,,,,,
2020-07-16,0,,,,,,,,,,,,,,,,,,,,,,,,,,,,,,,,,,,,,,,,,,,,,,
2020-07-17,0,,,,,,,,,,,,,,,,,,,,,,,,,,,,,,,,,,,,,,,,,,,,,,
2020-07-20,1,,,,,,,,,,,,,,,,,,,,,,,,,,,,,,,,,,,,,,,,,,,,,,
2020-07-21,0,,,,,,,,,,,,,,,,,,,,,,,,,,,,,,,,,,,,,,,,,,,,,,
2020-07-22,1,slack accuses microsoft of illegally crushing competition,,,,,,,,,,,,,,,,,,,,,,,,,,,,,,,,,,,,,,,,,,,,,
2020-07-23,0,,,,,,,,,,,,,,,,,,,,,,,,,,,,,,,,,,,,,,,,,,,,,,
2020-07-24,1,,,,,,,,,,,,,,,,,,,,,,,,,,,,,,,,,,,,,,,,,,,,,,
2020-07-27,1,,,,,,,,,,,,,,,,,,,,,,,,,,,,,,,,,,,,,,,,,,,,,,
2020-07-28,0,,,,,,,,,,,,,,,,,,,,,,,,,,,,,,,,,,,,,,,,,,,,,,
2020-07-29,1,,,,,,,,,,,,,,,,,,,,,,,,,,,,,,,,,,,,,,,,,,,,,,
2020-07-30,1,,,,,,,,,,,,,,,,,,,,,,,,,,,,,,,,,,,,,,,,,,,,,,
2020-07-31,1,"microsoft said to be in talks to buy tiktok, as trump weighs curtailing app",microsoft in talks to buy tiktok as donald trump prepares to force sale,microsoft weighs tiktok purchase as ad business flattens out,a tiktok-microsoft deal might solve everything,"trump may soon order tiktok&quot;s sale, as microsoft circles",microsoft eyes acquisition of tiktok---s us operations,"microsoft won&quot;t start reopening its offices until january 2021, and even then it will move slowly (msft)",tiktok faces us breakup from chinese parent as microsoft circles: sources,microsoft in talks to buy tiktok amid rumors of trump divestment order,microsoft shares gain late on multiple reports of possible tiktok purchase,"if microsoft buys tiktok, it could be hailed as a &quot;hero&quot; for saving the app as president trump threatens to ban it. here&quot;s why analysts say a deal might make sense. (msft)",,,,,,,,,,,,,,,,,,,,,,,,,,,,,,,,,,,
2020-08-03,1,microsoft can save tiktok — if trump doesn’t mess it up,"with tiktok, ‘uncool’ microsoft aims for the love of tweens",what would microsoft do with tiktok?,"trump reverses course on tiktok, opening door to microsoft bid",,,,,,,,,,,,,,,,,,,,,,,,,,,,,,,,,,,,,,,,,,
2020-08-04,0,is microsoft sure it wants to buy tiktok?,,,,,,,,,,,,,,,,,,,,,,,,,,,,,,,,,,,,,,,,,,,,,
2020-08-05,0,,,,,,,,,,,,,,,,,,,,,,,,,,,,,,,,,,,,,,,,,,,,,,
2020-08-06,1,,,,,,,,,,,,,,,,,,,,,,,,,,,,,,,,,,,,,,,,,,,,,,
2020-08-07,0,,,,,,,,,,,,,,,,,,,,,,,,,,,,,,,,,,,,,,,,,,,,,,
2020-08-10,0,,,,,,,,,,,,,,,,,,,,,,,,,,,,,,,,,,,,,,,,,,,,,,
2020-08-11,0,,,,,,,,,,,,,,,,,,,,,,,,,,,,,,,,,,,,,,,,,,,,,,
2020-08-12,1,,,,,,,,,,,,,,,,,,,,,,,,,,,,,,,,,,,,,,,,,,,,,,
2020-08-13,0,,,,,,,,,,,,,,,,,,,,,,,,,,,,,,,,,,,,,,,,,,,,,,
2020-08-14,1,,,,,,,,,,,,,,,,,,,,,,,,,,,,,,,,,,,,,,,,,,,,,,
2020-08-17,1,,,,,,,,,,,,,,,,,,,,,,,,,,,,,,,,,,,,,,,,,,,,,,
2020-08-18,1,,,,,,,,,,,,,,,,,,,,,,,,,,,,,,,,,,,,,,,,,,,,,,
2020-08-19,0,i tried microsoft’s flight simulator. the earth never seemed so real.,,,,,,,,,,,,,,,,,,,,,,,,,,,,,,,,,,,,,,,,,,,,,
2020-08-20,1,,,,,,,,,,,,,,,,,,,,,,,,,,,,,,,,,,,,,,,,,,,,,,
2020-08-21,0,,,,,,,,,,,,,,,,,,,,,,,,,,,,,,,,,,,,,,,,,,,,,,
2020-08-24,0,,,,,,,,,,,,,,,,,,,,,,,,,,,,,,,,,,,,,,,,,,,,,,
2020-08-25,1,,,,,,,,,,,,,,,,,,,,,,,,,,,,,,,,,,,,,,,,,,,,,,
2020-08-26,1,how tiktok’s talks with microsoft turned into a soap opera,behind the scenes of tiktok’s talks with microsoft.,,,,,,,,,,,,,,,,,,,,,,,,,,,,,,,,,,,,,,,,,,,,
2020-08-27,1,,,,,,,,,,,,,,,,,,,,,,,,,,,,,,,,,,,,,,,,,,,,,,
2020-08-28,1,"in bid for tiktok, microsoft flexes its power in washington",,,,,,,,,,,,,,,,,,,,,,,,,,,,,,,,,,,,,,,,,,,,,
2020-08-31,0,,,,,,,,,,,,,,,,,,,,,,,,,,,,,,,,,,,,,,,,,,,,,,
2020-09-01,1,will microsoft still want tiktok without ai?,how to add a webex plug-in to microsoft outlook to create video meeting invites directly from your outlook calendar,microsoft&quot;s new tech spots deepfakes to fight disinformation ahead of 2020 us election     - cnet,"microsoft brings windows 10 pro, enterprise to surface hub 2s",why microsoft and walmart would make a great home for tiktok,not half bad: microsoft goes back to 16 bits with new storage-saving type in .net 5,microsoft officially acknowledges the rollout of outlook spaces (&quot;project moca&quot;),an innocent typo led to a giant 212-story obelisk in microsoft flight simulator,deepfake detection tool unveiled by microsoft,microsoft sharing data to help launch the linux foundation climate finance foundation,in the frame with the great ms bakeoff: microsoft sets out plans for windows windows,small dividend boosts expected in september for microsoft and lockheed martin,"thinking about trading options or stock in zoom video communications, peloton interactive, carnival corp, slack technologies, or microsoft corp?",customizable digital assistant wins microsoft&quot;s first all-virtual hackathon,"microsoft: up, up and away",windows 10: microsoft blocks update for some pcs over lte modem connectivity bug,microsoft co. (nasdaq:msft) shares sold by harfst & associates inc.,microsoft co. (nasdaq:msft) is schnieders capital management llc&quot;s largest position,microsoft co. (nasdaq:msft) shares acquired by austin private wealth llc,microsoft co. (nasdaq:msft) position cut by harfst & associates inc.,"copperwynd financial llc invests $323,000 in microsoft co. (nasdaq:msft)","rikoon group llc purchases 8,210 shares of microsoft co. (nasdaq:msft)",summitry llc reduces holdings in microsoft co. (nasdaq:msft),microsoft co. (nasdaq:msft) shares purchased by stordahl capital management inc.,microsoft teams: here&quot;s what&quot;s new and what&quot;s coming next,"dohj llc purchases 2,900 shares of microsoft co. (nasdaq:msft)",andesa financial management inc. has $6.84 million holdings in microsoft co. (nasdaq:msft),ariose capital management ltd has $7.79 million position in microsoft co. (nasdaq:msft),microsoft co. (nasdaq:msft) shares sold by tlwm,microsoft co. (nasdaq:msft) is andesa financial management inc.&quot;s largest position,"petix & botte co has $470,000 stock holdings in microsoft co. (nasdaq:msft)",wsfs capital management llc acquires 398 shares of microsoft co. (nasdaq:msft),bell & brown wealth advisors llc has $3.49 million stock position in microsoft co. (nasdaq:msft),"trillium asset management llc sells 7,311 shares of microsoft co. (nasdaq:msft)",microsoft co. (nasdaq:msft) shares sold by frisch financial group inc.,novare capital management llc grows stock holdings in microsoft co. (nasdaq:msft),pavion blue capital llc increases position in microsoft co. (nasdaq:msft),"steward partners investment advisory llc buys 33,409 shares of microsoft co. (nasdaq:msft)",,,,,,,,
2020-09-02,1,,,,,,,,,,,,,,,,,,,,,,,,,,,,,,,,,,,,,,,,,,,,,,
2020-09-03,0,,,,,,,,,,,,,,,,,,,,,,,,,,,,,,,,,,,,,,,,,,,,,,
2020-09-04,0,pentagon sticks with microsoft for cloud computing contract,,,,,,,,,,,,,,,,,,,,,,,,,,,,,,,,,,,,,,,,,,,,,
2020-09-08,0,,,,,,,,,,,,,,,,,,,,,,,,,,,,,,,,,,,,,,,,,,,,,,
2020-09-09,1,,,,,,,,,,,,,,,,,,,,,,,,,,,,,,,,,,,,,,,,,,,,,,
2020-09-10,0,"russian intelligence hackers are back, microsoft warns, aiming at officials of both parties",,,,,,,,,,,,,,,,,,,,,,,,,,,,,,,,,,,,,,,,,,,,,
2020-09-11,0,,,,,,,,,,,,,,,,,,,,,,,,,,,,,,,,,,,,,,,,,,,,,,
2020-09-14,1,,,,,,,,,,,,,,,,,,,,,,,,,,,,,,,,,,,,,,,,,,,,,,
2020-09-15,1,,,,,,,,,,,,,,,,,,,,,,,,,,,,,,,,,,,,,,,,,,,,,,
2020-09-16,0,,,,,,,,,,,,,,,,,,,,,,,,,,,,,,,,,,,,,,,,,,,,,,
2020-09-17,1,,,,,,,,,,,,,,,,,,,,,,,,,,,,,,,,,,,,,,,,,,,,,,
2020-09-18,0,,,,,,,,,,,,,,,,,,,,,,,,,,,,,,,,,,,,,,,,,,,,,,
2020-09-21,1,microsoft grabs some of world’s biggest games in $7.5 billion deal,,,,,,,,,,,,,,,,,,,,,,,,,,,,,,,,,,,,,,,,,,,,,
2020-09-22,1,,,,,,,,,,,,,,,,,,,,,,,,,,,,,,,,,,,,,,,,,,,,,,
2020-09-23,0,,,,,,,,,,,,,,,,,,,,,,,,,,,,,,,,,,,,,,,,,,,,,,
2020-09-24,1,,,,,,,,,,,,,,,,,,,,,,,,,,,,,,,,,,,,,,,,,,,,,,
2020-09-25,1,,,,,,,,,,,,,,,,,,,,,,,,,,,,,,,,,,,,,,,,,,,,,,
2020-09-28,0,,,,,,,,,,,,,,,,,,,,,,,,,,,,,,,,,,,,,,,,,,,,,,
2020-09-29,0,,,,,,,,,,,,,,,,,,,,,,,,,,,,,,,,,,,,,,,,,,,,,,
2020-09-30,1,microsoft (msft) outpaces stock market gains: what you should know,microsoft wants to make it easier to run android apps on your pc     - cnet,from microsoft vp to law student: what this exec&quot;s career transition says about ai and the law,"top stock reports for microsoft, anthemuber",,,,,,,,,,,,,,,,,,,,,,,,,,,,,,,,,,,,,,,,,,
2020-10-01,0,microsoft touts its surface laptop go as &quot;cheap&quot; option - but that price quickly goes up for useful ram and storage,this dfw executive is no stranger to microsoft teams,microsoft&quot;s azure ad authentication outage: what went wrong,microsoft&quot;s (msft) xbox game pass ultimate includes ea play,new innovations for the microsoft customer data platform,datadog price target lifted on microsoft partnership tailwind,microsoft adds more features to dynamics 365 customer insights as rollout of wave 2 features begins,"russia is responsible for most nation-state cyberattacks, followed by iran, north korea, and china, according to a new microsoft report",minecraft&quot;s steve and alex coming to super smash bros. ultimate in nintendo-microsoft crossover,microsoft unveils surface laptops to fulfill &quot;pc for every single person&quot; vision,"the zacks analyst blog highlights: microsoft, anthem, uber, automatic data processing and ecolab",microsoft releases $550 surface laptop go for remote workers and learners,microsoft takes another shot at the windows-on-arm thing with a revamped surface pro x powered by new sq2 silicon,kulr technology to supply nasa with safe storage pouches for microsoft surface notebooks used aboard the international space station,microsoft has a brilliant new idea for working from home. you may not like it,"aviva, deloitte and microsoft to set new boardroom racial diversity targets","microsoft surface duo review: buy it for dual screen use, not for its old specs","microsoft adds new arm-based surface pro x models, smaller surface laptop go to its line-up",microsoft launches cheaper surface laptop go,"microsoft&quot;s new surface laptop go will start at $550, as pandemic puts pcs back in the spotlight",microsoft just introduced the new $549 surface laptop go,"surface laptop go is a cheaper, smaller microsoft laptop with a premium style     - cnet",microsoft unveils cheapestsurface laptop model starting at $549,microsoft undercuts macbook air with new $549 laptop,microsoft&quot;s new $549 surface laptop go aims to compete with chromebooks,microsoft&quot;s updated surface pro x has a faster processor and new platinum color option,3 reasons sony should be worried about microsoft&quot;s bethesda acquisition,"microsoft helped me install ubuntu linux on my windows 10 pc, and it&quot;s actually pretty good","top cloud providers in 2020: aws, microsoft azure, and google cloud, hybrid, saas players",microsoft: playwright for python language lets you test web apps in all major browsers,$1.53 eps expected for microsoft co. (nasdaq:msft) this quarter,microsoft office 365: this targeted phishing campaign uses an odd trick to stay hidden,where are we now? microsoft 363? 362? we&quot;ve lost count because exchange online isn&quot;t playing nicely this morning,microsoft says &quot;configuration update&quot; caused global outlook outage,"another outage hits microsoft, outlook down worldwide",outlook is down: microsoft web outage hits users worldwide,microsoft rolls out new features for teams,"outlook down: microsoft email service, office 365 and teams suffer mass outage","amazon, google, microsoft and the climate cloud",microsoft outlook is down worldwide,datadog spikes 12% on partnership with microsoft azure; stock up 171% ytd,microsoft (nasdaq:msft) rating reiterated by royal bank of canada,"microsoft (nasdaq:msft) getting somewhat favorable news coverage, analysis shows",why microsoft is deploying data centres under the sea,microsoft launches cheapest surface laptop model starting at $549,microsoft lends windows on arm a hand with emulation layer to finally run 64-bit x86 apps at last
2020-10-02,0,,,,,,,,,,,,,,,,,,,,,,,,,,,,,,,,,,,,,,,,,,,,,,
2020-10-05,1,,,,,,,,,,,,,,,,,,,,,,,,,,,,,,,,,,,,,,,,,,,,,,
2020-10-06,0,,,,,,,,,,,,,,,,,,,,,,,,,,,,,,,,,,,,,,,,,,,,,,
2020-10-07,1,,,,,,,,,,,,,,,,,,,,,,,,,,,,,,,,,,,,,,,,,,,,,,
2020-10-08,1,microsoft says app stores should be more competitive,,,,,,,,,,,,,,,,,,,,,,,,,,,,,,,,,,,,,,,,,,,,,
2020-10-09,1,,,,,,,,,,,,,,,,,,,,,,,,,,,,,,,,,,,,,,,,,,,,,,
2020-10-12,1,"microsoft takes down a risk to the election, and finds the u.s. doing the same",,,,,,,,,,,,,,,,,,,,,,,,,,,,,,,,,,,,,,,,,,,,,
2020-10-13,1,,,,,,,,,,,,,,,,,,,,,,,,,,,,,,,,,,,,,,,,,,,,,,
2020-10-14,0,,,,,,,,,,,,,,,,,,,,,,,,,,,,,,,,,,,,,,,,,,,,,,
2020-10-15,1,,,,,,,,,,,,,,,,,,,,,,,,,,,,,,,,,,,,,,,,,,,,,,
2020-10-16,0,,,,,,,,,,,,,,,,,,,,,,,,,,,,,,,,,,,,,,,,,,,,,,
2020-10-19,0,,,,,,,,,,,,,,,,,,,,,,,,,,,,,,,,,,,,,,,,,,,,,,
2020-10-20,0,google up against laws that thwarted microsoft (and others since 1890),,,,,,,,,,,,,,,,,,,,,,,,,,,,,,,,,,,,,,,,,,,,,
2020-10-21,1,,,,,,,,,,,,,,,,,,,,,,,,,,,,,,,,,,,,,,,,,,,,,,
2020-10-22,1,,,,,,,,,,,,,,,,,,,,,,,,,,,,,,,,,,,,,,,,,,,,,,
2020-10-23,1,,,,,,,,,,,,,,,,,,,,,,,,,,,,,,,,,,,,,,,,,,,,,,
2020-10-26,0,,,,,,,,,,,,,,,,,,,,,,,,,,,,,,,,,,,,,,,,,,,,,,
2020-10-27,1,,,,,,,,,,,,,,,,,,,,,,,,,,,,,,,,,,,,,,,,,,,,,,
2020-10-28,0,,,,,,,,,,,,,,,,,,,,,,,,,,,,,,,,,,,,,,,,,,,,,,
2020-10-29,1,,,,,,,,,,,,,,,,,,,,,,,,,,,,,,,,,,,,,,,,,,,,,,
2020-10-30,0,company close updates: microsoft corp. stock outperforms market despite losses on the day,"stock market rally dives on coronavirus fears, apple, microsoft, facebook, amazon earnings: weekly review","adventures in remote learning: microsoft preps new teams chat controls, and teachers can hardly wait",microsoft buys office building near data center development on far west side,"what&quot;s new in microsoft teams: live captions with attribution, individual spotlights and more",,,,,,,,,,,,,,,,,,,,,,,,,,,,,,,,,,,,,,,,,
2020-11-02,0,,,,,,,,,,,,,,,,,,,,,,,,,,,,,,,,,,,,,,,,,,,,,,
2020-11-03,1,,,,,,,,,,,,,,,,,,,,,,,,,,,,,,,,,,,,,,,,,,,,,,
2020-11-04,1,,,,,,,,,,,,,,,,,,,,,,,,,,,,,,,,,,,,,,,,,,,,,,
2020-11-05,1,xbox series x and s review: microsoft’s new consoles are a good value. is that enough?,,,,,,,,,,,,,,,,,,,,,,,,,,,,,,,,,,,,,,,,,,,,,
2020-11-06,1,,,,,,,,,,,,,,,,,,,,,,,,,,,,,,,,,,,,,,,,,,,,,,
2020-11-09,0,,,,,,,,,,,,,,,,,,,,,,,,,,,,,,,,,,,,,,,,,,,,,,
2020-11-10,0,,,,,,,,,,,,,,,,,,,,,,,,,,,,,,,,,,,,,,,,,,,,,,
2020-11-11,1,,,,,,,,,,,,,,,,,,,,,,,,,,,,,,,,,,,,,,,,,,,,,,
2020-11-12,0,,,,,,,,,,,,,,,,,,,,,,,,,,,,,,,,,,,,,,,,,,,,,,
2020-11-13,1,,,,,,,,,,,,,,,,,,,,,,,,,,,,,,,,,,,,,,,,,,,,,,
2020-11-16,1,,,,,,,,,,,,,,,,,,,,,,,,,,,,,,,,,,,,,,,,,,,,,,
2020-11-17,0,,,,,,,,,,,,,,,,,,,,,,,,,,,,,,,,,,,,,,,,,,,,,,
2020-11-18,0,,,,,,,,,,,,,,,,,,,,,,,,,,,,,,,,,,,,,,,,,,,,,,
2020-11-19,1,,,,,,,,,,,,,,,,,,,,,,,,,,,,,,,,,,,,,,,,,,,,,,
2020-11-20,0,,,,,,,,,,,,,,,,,,,,,,,,,,,,,,,,,,,,,,,,,,,,,,
2020-11-23,0,,,,,,,,,,,,,,,,,,,,,,,,,,,,,,,,,,,,,,,,,,,,,,
2020-11-24,1,,,,,,,,,,,,,,,,,,,,,,,,,,,,,,,,,,,,,,,,,,,,,,
2020-11-25,0,,,,,,,,,,,,,,,,,,,,,,,,,,,,,,,,,,,,,,,,,,,,,,
2020-11-27,1,,,,,,,,,,,,,,,,,,,,,,,,,,,,,,,,,,,,,,,,,,,,,,
2020-11-30,0,,,,,,,,,,,,,,,,,,,,,,,,,,,,,,,,,,,,,,,,,,,,,,
2020-12-01,1,salesforce plus slack doesn&quot;t equal microsoft,microsoft is selling an ugly ms paint sweater and part of the proceeds benefit girls who code,microsoft&quot;s (msft) management presents at credit suisse 24th annual technology conference (transcript),salesforce to buy slack in $27.7bn deal aimed at competing with microsoft,"salesforce&quot;s $27.7b slack deal combines two amazon allies, creates big new rival for microsoft","company close updates: microsoft corp. stock rises tuesday, still underperforms market","it&quot;s official: salesforce buying slack for $28 billion, taking on microsoft with benioff&quot;s biggest deal yet",microsoft will remove user names from &quot;productivity score&quot; feature after privacy backlash,parallel goals: microsoft invests in partners&quot; success,&quot;we&quot;ve heard the feedback...&quot; microsoft 365 axes per-user productivity monitoring after privacy backlash,"top analyst reports for microsoft, proctergamblet-mobile",microsoft to make changes to productivity score after privacy complaints,new microsoft teams features make it easier to strengthen connections with a quick call,hallahan to step down as managing director of microsoft ireland,microsoft makes changes to productivity score tool after privacy backlash,microsoft is adding more calling features to teams,"microsoft teams gets an overhauled calling interface, carplay support, and more",microsoft&quot;s new windows feature experience packs are smaller updates to windows 10,microsoft removes 18 malicious edge extensions for injecting ads into web pages,"microsoft, code.org partner to teach ai + ethics from elementary to high school","as if productivity score wasn&quot;t creepy enough, microsoft has patented tech for &quot;meeting quality monitoring devices&quot;",microsoft donates $7.5m to code.org to help students learn about ai concepts and ethics,"windows 10: this is 2020&quot;s last 2004 and 20h2 optional update, says microsoft",letko brosseau & associates inc. purchases new shares in microsoft co. (nasdaq:msft),capital financial planning llc reduces stake in microsoft co. (nasdaq:msft),"lateef investment management l.p. acquires 25,236 shares of microsoft co. (nasdaq:msft)",microsoft co. (nasdaq:msft) holdings trimmed by banco santander s.a.,"swiss national bank sells 534,700 shares of microsoft co. (nasdaq:msft)",legacy financial advisors inc. increases stake in microsoft co. (nasdaq:msft),vantage financial partners ltd. inc. buys 400 shares of microsoft co. (nasdaq:msft),"alera investment advisors llc buys 1,142 shares of microsoft co. (nasdaq:msft)",kestra private wealth services llc takes position in microsoft co. (nasdaq:msft),microsoft co. (nasdaq:msft) shares bought by coyle financial counsel llc,microsoft co. (nasdaq:msft) stock holdings lessened by state board of administration of florida retirement system,,,,,,,,,,,,
2020-12-02,1,marc benioff sets his sights on microsoft,,,,,,,,,,,,,,,,,,,,,,,,,,,,,,,,,,,,,,,,,,,,,
2020-12-03,0,,,,,,,,,,,,,,,,,,,,,,,,,,,,,,,,,,,,,,,,,,,,,,
2020-12-04,1,,,,,,,,,,,,,,,,,,,,,,,,,,,,,,,,,,,,,,,,,,,,,,
2020-12-07,0,,,,,,,,,,,,,,,,,,,,,,,,,,,,,,,,,,,,,,,,,,,,,,
2020-12-08,1,,,,,,,,,,,,,,,,,,,,,,,,,,,,,,,,,,,,,,,,,,,,,,
2020-12-09,0,,,,,,,,,,,,,,,,,,,,,,,,,,,,,,,,,,,,,,,,,,,,,,
2020-12-10,0,,,,,,,,,,,,,,,,,,,,,,,,,,,,,,,,,,,,,,,,,,,,,,
2020-12-11,1,,,,,,,,,,,,,,,,,,,,,,,,,,,,,,,,,,,,,,,,,,,,,,
2020-12-14,1,,,,,,,,,,,,,,,,,,,,,,,,,,,,,,,,,,,,,,,,,,,,,,
2020-12-15,0,,,,,,,,,,,,,,,,,,,,,,,,,,,,,,,,,,,,,,,,,,,,,,
2020-12-16,1,,,,,,,,,,,,,,,,,,,,,,,,,,,,,,,,,,,,,,,,,,,,,,
2020-12-17,0,microsoft’s lessons for google,,,,,,,,,,,,,,,,,,,,,,,,,,,,,,,,,,,,,,,,,,,,,
2020-12-18,1,,,,,,,,,,,,,,,,,,,,,,,,,,,,,,,,,,,,,,,,,,,,,,
2020-12-21,1,,,,,,,,,,,,,,,,,,,,,,,,,,,,,,,,,,,,,,,,,,,,,,
2020-12-22,1,"year in review: orlando tech startups partnered with giants microsoft, slack, epic games and others",microsoft has won 8 design patents covering the xbox series s console and game controllers that cover those for vr gaming,company close updates: microsoft corp. stock underperforms tuesday when compared to competitors despite daily gains,"dailyhunt parent turns unicorn with over $100 million funding from google, microsoft",top microsoft shareholders,virtual reality update for microsoft flight simulator now available,they make a good teams: slack ceo&quot;s virtual wedding could take place on rival microsoft tool,is microsoft (msft) outperforming other computer and technology stocks this year?,you can now play microsoft&quot;s flight simulator in vr,,,,,,,,,,,,,,,,,,,,,,,,,,,,,,,,,,,,,
2020-12-23,0,company close updates: microsoft corp. stock underperforms wednesday when compared to competitors,microsoft flight simulator finally works in vr-but not quite cleared for takeoff,why microsoft has a limited future as a growth stock,"zoom competes with google and microsoft: exploring email services, calendar app and other services beyond video call",zoom may launch an email service and calendar app to compete with google and microsoft,2020 in review: 6 most-read posts from microsoft on the issues,sei investments co. trims position in microsoft co. (nasdaq:msft),front row advisors llc sells 666 shares of microsoft co. (nasdaq:msft),eudaimonia partners llc has $12.24 million stock holdings in microsoft co. (nasdaq:msft),"strategic wealth advisors group llc buys 1,438 shares of microsoft co. (nasdaq:msft)",microsoft&quot;s latest film celebrates india&quot;s spirit of being unstoppable,pritchard capital upgrades microsoft (nasdaq:msft) to buy,microsoft (nasdaq:msft) pt set at $235.00 by credit suisse group,,,,,,,,,,,,,,,,,,,,,,,,,,,,,,,,,
2020-12-24,1,"company close updates: microsoft corp. stock rises thursday, outperforms market",suspected russian hackers used microsoft vendors to breach customers,"zoom is considering expanding to email, messaging, calendar to compete with productivity platforms giants like google and microsoft, according to new report","zacks.com featured highlights include: lennar, microsoft, deere, teletech and kla","baidu, virgin galactic, micron, microsoft and cloudera as zacks bull and bear of the day",microsoft (msft) joins legal fight against spyware vendor nso group,microsoft co. (nasdaq:msft) is trust co of kansas' 8th largest position,microsoft co. (nasdaq:msft) stake raised by lvz advisors inc.,microsoft co. (nasdaq:msft) is silversage advisors' 10th largest position,"zoom eyes email and calendar app to take on google and microsoft, says report",,,,,,,,,,,,,,,,,,,,,,,,,,,,,,,,,,,,
2020-12-28,1,company close updates: microsoft corp. stock outperforms market on strong trading day,using microsoft 365 defender to protect against solorigate,return on capital employed overview: microsoft,here is why microsoft (msft) is the best faamg stock for 2021,"mirrored microsoft (mmsft) 24 hour volume hits $30,571.00","the ghosts of microsoft sql server past, present, and yet to come: <i>the reg</i> chats to azure data man rohan kumar","yes, microsoft access was a recalcitrant beast, but the first step is to turn the computer on","credit suisse group reiterates ""$235.00"" price target for microsoft (nasdaq:msft)",microsoft surface pro x vs macbook air m1: apple's native chip lost the battle amid one major detail!,should microsoft (nasdaq: msft) be in your portfolio for q1?,,,,,,,,,,,,,,,,,,,,,,,,,,,,,,,,,,,,
2020-12-29,0,microsoft (msft) dips more than broader markets: what you should know,microsoft: why it is still my largest position after a 240% gain,"stick with winners apple, amazon, microsoft as they drive the market to records, two traders say",spiros segalas comments on microsoft,dept. of justice credits microsoft with identifying tech-support fraud scheme that targeted seniors,"company close updates: microsoft corp. stock falls tuesday, underperforms market",home cooked: microsoft employees share some of their favorite recipes,should microsoft be in your portfolio for q1?,,,,,,,,,,,,,,,,,,,,,,,,,,,,,,,,,,,,,,
2020-12-30,0,"microsoft could soar 16% on 'unparalleled' cloud dominance and continued work-from-home, says wedbush senior tech analyst",microsoft will likely beat street views in december quarter as pandemic accelerates shift to cloud: wedbush,"company close updates: microsoft corp. stock falls wednesday, underperforms market",how to use excel: a beginner's guide to microsoft's spreadsheet program,"a year after microsoft ended all support for windows 7, millions of users are still not upgrading",five microsoft technologies to watch in 2021,"surface laptop go: premium feel for a mid-range price, but microsoft's apple-like range once meant more than this",microsoft surface pro 8 upcoming specs! rumors claim it'll have at least 8gb of ram,,,,,,,,,,,,,,,,,,,,,,,,,,,,,,,,,,,,,,
2020-12-31,1,microsoft says russian hackers viewed some of its source code,microsoft reveals solarwinds hackers were able to access its source code,"microsoft says solarwinds hackers viewed source code, but internal defenses thwarted further damage",solarwinds hackers were able to access microsoft source code: microsoft blog post,"best college laptop for 2021: apple, microsoft, dell and more     - cnet","exclusive: microsoft corp. (nasdaq: msft) leases 85,000 square feet in hillsboro",group behind alleged russia hack broke into microsoft's internal systems,"company close updates: microsoft corp. stock rises thursday, still underperforms market","microsoft says hackers viewed source code, didn't change it",microsoft hacked in russia-linked solarwinds cyberattack,solarwinds hackers accessed microsoft source code,microsoft is using its tech expertise to help covid-19 vaccine distribution efforts,microsoft says hackers were able to see some of its source code,microsoft says solarwinds hackers viewed source code,"microsoft's giant campus expansion marches on, even as it embraces remote work",microsoft says solarwinds hackers viewed source code     - cnet,"microsoft says solarwinds hackers viewed source code, but its defenses thwarted further damage",solarwinds hackers were able to access microsoft source code,microsoft says solarwinds hackers viewed but didn't alter source code,"the zacks analyst blog highlights: dropbox, crowdstrike, docusign and microsoft","the zacks analyst blog highlights: riot blockchain, overstock, international business machines, microsoft and facebook",,,,,,,,,,,,,,,,,,,,,,,,,
2021-01-04,0,,,,,,,,,,,,,,,,,,,,,,,,,,,,,,,,,,,,,,,,,,,,,,
2021-01-05,1,,,,,,,,,,,,,,,,,,,,,,,,,,,,,,,,,,,,,,,,,,,,,,
2021-01-06,1,,,,,,,,,,,,,,,,,,,,,,,,,,,,,,,,,,,,,,,,,,,,,,
2021-01-07,1,,,,,,,,,,,,,,,,,,,,,,,,,,,,,,,,,,,,,,,,,,,,,,
2021-01-08,1,,,,,,,,,,,,,,,,,,,,,,,,,,,,,,,,,,,,,,,,,,,,,,
2021-01-11,0,,,,,,,,,,,,,,,,,,,,,,,,,,,,,,,,,,,,,,,,,,,,,,
2021-01-12,0,,,,,,,,,,,,,,,,,,,,,,,,,,,,,,,,,,,,,,,,,,,,,,
2021-01-13,1,,,,,,,,,,,,,,,,,,,,,,,,,,,,,,,,,,,,,,,,,,,,,,
2021-01-14,0,,,,,,,,,,,,,,,,,,,,,,,,,,,,,,,,,,,,,,,,,,,,,,
2021-01-15,0,,,,,,,,,,,,,,,,,,,,,,,,,,,,,,,,,,,,,,,,,,,,,,
2021-01-19,1,,,,,,,,,,,,,,,,,,,,,,,,,,,,,,,,,,,,,,,,,,,,,,
2021-01-20,1,,,,,,,,,,,,,,,,,,,,,,,,,,,,,,,,,,,,,,,,,,,,,,
2021-01-21,1,,,,,,,,,,,,,,,,,,,,,,,,,,,,,,,,,,,,,,,,,,,,,,
2021-01-22,0,earnings outlook: microsoft earnings: the solarwinds hack may be a good thing for azure,microsoft president brad smith explains to employees why political contributions are important,why microsoft's self-driving car strategy will work,"microsoft stock is a buy while oracle is a sell, says goldman sachs",,,,,,,,,,,,,,,,,,,,,,,,,,,,,,,,,,,,,,,,,,
2021-01-25,1,microsoft among the trending stocks rated top buy this week,apple & microsoft will set the pace for big tech earnings,buy apple and microsoft stock before earnings?,"tesla, apple, at&t, microsoft, and other stocks to watch this week",earnings preview: what to expect from microsoft on tuesday,"earnings previews: amd, at&t, boeing, microsoft and starbucks","microsoft is a buy into earnings even as it nears all-time high, two traders say",microsoft: catalysts for new record highs,,,,,,,,,,,,,,,,,,,,,,,,,,,,,,,,,,,,,,
2021-01-26,1,microsoft profits jump 33 percent as pandemic continues shift to cloud computing.,microsoft corporation (msft) ceo satya nadella on q2 2021 results - earnings call transcript,alphabet and facebook rise after microsoft reports surprisingly strong advertising revenue,jefferies weisfeld breaks down microsoft's earnings,"microsoft earnings jump on pandemic-driven cloud, videogaming demand",microsoft jumps after earnings report,xbox surge and cloud computing deliver boost for microsoft,stock futures rise as investors applaud microsoft earnings,microsoft (msft) beats q2 earnings and revenue estimates,"microsoft posts big q2 revenue surprise, shares rise 6%",cloud computing powers microsoft to another strong quarter,microsoft's revenue climbs by 17% in the fiscal second quarter,"microsoft hits new all-time high as q2 cloud, azure business overshadow xbox release",microsoft reports 17% revenue growth as cloud business accelerates,"microsoft hits $40 billion in quarterly sales for first time, reports record earnings",microsoft hits $40 billion in quarterly sales for first time; stock up over 6%,microsoft beats estimates for azure revenue growth,microsoft set to report earnings after the bell,'where you wanna be is where microsoft is': investor,microsoft's (msft) teams app to be deployed by sap across portfolio,"microsoft earnings in spotlight for signs of business recovery, xbox growth",,,,,,,,,,,,,,,,,,,,,,,,,
2021-01-27,0,time of flight technology brings microsoft and leopard imaging together,"4 top stock trades for thursday: bb, msft, abt, txn",microsoft investigating outlook issues for north america users,microsoft rides the second wave of digitalization,there's simply nothing wrong with microsoft,5 microsoft analysts break down q2 beat as more organizations shift to cloud,microsoft exec says $10 billion cybersecurity business will grow cloud services and industrial tech tools (msft),microsoft's momentum is assured for 2021 after a blowout year-end quarter,premarket prep stock of the day: microsoft,azure is key driver of growing microsoft: bernstein's mark moerdler,cloud powers microsoft's fiscal q2 results: etfs to buy,"microsoft (msft) q2 earnings beat, azure & gaming aid top line",why analysts think microsoft is a screaming buy after earnings,working from home trend and gaming did the trick for microsoft,why this analyst raised his price target on microsoft,"here's why microsoft, plug power and amc are moving",microsoft (msft) beats earnings estimates handily,microsoft (msft) at all-time high after blowout quarter,microsoft's acceleration just taught investors a hugely important lesson,microsoft highlights 20% subscriber growth for xbox game pass as part of renewed 'ecosystem' strategy,,,,,,,,,,,,,,,,,,,,,,,,,,
2021-01-28,1,"3 growth tech stocks to buy now after msft, aapl beat earnings","azure cloud will pass office to become microsoft's biggest business next year, says analyst",microsoft short interest drops 34%,how retail investors shook up stocks more than apple and microsoft earnings,,,,,,,,,,,,,,,,,,,,,,,,,,,,,,,,,,,,,,,,,,
2021-01-29,0,"final trades: dnmr, msft & stpk","$1,000, 5 years later: how much would microsoft stock be worth?","stock market sells off after flashing warning; novavax, microsoft, gme in focus",is microsoft (msft) stock outpacing its computer and technology peers this year?,,,,,,,,,,,,,,,,,,,,,,,,,,,,,,,,,,,,,,,,,,
2021-02-01,1,"apple (aapl), microsoft (msft), disney (dis) are top admired companies",microsoft (msft) search engine bing may gain if google exits australia,microsoft's azure quantum platform is now in public preview,microsoft among this week's trending stocks rated top buy,"microsoft: strong finish to cy20, further momentum next quarter",microsoft ‘pretty confident' bing can replace google after tech giant threatens move out of australia,eu to rule on microsoft's $7.5 billion zenimax deal by march 5,"microsoft's bing ready to step in if google pulls search from australia, minister says",,,,,,,,,,,,,,,,,,,,,,,,,,,,,,,,,,,,,,
2021-02-02,0,"microsoft backs australia's proposed media laws targeting google, facebook",microsoft will chase down apple's market cap because of the cloud,"'shark tank' investor kevin o'leary boosted his stakes in microsoft, amazon, and facebook: 'you go back to what works'",,,,,,,,,,,,,,,,,,,,,,,,,,,,,,,,,,,,,,,,,,,
2021-02-03,1,"as google fights with australia, microsoft promotes bing and says it wouldn't threaten to leave country",microsoft says it would never ‘threaten to leave' australia after google said it could withdraw search engine,"amazon, microsoft 'cloud arms race hitting another gear' with bezos replacement: wedbush",,,,,,,,,,,,,,,,,,,,,,,,,,,,,,,,,,,,,,,,,,,
2021-02-04,0,microsoft aims to improve the remote work experience: ceo,,,,,,,,,,,,,,,,,,,,,,,,,,,,,,,,,,,,,,,,,,,,,
2021-02-05,0,microsoft: strength upon strength,microsoft halts donations through 2022 to lawmakers who opposed biden certification,microsoft says it won't give money to congress members who voted against electoral college confirmation,microsoft-backed graphcore calls on uk regulator to block nvidia's arm acquisition,,,,,,,,,,,,,,,,,,,,,,,,,,,,,,,,,,,,,,,,,,
2021-02-08,0,microsoft’s donations got it in trouble. but it’s not done with politics.,microsoft: leading the cloud software market,,,,,,,,,,,,,,,,,,,,,,,,,,,,,,,,,,,,,,,,,,,,
2021-02-09,1,,,,,,,,,,,,,,,,,,,,,,,,,,,,,,,,,,,,,,,,,,,,,,
2021-02-10,0,microsoft tried to buy pinterest in recent months: report,microsoft looked to acquire pinterest: ft,microsoft helps users shift to hybrid work with microsoft viva launch,microsoft's satya nadella says the us tech industry needs to be more open to foreign competition: 'i think we celebrate our own advances far too much' (msft),microsoft short interest drops 27% year over year,,,,,,,,,,,,,,,,,,,,,,,,,,,,,,,,,,,,,,,,,
2021-02-11,0,microsoft has been courting pinterest: report,pinterest soars to record highs amid microsoft buyout rumors,"microsoft made takeover approach to pinterest, reports",volkswagen extends partnership with microsoft to boost cloud-based automated driving platform,"microsoft reportedly tried to buy $51 billion pinterest, in what could have been the tech firm's biggest deal",volkswagen taps microsoft's cloud to develop self-driving software,,,,,,,,,,,,,,,,,,,,,,,,,,,,,,,,,,,,,,,,
2021-02-12,1,steve ballmer says he wishes microsoft had entered cloud computing market earlier,microsoft (msft) believes tech giants should pay for news,"microsoft yearns us to charge google, facebook for content usage: wsj",google swipes at microsoft for supporting australia's 'unworkable' levy on tech giants,,,,,,,,,,,,,,,,,,,,,,,,,,,,,,,,,,,,,,,,,,
2021-02-16,0,microsoft announces registered exchange offers,msft stock price: $300 target (up from $285) from wedbush,microsoft stock gains toward a record after wedbush raised price target to $300,microsoft is reportedly testing a new browser-based streaming service that would let you play xbox games on your pc and iphone,,,,,,,,,,,,,,,,,,,,,,,,,,,,,,,,,,,,,,,,,,
2021-02-17,1,microsoft teams down for hundreds of users: downdetector.com,,,,,,,,,,,,,,,,,,,,,,,,,,,,,,,,,,,,,,,,,,,,,
2021-02-18,1,solarwinds hackers studied microsoft source code for authentication and email,is microsoft (msft) outperforming other computer and technology stocks this year?,"bosch, microsoft join forces to develop vehicle software platform",,,,,,,,,,,,,,,,,,,,,,,,,,,,,,,,,,,,,,,,,,,
2021-02-19,0,,,,,,,,,,,,,,,,,,,,,,,,,,,,,,,,,,,,,,,,,,,,,,
2021-02-22,0,microsoft's partnership with european news publishers threatens facebook and alphabet,microsoft teams up with eu publishers amid facebook's australian spat,,,,,,,,,,,,,,,,,,,,,,,,,,,,,,,,,,,,,,,,,,,,
2021-02-23,1,"capitol report: russia assigned more than 1,000 expert engineers to execute solarwinds hack, says microsoft exec",microsoft says it notified 60 customers of solarwinds breach - u.s. senate panel hearing,microsoft-owned linkedin is down for some users,microsoft president: the only reason we know about solarwinds hack is because fireeye told us,"solarwinds, microsoft, fireeye, crowdstrike to testify in senate in russian cyber hack case",mastercard and microsoft among trending stocks this week,"solarwinds, microsoft, fireeye, crowdstrike executives face senate grilling","microsoft allies with european publishers to push for 'australian-style' laws on news content, pitting itself against facebook and google",,,,,,,,,,,,,,,,,,,,,,,,,,,,,,,,,,,,,,
2021-02-24,1,microsoft: too good is never enough,"solarwinds, microsoft, fireeye, and crowdstrike defend conduct in major breach",,,,,,,,,,,,,,,,,,,,,,,,,,,,,,,,,,,,,,,,,,,,
2021-02-25,0,microsoft failed to shore up defenses that could have limited solarwinds hack: u.s. senator,microsoft short interest drops 28%,,,,,,,,,,,,,,,,,,,,,,,,,,,,,,,,,,,,,,,,,,,,
2021-02-26,1,,,,,,,,,,,,,,,,,,,,,,,,,,,,,,,,,,,,,,,,,,,,,,
2021-03-01,1,vuzix says m400 and m4000 smart glasses now microsoft teams compatible,"here's why apple, microsoft, disney, plug power are moving",4 reasons to love microsoft stock,,,,,,,,,,,,,,,,,,,,,,,,,,,,,,,,,,,,,,,,,,,
2021-03-02,0,microsoft's big step forward in mixed reality,microsoft announces pricing terms for its exchange offers and increases the new 2062 notes issue cap,"microsoft unveils mesh, betting on mixed reality for gatherings and collaboration across platforms","microsoft shows off its vision for future meetings, with your colleagues as holograms floating in space",microsoft corporation (msft) presents at morgan stanley 2021 tmt conference (transcript),microsoft: 2021 top pick still has room to grow,,,,,,,,,,,,,,,,,,,,,,,,,,,,,,,,,,,,,,,,
2021-03-03,0,"microsoft's ignite 2021 announcements: mesh, new teams features, azure percept ai platform",citi names microsoft as top software pick,"microsoft, oracle, tesla, virgin galactic and more wednesday afternoon analyst calls",microsoft says a group of chinese hackers targeted its email server,microsoft allege email software server hack by chinese hackers: reuters,,,,,,,,,,,,,,,,,,,,,,,,,,,,,,,,,,,,,,,,,
2021-03-04,0,white house says closely tracking microsoft's emergency patch,inside workvivo's plans to take on microsoft in the employee experience space,"chevron, schlumberger, and microsoft join for carbon-capture effort","need to know: buy the dip with apple, microsoft and these other tech stocks before they fly way higher, says analyst",,,,,,,,,,,,,,,,,,,,,,,,,,,,,,,,,,,,,,,,,,
2021-03-05,1,"more than 20,000 u.s. organizations compromised through microsoft flaw: source","at least 30,000 organizations newly hacked via microsoft email flaw",microsoft stock has been flat for 6 months. why it could be time to jump aboard.,legal tussle with amazon puts microsoft's $10b jedi contract in jeopardy: bloomberg,microsoft's emergency security patch after cyber attack attracts white house monitoring: reuters,,,,,,,,,,,,,,,,,,,,,,,,,,,,,,,,,,,,,,,,,
2021-03-08,0,what to expect from microsoft's blockbuster bethesda acquisition as deal gets eu approval,option traders make moves amid msft pullback,white house cites ‘active threat' after hack of microsoft email,"buy microsoft, salesforce and coupa, goldman sachs says. here's why.",has microsoft (msft) outpaced other computer and technology stocks this year?,how will this new cybersecurity etf respond to the microsoft hack?,"microsoft slips, ge jumps as stimulus can't lift s&p 500",eu clears microsoft's $7.5 billion acquisition of video game publisher bethesda,,,,,,,,,,,,,,,,,,,,,,,,,,,,,,,,,,,,,,
2021-03-09,1,"microsoft's big email hack: what happened, who did it, and why it matters",microsoft stock split: when it might happen again and what you need to know,china is still part of microsoft's game plan despite the big hack,,,,,,,,,,,,,,,,,,,,,,,,,,,,,,,,,,,,,,,,,,,
2021-03-10,0,microsoft corporation (msft) management presents at jefferies enterprise communications summit (transcript),"up to 60,000 computer systems exposed in germany to microsoft flaw: bsi",microsoft short interest down 25% year over year,,,,,,,,,,,,,,,,,,,,,,,,,,,,,,,,,,,,,,,,,,,
2021-03-11,1,ransom-seeking hackers are taking advantage of microsoft flaw: expert,microsoft suspends new linkedin sign-ups in china,,,,,,,,,,,,,,,,,,,,,,,,,,,,,,,,,,,,,,,,,,,,
2021-03-12,1,microsoft (msft) stock sinks as market gains: what you should know,google and microsoft are in a public feud,"google accused microsoft of unfairly attacking the tech giant to distract from the massive exchange hack (googl, msft)","total (tot) partners microsoft, focuses on net-zero emissions",microsoft and google spar ahead of antitrust hearing on tech and the future of news,,,,,,,,,,,,,,,,,,,,,,,,,,,,,,,,,,,,,,,,,
2021-03-15,0,select lawmakers rebuke microsoft over potential $150m us cyber spending quota: reuters,"exclusive: microsoft could reap more than $150 million in new u.s. cyber spending, upsetting some lawmakers",ixico to use microsoft's cloud-based ai infrastructure to scale-up,,,,,,,,,,,,,,,,,,,,,,,,,,,,,,,,,,,,,,,,,,,
2021-03-16,1,"microsoft could gain 27% on cloud-computing upside that's only begun to scratch the surface, says wedbush",microsoft announces expiration of its exchange offers,from amazon towards microsoft — why 'tide is shifting in the cloud arms race',,,,,,,,,,,,,,,,,,,,,,,,,,,,,,,,,,,,,,,,,,,
2021-03-17,1,,,,,,,,,,,,,,,,,,,,,,,,,,,,,,,,,,,,,,,,,,,,,,
2021-03-18,0,china punishes microsoft’s linkedin over lax censorship,,,,,,,,,,,,,,,,,,,,,,,,,,,,,,,,,,,,,,,,,,,,,
2021-03-19,0,microsoft (msft) dips more than broader markets: what you should know,microsoft adds new vaccine management tools to amend past loopholes: bloomberg,medica group appoints microsoft research's chief medical scientist as ned,,,,,,,,,,,,,,,,,,,,,,,,,,,,,,,,,,,,,,,,,,,
2021-03-22,1,microsoft to ease workers back to the office starting next week,microsoft reportedly in talks to buy discord for more than $10 billion,microsoft reportedly in talks to buy gaming chat app discord for $10b,microsoft in talks to acquire discord for more than $10 billion: bloomberg news,"why microsoft would want to acquire discord, which is reportedly exploring a $10b-plus sale",microsoft to start bringing some employees back to offices on march 29,microsoft to allow more employees at its headquarters from march 29,microsoft to reopen hq campus to more employees march 29 as focus shifts to hybrid work model,a tiny security start-up founded by engineers who sold their last company to microsoft is already worth $1.7 billion,microsoft stock: should you buy or sell?,,,,,,,,,,,,,,,,,,,,,,,,,,,,,,,,,,,,
2021-03-23,1,discord and microsoft said to discuss deal that could top $10 billion,microsoft eyes $10 billion acquisition of digital communications platform discord,microsoft exploring $10b acquisition of gamer chat app discord – reports,"zm, fb, msft, amzn: why are tech stocks climbing today?",new york times' kevin roose on microsoft eying discord for $10 billion deal,discord: what is it and why is microsoft after it?,microsoft (msft) reportedly mulling discord buyout for over $10b,$10 billion for discord? here's why microsoft might buy it and why it's a good fit,call traders blast microsoft stock amid discord buyout buzz,microsoft reportedly looks to buy discord for $10 billion,microsoft in talks to acquire discord for more than £7.24 billion,microsoft in talks to snap up gamer chat platform discord,microsoft said to be in discussions to acquire discord for over $10b,,,,,,,,,,,,,,,,,,,,,,,,,,,,,,,,,
2021-03-24,0,option trade: adding bullish exposure to your portfolio with microsoft stock,is microsoft (msft) outperforming other computer and technology stocks this year?,microsoft invests in canada for post pandemic digital recovery,how companies can protect themselves from microsoft exchange server threats,why is microsoft interested in acquiring discord?,,,,,,,,,,,,,,,,,,,,,,,,,,,,,,,,,,,,,,,,,
2021-03-25,0,microsoft (msft) stock sinks as market gains: what you should know,,,,,,,,,,,,,,,,,,,,,,,,,,,,,,,,,,,,,,,,,,,,,
2021-03-26,1,microsoft launches decentralized identity platform ion on bitcoin's blockchain,"facebook, microsoft, uber: major tech companies make plans to soon reopen offices",,,,,,,,,,,,,,,,,,,,,,,,,,,,,,,,,,,,,,,,,,,,
2021-03-29,0,microsoft in exclusive talks to acquire discord a chat app for gamers and other groups,"microsoft, intel, ibm price analysis roundup",facebook and microsoft among trending stocks for this week,microsoft (msft) to invest in boosting cloud presence in canada,how discord could become microsoft's smartest business move,,,,,,,,,,,,,,,,,,,,,,,,,,,,,,,,,,,,,,,,,
2021-03-30,0,the message microsoft is sending to managers after a decline in team connectedness,"microsoft targets 50,000 jobs with linkedin 're-skilling' effort",,,,,,,,,,,,,,,,,,,,,,,,,,,,,,,,,,,,,,,,,,,,
2021-03-31,1,microsoft will get up to $21.9 billion to make army headsets with augmented reality.,"microsoft tightening tentacles around pentagon with $22b ar headset deal, says analyst",us army is deploying microsoft hololens-based headsets in a $21.88 billion deal,microsoft secures massive pentagon hololens contract,"4 top stock trades for thursday: msft, arvl, mara, clf",microsoft awarded army contract to produce mixed reality headset for soldiers based on hololens,"microsoft wins contract worth up to $22 billion to outfit u.s. army with 120,000 ar headsets",microsoft wins $21.9 billion contract with u.s. army to supply augmented reality headsets,"microsoft wins u.s. army contract for augmented-reality headsets, worth up to $21.9 billion over 10 years",,,,,,,,,,,,,,,,,,,,,,,,,,,,,,,,,,,,,
2021-04-01,1,users are reporting that multiple microsoft products are down,microsoft outage knocks sites and services offline,microsoft (msft) wins $22b ar headset contract from u.s. army,microsoft wins $22 billion deal to make ar headsets for us army,microsoft's $21+ billion deal with the u.s. army: details,microsoft strikes a deal with the u.s. army for augmented reality headsets,can autodesk be the microsoft of construction?,microsoft has landed a multimillion-dollar contract with the us army to make mixed-reality headsets for soldiers,microsoft corp wins us$22bn augmented reality headset contract with us army,,,,,,,,,,,,,,,,,,,,,,,,,,,,,,,,,,,,,
2021-04-05,1,"facebook, google and microsoft stocks reach records as big tech bounces back","stock market rally strengthens, nasdaq passes key level; msft, klic, vale give buy signals","facebook, alphabet and microsoft shares soar to all-time highs",microsoft's lack of antitrust issues is allowing it to grow behind the scenes,is microsoft stock a buy?,microsoft's stock has more than 10% upside,,,,,,,,,,,,,,,,,,,,,,,,,,,,,,,,,,,,,,,,
2021-04-06,1,microsoft stock price: $265 target reiterated by credit suisse,why microsoft won the $22 billion army hololens 2 ar deal,is microsoft stock a buy as software giant gains cloud market share?,microsoft connection adds tremendous value to apex technology acquisition,,,,,,,,,,,,,,,,,,,,,,,,,,,,,,,,,,,,,,,,,,
2021-04-07,1,analyst who found microsoft at 38 cents names #1 pick for the ai boom,scott+scott attorneys at law llp investigates microsoft corp.'s directors and officers for breach of fiduciary duties – msft,,,,,,,,,,,,,,,,,,,,,,,,,,,,,,,,,,,,,,,,,,,,
2021-04-08,1,stock market cage match: traders on whether apple or microsoft is the better buy,where microsoft stands with analysts,"what do apple, microsoft and nuance have in common? (hint: big things in q2)",valuelicensing slaps £270m lawsuit against microsoft for influencing second-hand software market: ft,what microsoft's new $22 billion government contract means for its stock,,,,,,,,,,,,,,,,,,,,,,,,,,,,,,,,,,,,,,,,,
2021-04-09,1,here's how much a $1000 investment in microsoft made 10 years ago would be worth today,,,,,,,,,,,,,,,,,,,,,,,,,,,,,,,,,,,,,,,,,,,,,
2021-04-12,1,microsoft to buy nuance for $16 billion to focus on health care tech,"cordasco financial network buys microsoft corp, honeywell international inc, alphabet inc,.",jim cramer on how microsoft and nvidia grow by reinventing themselves,"gloves off in the chip wars? nvda takes aim at intc, and microsoft acquires nuance",why microsoft decided to buy nuance at a premium,microsoft dials up merger with nuance communications,a look at the $16b microsoft-nuance deal as health care becomes the next frontier for tech companies,microsoft acquisition draws attention to ai as doctor's assistant,microsoft to buy ai and speech technology firm nuance for $16bn,microsoft to acquire nuance communications for about £1..64 billion,microsoft to buy artificial intelligence provider for $16 billion,microsoft takes advantage of antitrust spotlight on rivals to go hunting for large acquisitions,why microsoft's $19.7b deal to acquire nuance is a ‘perfect fit' and ‘trophy' for redmond tech giant,is microsoft (msft) outperforming other computer and technology stocks this year?,"astrazeneca, bumble, mcdonald's, microsoft and more monday afternoon analyst calls",the why behind microsoft's $19 billion nuance buy,microsoft (msft) reportedly mulling to buy nuance for $16b,why microsoft just paid $20 billion for nuance,microsoft buys nuance communications for $16 billion,"what's going on with nuan stock, msft stock and pt stock today?",microsoft goes all in on healthcare with $19.7b nuance acquisition,"microsoft, nuance ceos on $16b deal, cloud strategy, health-care ai solutions and more",microsoft acquires ai firm nuance in $19.7 billion deal,cramer on microsoft buying nuance communications for $16 billion,microsoft confirms deal to purchase nuance for $19.7 billion,dow retreats slightly as stock-market investors ready for first-quarter earnings; microsoft to buy nuance in $16 billion deal,microsoft buys nuance for $16 billion in a major push into health care ai,"nuance soars on microsoft buyout, alibaba gains as market ticks lower",microsoft will buy ai firm nuance for $19.7 billion to bolster healthcare tech (msft),microsoft is acquiring nuance communications for $19.7b,confirmed: microsoft (msft) buying nuance (nuan) in $19.7 billion deal,microsoft to buy ai firm nuance communications in $19.7 billion deal,microsoft buys nuance communications in $16 billion deal,microsoft accelerates industry cloud strategy for healthcare with the acquisition of nuance,,,,,,,,,,,,
2021-04-13,1,microsoft (msft) outpaces stock market gains: what you should know,u.s. directs agencies to apply patches to microsoft servers,wheelhouse's chief investment officer discusses microsoft's nuance acquisition,government agencies must update microsoft exchange as feds warn of 'unacceptable' security risk,microsoft announces quarterly earnings release date,microsoft (msft) set to acquire nuance communications for $19.7b,"here's why microsoft, plug power and fuelcell are moving",microsoft's $16 billion nuance bid is about to beat google and amazon at their own game,microsoft's latest macbook air competitor lets you pick between intel or amd,,,,,,,,,,,,,,,,,,,,,,,,,,,,,,,,,,,,,
2021-04-14,0,,,,,,,,,,,,,,,,,,,,,,,,,,,,,,,,,,,,,,,,,,,,,,
2021-04-15,1,better buy: microsoft vs. alphabet,,,,,,,,,,,,,,,,,,,,,,,,,,,,,,,,,,,,,,,,,,,,,
2021-04-16,1,apple and microsoft: buy biggest tech stocks ahead of earnings?,"microsoft competes with google, amazon in healthcare",better buy: amazon vs. microsoft,,,,,,,,,,,,,,,,,,,,,,,,,,,,,,,,,,,,,,,,,,,
2021-04-19,0,microsoft's acquisition of nuance reaffirms its interest in dominating the $11+ trillion healthcare market,microsoft to launch streaming gaming service,"bill.com, microsoft team on finance automation",microsoft (msft) dips more than broader markets: what you should know,"microsoft to test xbox cloud gaming on pcs, apple mobile devices",microsoft's 'netflix-for gaming' service launches on iphone and pc this week,microsoft to invest $1 billion in malaysia to set up data centres - malaysian pm,,,,,,,,,,,,,,,,,,,,,,,,,,,,,,,,,,,,,,,
2021-04-20,1,chat app discord drops talks with microsoft,"report: discord walked away from microsoft talks, may pursue an ipo","discord ends talks with potential buyers, including microsoft",discord terminates buyout talks with microsoft - wsj,microsoft announces acquisition of nuance; targets completion in 2021,,,,,,,,,,,,,,,,,,,,,,,,,,,,,,,,,,,,,,,,,
2021-04-21,1,microsoft president on the company's goal to be carbon negative by 2030,why microsoft wants to buy nuance,microsoft's stock may rally further following its quarterly results,discord pulls out of merger talks with microsoft,here's how microsoft (msft) looks ahead of q3 earnings release,discord sets aside microsoft's acquisition bid in favor of ipo plan revival: wsj,,,,,,,,,,,,,,,,,,,,,,,,,,,,,,,,,,,,,,,,
2021-04-22,0,fintech ally teams with microsoft to advance quantum computing,"azure, teams & xbox adoption to aid microsoft (msft) q3 earnings",market structure edge's quast tells benzinga the shorts pre-told microsoft's acquisition of nuance,microsoft's stock at near term potential?,,,,,,,,,,,,,,,,,,,,,,,,,,,,,,,,,,,,,,,,,,
2021-04-23,1,microsoft's cloud leadership can let its stock soar higher,"rockefeller capital: microsoft, verizon top plays for earth day",,,,,,,,,,,,,,,,,,,,,,,,,,,,,,,,,,,,,,,,,,,,
2021-04-26,0,"big tech breakdown: buy microsoft, apple & amazon stock before earnings?",microsoft on verge of passing $2 trillion market cap milestone following this week's earnings report,"as microsoft nears $2 trillion market cap, amazon is most likely to reach that level next",microsoft's stock hangs out near all-time highs as earnings await,"microsoft, intel collaborate to drive crypto-jacking malware endpoint detection",microsoft earnings: what to look for,microsoft nears $2 trillion market value—second only to apple in the u.s.,"earnings previews: alphabet, amd, microsoft, texas instruments","marquee names report q1 earnings this week: tsla, msft, aapl & more",microsoft's acquisition of nuance seen setting tone ahead of fiscal q3 earnings report,apple and microsoft go head-to-head in earnings face-off,,,,,,,,,,,,,,,,,,,,,,,,,,,,,,,,,,,
2021-04-27,1,"microsoft reports strongest quarterly growth in years, as profit also rises.",microsoft corporation (msft) ceo satya nadella on q3 2021 results - earnings call transcript,"microsoft beats q3 revenue expectations, spurred by strong cloud sales",microsoft beats wall street's expectations with strong q3 earnings,"microsoft says linkedin topped $3 billion in ad revenue in the last year, outpacing snap and pinterest",microsoft revenues jump 19% as 'digital adoption' accelerates,microsoft cloud earns big with $17 billion in revenue for q3,microsoft (msft) q3 earnings and revenues surpass estimates,microsoft earnings: what happened,"microsoft q3 earnings beats estimates, stock down after hours",jefferies brent thill on why microsoft shares are down despite beat,"despite xbox shortages, microsoft reports $3.6b in q3 gaming revenue, 232% growth in hardware sales",microsoft slips despite strong fiscal 3rd-quarter revenue growth,4 key takeaways from microsoft's q3 financial results,microsoft: q3 earnings insights,microsoft stock drops nearly 4% after hours following earnings,microsoft set to report earnings after the bell,what 23 analyst ratings have to say about microsoft,big tech results season rumbles on as alphabet and microsoft prepare to release numbers,,,,,,,,,,,,,,,,,,,,,,,,,,,
2021-04-28,0,catch up: google’s and microsoft’s profits soar as pandemic benefits big tech.,msft stock: $305 target (up from $300) by piper sandler,why did pinterest and microsoft fall after earnings?,microsoft president: google is hurting the open web,microsoft shares remain in a bull market after better than expected third-quarter results,"4 microsoft analysts break down software giant's q3 earnings, cloud strength, long-term outlook","microsoft: strong q3 fy21, post-covid growth will be fine","alphabet's gain, microsoft's drop leave nasdaq in limbo",why microsoft is really trading down today (hint: it has nothing to do with earnings),has microsoft (msft) outpaced other computer and technology stocks this year?,'redmond delivers another cloud masterpiece': 4 wall street analysts on microsoft's latest earnings report (msft),"microsoft (msft) q3 earnings & revenues beat, stock slumps",6 etfs to bet on microsoft's q3 earnings strength,"linkedin has boomed to nearly 800 million members, and 5 other key takeaways from microsoft's q3 earnings","microsoft's linkedin outdoes pinterest, snapchat in revenue: what you need to know",,,,,,,,,,,,,,,,,,,,,,,,,,,,,,,
2021-04-29,0,microsoft plans to take a smaller cut from developers in its games store.,microsoft will match epic and share more money with video game makers,"microsoft acquires kinvolk, the berlin-based cloud startup behind flatcar container linux",why the microsoft sell-off might be a buying opportunity,microsoft to take smaller cut from game developers: nyt,sony launches playstation 5 console in china ahead of microsoft's xbox,,,,,,,,,,,,,,,,,,,,,,,,,,,,,,,,,,,,,,,,
2021-04-30,1,microsoft and amazon call for regulation as crypto laundering grows,"microsoft to pay higher share of revenue to pc game makers as rivals apple, google face antitrust scrutiny",,,,,,,,,,,,,,,,,,,,,,,,,,,,,,,,,,,,,,,,,,,,
2021-05-03,0,"discord lands minority investment from rival sony, after it rejected microsoft bid",lawyer who helped netscape in microsoft antitrust lawsuit is representing epic in its battle with apple,microsoft is rolling out a new default font to 1.2 billion office users after 14 years — and the designer of the old one is surprised,microsoft stock vs disney: the better long-term investment,,,,,,,,,,,,,,,,,,,,,,,,,,,,,,,,,,,,,,,,,,
2021-05-04,0,"texas business leaders and major corporations—including microsoft, hp—blast state's ‘voter suppression' bills",,,,,,,,,,,,,,,,,,,,,,,,,,,,,,,,,,,,,,,,,,,,,
2021-05-05,0,microsoft: cheaply valued elephant hiding in plain sight,facebook sees paid subscribers for workplace rise 40% but it remains far behind microsoft's teams,,,,,,,,,,,,,,,,,,,,,,,,,,,,,,,,,,,,,,,,,,,,
