Date,Label,top1,top2,top3,top4,top5,top6,top7,top8,top9,top10,top11,top12,top13,top14,top15,top16,top17,top18,top19,top20,top21,top22,top23,top24,top25,top26,top27,top28,top29
2020-01-02,0,this union defeated airbnb. now it’s taking aim at a new target.,,,,,,,,,,,,,,,,,,,,,,,,,,,,
2020-01-03,1,,,,,,,,,,,,,,,,,,,,,,,,,,,,,
2020-01-06,0,,,,,,,,,,,,,,,,,,,,,,,,,,,,,
2020-01-07,1,targeting cultural sites in war is illegal. it’s also barbaric.,"weekly news quiz for students: targeted killing, wildfires, football upset",,,,,,,,,,,,,,,,,,,,,,,,,,,
2020-01-08,0,"‘targeted’ shooting in ottawa leaves one dead and at least 3 injured, police say",,,,,,,,,,,,,,,,,,,,,,,,,,,,
2020-01-09,1,,,,,,,,,,,,,,,,,,,,,,,,,,,,,
2020-01-10,1,trump says 4 embassies had been targeted by iranians,,,,,,,,,,,,,,,,,,,,,,,,,,,,
2020-01-13,0,,,,,,,,,,,,,,,,,,,,,,,,,,,,,
2020-01-14,1,subway arrests investigated over claims people of color are targeted,,,,,,,,,,,,,,,,,,,,,,,,,,,,
2020-01-15,0,"unitedhealth group, blackrock rise; target, nektar fall",stock market news: target misses the mark; bofa fights the fed,"target stock flashes sell signal as holiday flop hits outlook, key executive retires","premarket prep recap: goldman sachs rallies off q4 report, target retreats and more beyond",should value investors pick target corporation (tgt) stock?,"thinking about buying stock in canopy growth corp, micron technology, petmed express, sorrento therapeutics, or target?","best buy, toy makers and walmart stocks fall in wake of target&quot;s disappointing sales","target, like other retailers, did not have a merry christmas","target posts rare stumble over holidays, adding to retail gloom",target reports holiday sales and maintains eps guidance,heritage investors management corp sells 420 shares of target co. (nyse:tgt),,,,,,,,,,,,,,,,,,
2020-01-16,0,why target&quot;s bad day rained on hasbro,target co. (nyse:tgt) shares sold by honkamp krueger financial services inc.,target (nyse:tgt) given buy rating at cowen,,,,,,,,,,,,,,,,,,,,,,,,,,
2020-01-17,1,"french strikers shut down the louvre, setting a new target in a pension fight",trump targets michelle obama’s school nutrition guidelines on her birthday,"stock market hits record highs; jpmorgan, target, boeing, unitedhealth, morgan stanley in focus: weekly review",target&quot;s expansion into private label athleisure brings $1 billion in potential sales,ae wealth management llc buys 617 shares of target co. (nyse:tgt),formulafolio investments llc sells 700 shares of target co. (nyse:tgt),,,,,,,,,,,,,,,,,,,,,,,
2020-01-21,0,mitsubishi is target of emissions-cheating inquiry in germany,why target&quot;s weak toy sales aren&quot;t necessarily bad news for mattel and hasbro,target co. (nyse:tgt) shares bought by valicenti advisory services inc.,mainstay capital management llc adv purchases 785 shares of target co. (nyse:tgt),"nomura reiterates ""buy"" rating for target (nyse:tgt)",,,,,,,,,,,,,,,,,,,,,,,,
2020-01-22,0,target-owned shipt will make same-day deliveries for office depot,"the zacks analyst blog highlights: costco wholesale, the buckle, ross stores, target and best buy",will target&quot;s and walmart&quot;s success spell disaster for other retailers?,"janney montgomery scott llc purchases 31,557 shares of target co. (nyse:tgt)","nomura reaffirms ""buy"" rating for target (nyse:tgt)",,,,,,,,,,,,,,,,,,,,,,,,
2020-01-23,1,target takes over #111 spot from applied materials,ballentine partners llc reduces holdings in target co. (nyse:tgt),clarius group llc acquires 121 shares of target co. (nyse:tgt),target co. (nyse:tgt) shares purchased by clarius group llc,,,,,,,,,,,,,,,,,,,,,,,,,
2020-01-24,0,target co. (nyse:tgt) stock holdings lowered by focused investors llc,executive wealth management llc acquires new stake in target co. (nyse:tgt),exane derivatives sells 282 shares of target co. (nyse:tgt),target co. (nyse:tgt) shares acquired by accredited investors inc.,odeon capital group initiates coverage on target (nyse:tgt),,,,,,,,,,,,,,,,,,,,,,,,
2020-01-27,1,festival foods buys former target store in greenfield,,,,,,,,,,,,,,,,,,,,,,,,,,,,
2020-01-28,0,"barr, targeting anti-semitic crimes, enters bail reform fray",,,,,,,,,,,,,,,,,,,,,,,,,,,,
2020-01-29,0,$500 million for the homeless targeted in scheme with bogus addresses,,,,,,,,,,,,,,,,,,,,,,,,,,,,
2020-01-30,1,"e-commerce&quot;s surprise winner: little-known crown equipment supplies forklifts to amazon, target, home depot",conning inc. cuts stock position in target co. (nyse:tgt),conning inc. decreases stock position in target co. (nyse:tgt),,,,,,,,,,,,,,,,,,,,,,,,,,
2020-01-31,0,"china targets the coronavirus, and farmers pay a price",braun bostich & associates inc. buys 973 shares of target co. (nyse:tgt),,,,,,,,,,,,,,,,,,,,,,,,,,,
2020-02-03,1,,,,,,,,,,,,,,,,,,,,,,,,,,,,,
2020-02-04,0,twitter moves to target fake videos and photos,,,,,,,,,,,,,,,,,,,,,,,,,,,,
2020-02-05,1,draft executive order would give trump a new target: modern design,,,,,,,,,,,,,,,,,,,,,,,,,,,,
2020-02-06,0,federal hate crime charges filed in el paso shooting that targeted latinos,,,,,,,,,,,,,,,,,,,,,,,,,,,,
2020-02-07,1,,,,,,,,,,,,,,,,,,,,,,,,,,,,,
2020-02-10,1,,,,,,,,,,,,,,,,,,,,,,,,,,,,,
2020-02-11,0,mascot mix-up: target pulls &quot;minnesota badgers&quot; apparel,,,,,,,,,,,,,,,,,,,,,,,,,,,,
2020-02-12,1,miami beach to consider a second target store,is there an opportunity with target corporation&#39;s (nyse:tgt) 28% undervaluation?,"cowen reiterates ""buy"" rating for target (nyse:tgt)",,,,,,,,,,,,,,,,,,,,,,,,,,
2020-02-13,1,"coronavirus could give target, best buy a supply-side shock",candriam luxembourg s.c.a. trims stock holdings in target co. (nyse:tgt),beese fulmer investment management inc. buys 295 shares of target co. (nyse:tgt),"2,724 shares in target co. (nyse:tgt) acquired by 9258 wealth management llc","9258 wealth management llc invests $349,000 in target co. (nyse:tgt)",,,,,,,,,,,,,,,,,,,,,,,,
2020-02-14,0,"the best presidents days weekend deals and sales happening at amazon, target, and more","ex-dividend reminder: equinor, target and walgreens boots alliance","ralph lauren, j.b. hunt transport, walmart, amazon and target highlighted as zacks bull and bear of the day",,,,,,,,,,,,,,,,,,,,,,,,,,
2020-02-18,1,target&quot;s a gig-economy company now &quot; and that means gig-economy horror stories,jefferies financial group comments on target co.&quot;s q2 2021 earnings (nyse:tgt),,,,,,,,,,,,,,,,,,,,,,,,,,,
2020-02-19,0,cordatus wealth management llc reduces holdings in target co. (nyse:tgt),target co. (nyse:tgt) shares bought by intrust bank na,target co. (nyse:tgt) shares bought by independent advisor alliance,"evoke wealth llc has $132,000 stake in target co. (nyse:tgt)",target co. forecasted to earn q2 2021 earnings of $1.96 per share (nyse:tgt),,,,,,,,,,,,,,,,,,,,,,,,
2020-02-20,1,"billions of targets on his back, bloomberg joins the debate fray","trump targets new york again, this time over car exports",better buy: home depot vs. target,"andra ap fonden acquires 9,200 shares of target co. (nyse:tgt)",,,,,,,,,,,,,,,,,,,,,,,,,
2020-02-21,0,target co. (nyse:tgt) stock position lowered by buckhead capital management llc,"banco santander s.a. sells 2,942 shares of target co. (nyse:tgt)",,,,,,,,,,,,,,,,,,,,,,,,,,,
2020-02-24,0,target emerges as 8th largest ecommerce retailer - here&quot;s how their marketplace strategy is entirely different to amazon and walmart,can grocery insulate walmart and target from online rivals?,"clarity wealth advisors llc invests $203,000 in target co. (nyse:tgt)","achmea investment management b.v. buys 11,237 shares of target co. (nyse:tgt)",,,,,,,,,,,,,,,,,,,,,,,,,
2020-02-25,0,target enters list of top-ten online retailers,"lsv asset management sells 430,531 shares of target co. (nyse:tgt)","concentric wealth management llc sells 5,031 shares of target co. (nyse:tgt)","bank of montreal can buys 1,114,678 shares of target co. (nyse:tgt)",ing groep nv has $4.47 million stake in target co. (nyse:tgt),"alhambra investment partners llc buys shares of 2,277 target co. (nyse:tgt)",,,,,,,,,,,,,,,,,,,,,,,
2020-02-26,0,"white supremacists targeted journalists and a trump official, f.b.i. says",target joins best buy in ranks of top 10 e-commerce retailers,"clear perspective advisors llc sells 2,884 shares of target co. (nyse:tgt)",target co. (nyse:tgt) shares bought by fmr llc,argent capital management llc trims stock position in target co. (nyse:tgt),,,,,,,,,,,,,,,,,,,,,,,,
2020-02-27,0,"front street capital management inc. invests $224,000 in target co. (nyse:tgt)",columbia trust co 01012016 makes new investment in target co. (nyse:tgt),target co. (nyse:tgt) shares sold by amg funds llc,,,,,,,,,,,,,,,,,,,,,,,,,,
2020-02-28,1,target hires away supply chain exec nissan exec,target names heath holtz supply chain & logistics senior vice president,firestone capital management makes new investment in target co. (nyse:tgt),"compton capital management inc. ri has $577,000 stake in target co. (nyse:tgt)","annex advisory services llc purchases 374,622 shares of target co. (nyse:tgt)",,,,,,,,,,,,,,,,,,,,,,,,
2020-03-02,1,"u.n. panel says russia bombed syrian civilian targets, a war crime",,,,,,,,,,,,,,,,,,,,,,,,,,,,
2020-03-03,0,trump targets biden again as democratic race hits critical stage,‘fire carranza!’: why asian-americans are targeting schools chief,,,,,,,,,,,,,,,,,,,,,,,,,,,
2020-03-04,1,,,,,,,,,,,,,,,,,,,,,,,,,,,,,
2020-03-05,1,‘flood the streets’: ice targets sanctuary cities with increased surveillance,,,,,,,,,,,,,,,,,,,,,,,,,,,,
2020-03-06,1,,,,,,,,,,,,,,,,,,,,,,,,,,,,,
2020-03-09,1,,,,,,,,,,,,,,,,,,,,,,,,,,,,,
2020-03-10,1,,,,,,,,,,,,,,,,,,,,,,,,,,,,,
2020-03-11,0,,,,,,,,,,,,,,,,,,,,,,,,,,,,,
2020-03-12,0,,,,,,,,,,,,,,,,,,,,,,,,,,,,,
2020-03-13,1,,,,,,,,,,,,,,,,,,,,,,,,,,,,,
2020-03-16,1,,,,,,,,,,,,,,,,,,,,,,,,,,,,,
2020-03-17,1,"target announces reduced store hours, dedicated shopping hours for vulnerable guests","17,817 shares in target co. (nyse:tgt) acquired by banco bilbao vizcaya argentaria s.a.",,,,,,,,,,,,,,,,,,,,,,,,,,,
2020-03-18,1,target lobbies to stay open amid coronavirus shutdown,"best buy limits store customers. home depot, target shorten hours as retailers adjust to coronavirus",target co. (nyse:tgt) cao robert m. harrison sells 631 shares,asset management one co. ltd. decreases holdings in target co. (nyse:tgt),"target cuts opening hours, &#39;vulnerable guests&#39; can make purchases in dedicated hours","target cuts opening hours, &quot;vulnerable guests&quot; can make purchases in dedicated hours",,,,,,,,,,,,,,,,,,,,,,,
2020-03-19,0,plans show more details on target store in midtown,"target (nyse:tgt) receiving extremely negative media coverage, study shows",,,,,,,,,,,,,,,,,,,,,,,,,,,
2020-03-20,0,"stocking our pandemic pantries: heroics from walmart, target, costco, kroger, and others","target gives $2 hourly raise to store, distribution workers","target invests more than $300 million in frontline team members with added wages, new paid leave program, bonus payouts and relief fund contributions",first republic investment management inc. increases position in target co. (nyse:tgt),target co. (nyse:tgt) shares sold by bank of new york mellon corp,target co. (nyse:tgt) shares bought by aqr capital management llc,,,,,,,,,,,,,,,,,,,,,,,
2020-03-23,1,,,,,,,,,,,,,,,,,,,,,,,,,,,,,
2020-03-24,1,"loomis sayles & co. l p sells 16,296 shares of target co. (nyse:tgt)",,,,,,,,,,,,,,,,,,,,,,,,,,,,
2020-03-25,0,"target analysts react to pandemic business update, credit suisse sees long-term positives",stock market news: target takes a hit; hershey looks sweet,credit suisse sees 33% upside on target,target co. (nyse:tgt) shares sold by covington capital management,target co. (nyse:tgt) shares sold by hilltop holdings inc.,how target and kroger are handling stock issues,target tosses outlook as sales jump 20 percent from virus-related buying,target and kroger take social distancing to next level in war against coronavirus,target provides business update related to covid-19,bridges investment management inc. has $8.67 million holdings in target co. (nyse:tgt),"alliancebernstein l.p. purchases 540,342 shares of target co. (nyse:tgt)",advisors asset management inc. trims stake in target co. (nyse:tgt),,,,,,,,,,,,,,,,,
2020-03-26,1,deutsche bank cuts target (nyse:tgt) price target to $122.00,target co. (nyse:tgt) shares acquired by belpointe asset management llc,,,,,,,,,,,,,,,,,,,,,,,,,,,
2020-03-27,1,are walmart and amazon doing better than target amid coronavirus?,better buy: costco vs. target,,,,,,,,,,,,,,,,,,,,,,,,,,,
2020-03-30,0,brooktree capital management buys new position in target co. (nyse:tgt),target co. (nyse:tgt) shares acquired by ackerman capital advisors llc,"target co. to post q2 2021 earnings of $1.83 per share, keycorp forecasts (nyse:tgt)",,,,,,,,,,,,,,,,,,,,,,,,,,
2020-03-31,0,"trump’s virus defense is often an attack, and the target is often a woman","traffic at walmart, costco and target has fallen for the first time in weeks","traffic at walmart, costco and target falls for the first time in weeks as coronavirus stockpiling behavior shifts","exp world, columbia sportswear, walmart, target, amazon as zacks bull and bear of the day",target co. (nyse:tgt) short interest down 8.2% in march,1832 asset management l.p. reduces stock holdings in target co. (nyse:tgt),"target co. (nyse:tgt) to post q2 2021 earnings of $1.83 per share, keycorp forecasts",,,,,,,,,,,,,,,,,,,,,,
2020-04-01,1,"costco, walmart, target finally see coronavirus sales traffic fall","franklin resources inc. acquires 16,904 shares of target co. (nyse:tgt)","engrave wealth partners llc invests $40,000 in target co. (nyse:tgt)",,,,,,,,,,,,,,,,,,,,,,,,,,
2020-04-02,1,,,,,,,,,,,,,,,,,,,,,,,,,,,,,
2020-04-03,0,,,,,,,,,,,,,,,,,,,,,,,,,,,,,
2020-04-06,1,,,,,,,,,,,,,,,,,,,,,,,,,,,,,
2020-04-07,0,,,,,,,,,,,,,,,,,,,,,,,,,,,,,
2020-04-08,1,,,,,,,,,,,,,,,,,,,,,,,,,,,,,
2020-04-09,1,,,,,,,,,,,,,,,,,,,,,,,,,,,,,
2020-04-13,1,,,,,,,,,,,,,,,,,,,,,,,,,,,,,
2020-04-14,0,,,,,,,,,,,,,,,,,,,,,,,,,,,,,
2020-04-15,0,"urged on by conservatives and his own advisers, trump targeted the w.h.o.",,,,,,,,,,,,,,,,,,,,,,,,,,,,
2020-04-16,1,,,,,,,,,,,,,,,,,,,,,,,,,,,,,
2020-04-17,1,"bill gates, at odds with trump on virus, becomes a right-wing target",,,,,,,,,,,,,,,,,,,,,,,,,,,,
2020-04-20,0,"thinking about buying stock in exelixis, general electric, grubhub, novabay pharma, or target?",exane derivatives lowers stock holdings in target co. (nyse:tgt),,,,,,,,,,,,,,,,,,,,,,,,,,,
2020-04-21,0,christian health sharing group is target of customer lawsuits,barrett asset management llc sells 100 shares of target co. (nyse:tgt),"assenagon asset management s.a. sells 100,801 shares of target co. (nyse:tgt)",,,,,,,,,,,,,,,,,,,,,,,,,,
2020-04-22,0,"first hawaiian bank sells 2,803 shares of target co. (nyse:tgt)","dubuque bank & trust co. buys 1,334 shares of target co. (nyse:tgt)","douglas lane & associates llc has $330,000 holdings in target co. (nyse:tgt)","centaurus financial inc. buys 5,055 shares of target co. (nyse:tgt)",,,,,,,,,,,,,,,,,,,,,,,,,
2020-04-23,1,"expedia, csx rise; target, hershey fall",stock market news: sands bets on asia; target gets an online boom,target&quot;s sales surge eases with more shoppers stuck at home; retailer extends raises,a quality exec comp plan lowers the risk of investing in target corporation,"buckhead capital management llc sells 2,702 shares of target co. (nyse:tgt)",target says same-store sales rose more than 7% so far in first quarter as digital sales double,target extends enhancements to pay and benefits and provides covid-19 business update,"annex advisory services llc buys 2,360 shares of target co. (nyse:tgt)",target co. (nyse:tgt) shares purchased by annex advisory services llc,aull & monroe investment management corp raises stake in target co. (nyse:tgt),accurate investment solutions inc. boosts stake in target co. (nyse:tgt),,,,,,,,,,,,,,,,,,
2020-04-24,1,"fleet-footed indie retailers will fill a void, yet compliment amazon, walmart, target, and costco","2,726 shares in target co. (nyse:tgt) acquired by clear creek financial management llc",chicago partners investment group llc grows stock position in target co. (nyse:tgt),adirondack trust co. boosts stock position in target co. (nyse:tgt),,,,,,,,,,,,,,,,,,,,,,,,,
2020-04-27,1,hallmark capital management inc. trims holdings in target co. (nyse:tgt),zacks: analysts expect target co. (nyse:tgt) will announce quarterly sales of $18.95 billion,clarius group llc increases stake in target co. (nyse:tgt),target co. (nyse:tgt) shares purchased by clarius group llc,q2 2022 earnings estimate for target co. (nyse:tgt) issued by keycorp,keycorp analysts decrease earnings estimates for target co. (nyse:tgt),,,,,,,,,,,,,,,,,,,,,,,
2020-04-28,1,target (nyse:tgt) price target cut to $121.00 by analysts at nomura,executive wealth management llc purchases 361 shares of target co. (nyse:tgt),target co. (nyse:tgt) shares sold by cognios capital llc,,,,,,,,,,,,,,,,,,,,,,,,,,
2020-04-29,0,"as health concerns grow, amazon and target workers plan a strike",clear street markets llc trims stake in target co. (nyse:tgt),clear street markets llc reduces stock position in target co. (nyse:tgt),"5,900 shares in target co. (nyse:tgt) purchased by citizens national bank trust department","calamos advisors llc sells 118,431 shares of target co. (nyse:tgt)","calamos wealth management llc acquires 1,885 shares of target co. (nyse:tgt)","calamos wealth management llc purchases 1,885 shares of target co. (nyse:tgt)",,,,,,,,,,,,,,,,,,,,,,
2020-04-30,0,take-two interactive software takes over #115 spot from target,cottage street advisors llc reduces stock position in target co. (nyse:tgt),target co. (nyse:tgt) shares sold by cottage street advisors llc,"columbus circle investors purchases 23,713 shares of target co. (nyse:tgt)",target co. (nyse:tgt) shares sold by caprock group inc.,"bbva usa bancshares inc. purchases 1,415 shares of target co. (nyse:tgt)","capital investment advisory services llc has $463,000 position in target co. (nyse:tgt)",abbrea capital llc raises position in target co. (nyse:tgt),,,,,,,,,,,,,,,,,,,,,
2020-05-01,0,"u.k. virus tests surpass target, but britain’s deaths may overtake italy’s","amazon, target, instacart workers stage u.s. protests on may day","update 1-amazon, target, instacart workers stage u.s. protests on may day","amazon, target, instacart workers protest on may day",conning inc. has $38.66 million holdings in target co. (nyse:tgt),"target, walmart workers and others plan &quot;sickout&quot; protests over coronavirus safety",target co. (nyse:tgt) shares purchased by 1st source bank,target co. (nyse:tgt) stock holdings decreased by archford capital strategies llc,"target (nyse:tgt) getting critical media coverage, infotrie reports",,,,,,,,,,,,,,,,,,,,
2020-05-04,1,,,,,,,,,,,,,,,,,,,,,,,,,,,,,
2020-05-05,1,"leading philippine broadcaster, target of duterte’s ire, forced off the air",,,,,,,,,,,,,,,,,,,,,,,,,,,,
2020-05-06,1,,,,,,,,,,,,,,,,,,,,,,,,,,,,,
2020-05-07,0,israeli army’s idea lab aims at a new target: saving lives,,,,,,,,,,,,,,,,,,,,,,,,,,,,
2020-05-08,1,,,,,,,,,,,,,,,,,,,,,,,,,,,,,
2020-05-11,1,,,,,,,,,,,,,,,,,,,,,,,,,,,,,
2020-05-12,0,"mcconnell, with majority at risk, returns to an old target: obama",,,,,,,,,,,,,,,,,,,,,,,,,,,,
2020-05-13,0,,,,,,,,,,,,,,,,,,,,,,,,,,,,,
2020-05-14,1,,,,,,,,,,,,,,,,,,,,,,,,,,,,,
2020-05-15,1,,,,,,,,,,,,,,,,,,,,,,,,,,,,,
2020-05-18,1,,,,,,,,,,,,,,,,,,,,,,,,,,,,,
2020-05-19,0,,,,,,,,,,,,,,,,,,,,,,,,,,,,,
2020-05-20,0,target corp (tgt) q1 2020 earnings call transcript,,,,,,,,,,,,,,,,,,,,,,,,,,,,
2020-05-21,0,"as saudi official hid abroad, his family became a target at home","americans use their $1,200 stimulus checks to splurge at walmart, target and best buy - here&quot;s what they&quot;re buying",wall street weighs in on target&quot;s q1 earnings,target and walmart prove there&quot;s still some life in retail,"target reports best sales growth in a decade, but margins are hit",target (nyse:tgt) stock rating reaffirmed by bmo capital markets,,,,,,,,,,,,,,,,,,,,,,,
2020-05-22,0,"target, best buy early winners in big-box stores&quot; pivot amid pandemic","coronavirus stock market rally runs higher on vaccine hopes; alibaba, china stocks fall; nvidia, splunk, best buy, walmart, target notable earnings movers","first trust advisors lp sells 49,349 shares of target co. (nyse:tgt)",target co. (nyse:tgt) shares sold by first trust advisors lp,,,,,,,,,,,,,,,,,,,,,,,,,
2020-05-26,0,target handles q1 surge in digital volume,"the number one: the no. 1 thing americans are spending their stimulus checks on - even more than shopping at costco, walmart and target",,,,,,,,,,,,,,,,,,,,,,,,,,,
2020-05-27,1,target ceo buys downtown condo for $1 million (gallery),hedge funds cautiously betting on target corporation (tgt),target starts selling directly on instagram,,,,,,,,,,,,,,,,,,,,,,,,,,
2020-05-28,1,legal shield for social media is targeted by lawmakers,"trump’s order targeting social media sites, explained","for target, pandemic shopping patterns offer a glimpse at retail&quot;s near future","target, walmart outbox department stores in reshaped world",chaotic videos show people looting a minneapolis target store amid a protest against the death of george floyd,"the number one: the no. 1 thing americans are spending their stimulus checks on - even more than shopping at costco, walmart and target",,,,,,,,,,,,,,,,,,,,,,,
2020-05-29,1,a minneapolis target store was destroyed by looting. photos show the flooded remains.,,,,,,,,,,,,,,,,,,,,,,,,,,,,
2020-06-01,0,police target journalists as trump blames ‘lamestream media’ for protests,"companies like netflix, mcdonald&quot;s, and target are speaking out amid the george floyd protests - and some are actually taking action",target temporarily closes 20 southern california stores amid protests,"sectorfocus blog: amazon, target, apple and others adjust operations as protests turn violent","thinking about trading stocks or options in bioxcel therapeutics, tesla, target, boeing, or norwegian cruise line?","sectorfocus blog: amazon, target, apple and walmart adjust operations as protests turn violent",,,,,,,,,,,,,,,,,,,,,,,
2020-06-02,0,,,,,,,,,,,,,,,,,,,,,,,,,,,,,
2020-06-03,1,,,,,,,,,,,,,,,,,,,,,,,,,,,,,
2020-06-04,0,"chinese hackers target email accounts of biden campaign staff, google says",target co. (nyse:tgt) shares bought by van eck associates corp,,,,,,,,,,,,,,,,,,,,,,,,,,,
2020-06-05,1,"target commits $10 million to support social justice, rebuilding",target commits $10 million and ongoing resources for rebuilding efforts and advancing social justice,pinnacle associates ltd. trims stake in target co. (nyse:tgt),private advisor group llc boosts stake in target co. (nyse:tgt),"insider selling: target co. (nyse:tgt) director sells $493,244.36 in stock",,,,,,,,,,,,,,,,,,,,,,,,
2020-06-08,1,democrats unveil sweeping bill targeting police misconduct and racial bias,wealth quarterback llc decreases stock position in target co. (nyse:tgt),level four advisory services llc lowers stake in target co. (nyse:tgt),target co. (nyse:tgt) stock position lowered by king luther capital management corp,"target commits $10 million to support social justice, rebuilding",,,,,,,,,,,,,,,,,,,,,,,,
2020-06-09,0,environmentalists targeted exxon mobil. then hackers targeted them.,"trump falsely targets buffalo protester, 75, as ‘antifa provocateur’",target co. (nyse:tgt) position lessened by midwestone financial group inc.,"etf managers group llc has $541,000 stock holdings in target co. (nyse:tgt)",korea investment corp has $33.14 million stock holdings in target co. (nyse:tgt),"wintrust investments llc has $349,000 stock holdings in target co. (nyse:tgt)",,,,,,,,,,,,,,,,,,,,,,,
2020-06-10,0,,,,,,,,,,,,,,,,,,,,,,,,,,,,,
2020-06-11,0,target announces voting results from 2020 annual meeting of shareholders,target corporation announces 3.0 percent dividend increase,,,,,,,,,,,,,,,,,,,,,,,,,,,
2020-06-12,0,"target, don’t tell me you ‘stand with black families’",$19.62 billion in sales expected for target co. (nyse:tgt) this quarter,,,,,,,,,,,,,,,,,,,,,,,,,,,
2020-06-15,1,,,,,,,,,,,,,,,,,,,,,,,,,,,,,
2020-06-16,0,"banks, target acknowledge juneteenth as company holiday","u.s. bank, target acknowledge juneteenth as company holiday",short interest in target co. (nyse:tgt) declines by 6.3%,,,,,,,,,,,,,,,,,,,,,,,,,,
2020-06-17,0,"target boosts minimum wage to $15, offers free virtual doctor visits","u.s. bank, target, best buy acknowledge juneteenth as company holiday","eaton vance management purchases 2,024 shares of target co. (nyse:tgt)",target increases starting wage to $15; thanks frontline team members with recognition bonus,,,,,,,,,,,,,,,,,,,,,,,,,
2020-06-18,0,coronavirus fears in china find a new target: salmon,"targeting bolton, justice dept. again in alignment with trump’s desires","target locks $15/hour wage, will spend $1 billion more on workers this year",,,,,,,,,,,,,,,,,,,,,,,,,,
2020-06-19,1,"biden proves an elusive target, adding to trump’s frustration","loomis sayles & co. l p sells 7,809 shares of target co. (nyse:tgt)",target (nyse:tgt) rating reiterated by credit suisse group,,,,,,,,,,,,,,,,,,,,,,,,,,
2020-06-22,1,"target locks $15/hour wage, will spend $1 billion more on workers this year",,,,,,,,,,,,,,,,,,,,,,,,,,,,
2020-06-23,0,suicide bombing targets major turkish military base in somalia,"after night of violence targeting police, germany seeks ‘roots of anger’",,,,,,,,,,,,,,,,,,,,,,,,,,,
2020-06-24,0,target co. (nyse:tgt) short interest down 6.3% in june,,,,,,,,,,,,,,,,,,,,,,,,,,,,
2020-06-25,1,russian criminal group finds new target: americans working at home,target is upping its curbside pickup game with fresh and frozen food,target expands grocery order pickup service nationwide and experts say it will drive sales,target renews push to add grocery pickup nationwide,,,,,,,,,,,,,,,,,,,,,,,,,
2020-06-26,0,house passes sweeping policing bill targeting racial bias and use of force,target adds fresh grocery items to curbside pickup service,,,,,,,,,,,,,,,,,,,,,,,,,,,
2020-06-29,1,,,,,,,,,,,,,,,,,,,,,,,,,,,,,
2020-06-30,1,target to open two-level store in former boston store space at bayshore,"the zacks analyst blog highlights: walmart, target, costco and amazon",,,,,,,,,,,,,,,,,,,,,,,,,,,
2020-07-01,0,,,,,,,,,,,,,,,,,,,,,,,,,,,,,
2020-07-02,0,,,,,,,,,,,,,,,,,,,,,,,,,,,,,
2020-07-06,0,,,,,,,,,,,,,,,,,,,,,,,,,,,,,
2020-07-07,0,,,,,,,,,,,,,,,,,,,,,,,,,,,,,
2020-07-08,0,,,,,,,,,,,,,,,,,,,,,,,,,,,,,
2020-07-09,1,,,,,,,,,,,,,,,,,,,,,,,,,,,,,
2020-07-10,1,,,,,,,,,,,,,,,,,,,,,,,,,,,,,
2020-07-13,0,,,,,,,,,,,,,,,,,,,,,,,,,,,,,
2020-07-14,1,,,,,,,,,,,,,,,,,,,,,,,,,,,,,
2020-07-15,1,how a famous harvard professor became a target over his tweets,a brazen online attack targets v.i.p. twitter users in a bitcoin scam,,,,,,,,,,,,,,,,,,,,,,,,,,,
2020-07-16,1,,,,,,,,,,,,,,,,,,,,,,,,,,,,,
2020-07-17,0,"harbor investment advisory llc has $345,000 stake in target co. (nyse:tgt)",mspbj announces its 2020 women in business career achievement honoree: laysha ward of target corp.,,,,,,,,,,,,,,,,,,,,,,,,,,,
2020-07-20,0,vigilare wealth management sells 658 shares of target co. (nyse:tgt),kistler tiffany companies llc has $1.08 million stake in target co. (nyse:tgt),"csenge advisory group makes new $224,000 investment in target co. (nyse:tgt)",,,,,,,,,,,,,,,,,,,,,,,,,,
2020-07-21,0,democrats warn of possible foreign disinformation plot targeting congress,capital investment advisors llc has $2.12 million position in target co. (nyse:tgt),"target, walmart, cvs team up to replace plastic shopping bags","cvs, walmart, target team up to replace plastic shopping bags",target co. (nyse:tgt) shares sold by thoroughbred financial services llc,"walmart, target, cvs team up to replace plastic shopping bags",target and a shopping supergroup want to replace the plastic bag - and they&quot;re looking for ideas,empirical finance llc grows position in target co. (nyse:tgt),,,,,,,,,,,,,,,,,,,,,
2020-07-22,1,twitter takedown targets qanon accounts,"target, walmart, cvs team up to replace plastic shopping bags","davis r m inc. makes new $333,000 investment in target co. (nyse:tgt)",financial management professionals inc. raises stock holdings in target co. (nyse:tgt),zeke capital advisors llc trims stock holdings in target co. (nyse:tgt),"walmart, target, cvs team up to replace plastic shopping bags","belpointe asset management llc purchases 1,973 shares of target co. (nyse:tgt)",,,,,,,,,,,,,,,,,,,,,,
2020-07-23,0,barack obama and joe biden join forces in video targeting trump,lubert-adler investment in kaufmann&quot;s grand helps finalize deal for target store at downtown redevelopment,"retailers target, kroger, walmart team up to replace plastic shopping bags",patten & patten inc. tn cuts stake in target co. (nyse:tgt),180 wealth advisors llc cuts stock holdings in target co. (nyse:tgt),,,,,,,,,,,,,,,,,,,,,,,,
2020-07-24,1,judge rejects challenge to federal agents targeting portland protesters,target (tgt) gains as market dips: what you should know,"walmart, target, cvs team up to replace plastic shopping bags",brookstone capital management sells 870 shares of target co. (nyse:tgt),"target teams with walmart, kroger, cvs to &quot;reinvent&quot; plastic bags",bbva usa bancshares inc. sells 900 shares of target co. (nyse:tgt),,,,,,,,,,,,,,,,,,,,,,,
2020-07-27,0,target will keep stores closed on thanksgiving this year,target joins walmart to keep stores closed on thanksgiving this year,"target to close on thanksgiving, offer holiday deals in october",target to greatly expand pickup and delivery in autumn,target adds more products for delivery as it preps for big fall,$1.47 eps expected for target co. (nyse:tgt) this quarter,,,,,,,,,,,,,,,,,,,,,,,
2020-07-28,1,quotation of the day: female guard is latest target of taliban violence,australia says chinese students are targets in ‘virtual kidnapping’ scams,"q2 scorecard and research reports for apple, at&ttarget",target joins walmart to keep stores closed on thanksgiving,maximize your income on target with this simple trade,"target co. (nyse:tgt) insider don h. liu sells 4,000 shares of stock",,,,,,,,,,,,,,,,,,,,,,,
2020-07-29,1,target buys massive northeast building for a photo studio,"the zacks analyst blog highlights: apple, at&amp;t, target, honeywell and 3m","best buy, target, dick&quot;s and walmart will be closed for thanksgiving day 2020",,,,,,,,,,,,,,,,,,,,,,,,,,
2020-07-30,1,target (tgt) gains as market dips: what you should know,&quot;halftime report&quot; traders discuss mkm&quot;s sell rating on target,is target a &quot;sell&quot;? investors discuss mkm&quot;s initiation note,target (nyse:tgt) research coverage started at mkm partners,,,,,,,,,,,,,,,,,,,,,,,,,
2020-07-31,1,"stratos wealth partners ltd. acquires 3,482 shares of target co. (nyse:tgt)",mkm partners begins coverage on target (nyse:tgt),,,,,,,,,,,,,,,,,,,,,,,,,,,
2020-08-03,1,,,,,,,,,,,,,,,,,,,,,,,,,,,,,
2020-08-04,1,,,,,,,,,,,,,,,,,,,,,,,,,,,,,
2020-08-05,0,,,,,,,,,,,,,,,,,,,,,,,,,,,,,
2020-08-06,0,chat group becomes target of moscow’s wrath as security crackdown widens,,,,,,,,,,,,,,,,,,,,,,,,,,,,
2020-08-07,1,"trump targets wechat and tiktok, in sharp escalation with china","targeting wechat, trump takes aim at china’s bridge to the world",,,,,,,,,,,,,,,,,,,,,,,,,,,
2020-08-10,1,,,,,,,,,,,,,,,,,,,,,,,,,,,,,
2020-08-11,0,,,,,,,,,,,,,,,,,,,,,,,,,,,,,
2020-08-12,0,,,,,,,,,,,,,,,,,,,,,,,,,,,,,
2020-08-13,1,,,,,,,,,,,,,,,,,,,,,,,,,,,,,
2020-08-14,1,,,,,,,,,,,,,,,,,,,,,,,,,,,,,
2020-08-17,1,,,,,,,,,,,,,,,,,,,,,,,,,,,,,
2020-08-18,0,"on centennial of 19th amendment, trump pardons susan b. anthony and targets 2020 election",,,,,,,,,,,,,,,,,,,,,,,,,,,,
2020-08-19,1,,,,,,,,,,,,,,,,,,,,,,,,,,,,,
2020-08-20,0,,,,,,,,,,,,,,,,,,,,,,,,,,,,,
2020-08-21,1,,,,,,,,,,,,,,,,,,,,,,,,,,,,,
2020-08-24,0,"the zacks analyst blog highlights: walmart, target, lowe&quot;s and amazon",3 reasons why growth investors shouldn&quot;t overlook target (tgt),equities analysts offer predictions for target co.&quot;s fy2021 earnings (nyse:tgt),fy2021 earnings estimate for target co. issued by jefferies financial group (nyse:tgt),brokers issue forecasts for target co.&quot;s fy2021 earnings (nyse:tgt),,,,,,,,,,,,,,,,,,,,,,,,
2020-08-25,0,what kind of shareholders hold the majority in target corporation&quot;s (nyse:tgt) shares?,target revisited,"target&quot;s cfo on the q2 profit spike: ""well outside anything i have seen in my 15 years at this company""","target, royal caribbean, amazon and walmart highlighted as zacks bull and bear of the day",can target (tgt) run higher on rising earnings estimates?,3 reasons target&quot;s and walmart&quot;s growth will slow in the second half,target (tgt) tastes success on solid digitization endeavors,target co. (nyse:tgt) shares bought by fisher asset management llc,bull of the day: target (tgt),"target co. (nyse:tgt) insider brian c. cornell sells 100,000 shares of stock",jefferies financial group comments on target co.&quot;s fy2021 earnings (nyse:tgt),,,,,,,,,,,,,,,,,,
2020-08-26,0,"the ratings game: children&quot;s place is in a good place for a comeback, analysts say -- right behind walmart, target and kohl&quot;s",target and bridgestone highlighted as zacks bull and bear of the day,here&quot;s why target stock can still rally even higher,target adds cdw chief to the board,"christine a. leahy, derica w. rice named to target corporation&quot;s board of directors","brian c. cornell sells 100,000 shares of target co. (nyse:tgt) stock",,,,,,,,,,,,,,,,,,,,,,,
2020-08-27,0,three trump supporters have a new target: germany,target: hitting all targets,"target&quot;s shares march higher, can it continue?",target seems unstoppable - and why the run might continue,,,,,,,,,,,,,,,,,,,,,,,,,
2020-08-28,1,"as coronavirus reappears in italy, migrants become a target for politicians","rafferty asset management llc purchases shares of 3,548 target co. (nyse:tgt)","don h. liu sells 2,487 shares of target co. (nyse:tgt) stock",,,,,,,,,,,,,,,,,,,,,,,,,,
2020-08-31,1,is target corporation (tgt) going to burn these hedge funds?,"advisors asset management inc. sells 9,060 shares of target co. (nyse:tgt)",,,,,,,,,,,,,,,,,,,,,,,,,,,
2020-09-01,0,"russians again targeting americans with disinformation, facebook and twitter say",tesla reportedly bringing more superchargers to target stores,why target stock is still a buy after its post- earnings rally,,,,,,,,,,,,,,,,,,,,,,,,,,
2020-09-02,0,"russians are again targeting americans with disinformation, facebook and twitter warn.",,,,,,,,,,,,,,,,,,,,,,,,,,,,
2020-09-03,0,planeload of ‘thugs’? barr skirts trump’s claim but suggests rioters targeted d.c.,,,,,,,,,,,,,,,,,,,,,,,,,,,,
2020-09-04,1,,,,,,,,,,,,,,,,,,,,,,,,,,,,,
2020-09-08,0,,,,,,,,,,,,,,,,,,,,,,,,,,,,,
2020-09-09,1,,,,,,,,,,,,,,,,,,,,,,,,,,,,,
2020-09-10,0,how should feminism target sexual abuse? a battle in patriarchal france,,,,,,,,,,,,,,,,,,,,,,,,,,,,
2020-09-11,1,,,,,,,,,,,,,,,,,,,,,,,,,,,,,
2020-09-14,0,,,,,,,,,,,,,,,,,,,,,,,,,,,,,
2020-09-15,1,trump targets older voters with an ad focusing on social security and medicare.,,,,,,,,,,,,,,,,,,,,,,,,,,,,
2020-09-16,0,,,,,,,,,,,,,,,,,,,,,,,,,,,,,
2020-09-17,1,new duo of trump ads target biden on taxes.,,,,,,,,,,,,,,,,,,,,,,,,,,,,
2020-09-18,1,,,,,,,,,,,,,,,,,,,,,,,,,,,,,
2020-09-21,1,,,,,,,,,,,,,,,,,,,,,,,,,,,,,
2020-09-22,1,"china, in pointed message to u.s., tightens its climate targets",,,,,,,,,,,,,,,,,,,,,,,,,,,,
2020-09-23,0,is this trump’s next chinese target?,,,,,,,,,,,,,,,,,,,,,,,,,,,,
2020-09-24,1,"target&quot;s holiday strategy aims at both covid-19 safety and strong, contactless sales",target shifts holiday staffing plans to handle online sales boom,target maps store strategy for holidays,"when walmart, target and dollar general all have endless upside","target co. (nyse:tgt) insider sells $357,214.65 in stock",target introduces new approach to holiday staffing to prioritize safety and convenience,"mark schindele sells 2,405 shares of target co. (nyse:tgt) stock","mark schindele sells 2,404 shares of target co. (nyse:tgt) stock","target co. (nyse:tgt) insider mark schindele sells 2,404 shares",,,,,,,,,,,,,,,,,,,,
2020-09-25,1,"&quot;fast money halftime report&quot; picks for september 25: target, pepsico and more","the zacks analyst blog highlights: target, deere, united parcel, walmart and activision blizzard",target (tgt) outlines hiring plan for unusual holiday season,target&quot;s (tgt) buy rating reaffirmed at tigress financial,,,,,,,,,,,,,,,,,,,,,,,,,
2020-09-28,1,target&quot;s deal days goes head-to-head with amazon prime days,"walmart, target, and kohl&quot;s are slated to hire an estimated 240,000 employees this holiday season - many of which will be dedicated to fulfilling online orders",target (nyse:tgt) sets new 52-week high at $156.33,"bloomin&quot; brands, mesa laboratories, intuit, target and microsoft highlighted as zacks bull and bear of the day",,,,,,,,,,,,,,,,,,,,,,,,,
2020-09-29,1,prosecutors target ex-audi chief in first vw emissions trial,paris attack suspect wanted to target charlie hebdo with arson,"target (tgt) hits 52-week high, can the run continue?",deal days vs. prime day: target joins amazon in mid-october promotion,"walmart, target to hold their own sale events alongside amazon prime day     - cnet","target to start holiday discounts in october, take on amazon&quot;s prime day","target kicks off holiday savings early with largest-ever deal days, black friday pricing all november long and extended price match guarantee",,,,,,,,,,,,,,,,,,,,,,
2020-09-30,0,amazon vs. target vs. walmart: let the sales battle begin,"target: quality business, fair valuation","the zacks analyst blog highlights: walmart, amazon, 1-800-flowers.com, target and the michaels companies","zacks.com featured highlights include: owens &amp; minor, target, mr. cooper group, agco corp and m/i homes",walmart and target to directly challenge amazon on prime day,deal days vs. prime day: target joins amazon in mid-october promotion,,,,,,,,,,,,,,,,,,,,,,,
2020-10-01,1,when should you buy target corporation (nyse:tgt)?,did you participate in any of target&quot;s (nyse:tgt) fantastic 195% return ?,a look into target&quot;s debt,target (nyse: tgt) is expanding deal season and taking on amazon,,,,,,,,,,,,,,,,,,,,,,,,,
2020-10-02,1,,,,,,,,,,,,,,,,,,,,,,,,,,,,,
2020-10-05,1,,,,,,,,,,,,,,,,,,,,,,,,,,,,,
2020-10-06,0,e.u. court rules against hungary law targeting soros-funded university,"robert k. ruskin, who targeted new york corruption, dies at 93",,,,,,,,,,,,,,,,,,,,,,,,,,,
2020-10-07,1,an attack ad targets a non-politician: mark zuckerberg.,,,,,,,,,,,,,,,,,,,,,,,,,,,,
2020-10-08,0,,,,,,,,,,,,,,,,,,,,,,,,,,,,,
2020-10-09,1,quotation of the day: whitmer said to be targeted in kidnap plot,,,,,,,,,,,,,,,,,,,,,,,,,,,,
2020-10-12,1,wife of pennsylvania’s lieutenant governor is target of racial slur,,,,,,,,,,,,,,,,,,,,,,,,,,,,
2020-10-13,1,rep. max rose seeks 2nd term by targeting fellow democrat: de blasio,"virginia governor was also a possible target of anti-government plot, f.b.i. says","virginia’s governor was also a possible target of an anti-government plot, the f.b.i. says.",petition targeting murdoch swamps australian parliament’s website,,,,,,,,,,,,,,,,,,,,,,,,,
2020-10-14,0,,,,,,,,,,,,,,,,,,,,,,,,,,,,,
2020-10-15,1,,,,,,,,,,,,,,,,,,,,,,,,,,,,,
2020-10-16,0,,,,,,,,,,,,,,,,,,,,,,,,,,,,,
2020-10-19,0,target giving $200 bonus to hourly workers,"a top local employer, target, giving $200 bonus to hourly workers","from a new one vanderbilt tenant, to a big target store, here&quot;s a look at 6 deals inked in and around nyc",target paying workers $70 million in fourth round of pandemic bonuses to workers,,,,,,,,,,,,,,,,,,,,,,,,,
2020-10-20,0,review: a satire of social media that aims at too many targets,should you rely on target&quot;s (nyse:tgt) earnings growth?,"the zacks analyst blog highlights: walmart, target, kroger, tapestry and dicks","target (tgt) awards bonus, supports workers amid pandemic",target giving $200 bonus to hourly workers,capital investment advisory services llc reduces stock position in target co. (nyse:tgt),target giving $200 bonus to hourly workers ahead of holiday season,"pds planning inc purchases shares of 1,426 target co. (nyse:tgt)",,,,,,,,,,,,,,,,,,,,,
2020-10-21,0,target opens its first store in san juan capistrano,"new jersey better educational savings trust makes new $252,000 investment in target co. (nyse:tgt)",,,,,,,,,,,,,,,,,,,,,,,,,,,
2020-10-22,0,"target&quot;s black friday plan: no early hours, more drive-up pickup spots",target preps for a holiday season during a pandemic,return on capital employed overview: target,target (nyse:tgt) sets new 12-month high at $167.32,target introduces new safety measures for the holiday season,candriam luxembourg s.c.a. has $5.51 million stock position in target co. (nyse:tgt),target giving $200 bonus to hourly workers,,,,,,,,,,,,,,,,,,,,,,
2020-10-23,0,target (tgt) outpaces stock market gains: what you should know,"meag munich ergo kapitalanlagegesellschaft mbh invests $415,000 in target co. (nyse:tgt)",,,,,,,,,,,,,,,,,,,,,,,,,,,
2020-10-26,0,dunkin’ brands has done well in the pandemic. now it’s a $9 billion takeover target.,were hedge funds right about target corporation (tgt)?,davy global fund management ltd buys new shares in target co. (nyse:tgt),,,,,,,,,,,,,,,,,,,,,,,,,,
2020-10-27,0,when a kidnapping ring targeted new york’s black children,bullseye! target corporation hits the core of growth,ritholtz wealth management trims stake in target co. (nyse:tgt),"2,008 shares in target co. (nyse:tgt) bought by optas llc",target co. (nyse:tgt) expected to post earnings of $1.53 per share,bernardo wealth planning llc makes new investment in target co. (nyse:tgt),"hudock inc. has $91,000 position in target co. (nyse:tgt)",,,,,,,,,,,,,,,,,,,,,,
2020-10-28,1,"in georgia, democrats target the true silent majority: people who don’t vote",democrats target the true silent majority in georgia: people who don’t vote.,our view on target&quot;s (nyse:tgt) ceo pay,"thinking about buying stock in 3m, switchback energy acquisition, plug power, workhorse group, or target?",target co. (nyse:tgt) stake increased by krueger & catalano capital partners llc,,,,,,,,,,,,,,,,,,,,,,,,
2020-10-29,0,"‘perception hacks,’ minor incursions that could be exaggerated, are the latest cybersecurity target.","jimmy orr, a favorite target of the colts’ unitas, dies at 85",target (tgt) stock sinks as market gains: what you should know,3 reasons why growth investors shouldn&quot;t overlook target (tgt),"m&g investment management ltd. sells 2,598 shares of target co. (nyse:tgt)",clear harbor asset management llc takes position in target co. (nyse:tgt),target sells bloomington distribution center building,"target reveals ""black friday now"" deals, available throughout november",,,,,,,,,,,,,,,,,,,,,
2020-10-30,0,calamos wealth management llc sells 495 shares of target co. (nyse:tgt),"state of michigan retirement system purchases 15,200 shares of target co. (nyse:tgt)",,,,,,,,,,,,,,,,,,,,,,,,,,,
2020-11-02,1,,,,,,,,,,,,,,,,,,,,,,,,,,,,,
2020-11-03,1,,,,,,,,,,,,,,,,,,,,,,,,,,,,,
2020-11-04,0,,,,,,,,,,,,,,,,,,,,,,,,,,,,,
2020-11-05,0,false news targeting latinos trails the election,,,,,,,,,,,,,,,,,,,,,,,,,,,,
2020-11-06,1,"australia quiet on first foreign-meddling arrest, but target is clear",democrats flip house seat in atlanta area that was top target of party,,,,,,,,,,,,,,,,,,,,,,,,,,,
2020-11-09,0,,,,,,,,,,,,,,,,,,,,,,,,,,,,,
2020-11-10,1,,,,,,,,,,,,,,,,,,,,,,,,,,,,,
2020-11-11,1,china targets hong kong’s lawmakers as it squelches dissent,,,,,,,,,,,,,,,,,,,,,,,,,,,,
2020-11-12,0,democrats demand a big stimulus plan as republicans insist on targeted relief.,,,,,,,,,,,,,,,,,,,,,,,,,,,,
2020-11-13,1,,,,,,,,,,,,,,,,,,,,,,,,,,,,,
2020-11-16,1,,,,,,,,,,,,,,,,,,,,,,,,,,,,,
2020-11-17,0,,,,,,,,,,,,,,,,,,,,,,,,,,,,,
2020-11-18,1,a new u.s. law would target doping’s enablers. international watchdogs don’t like it.,'target crushed it': jefferies analyst on target sales and earnings,target﻿﻿ still bets on small city stores even as more people move out,"4 top stock trades for thursday: tgt, nkla, tsla, spce",schaeffler ceo says automotive margin target is conservative,"target, lowe's earnings dominate quiet stock markets wednesday","amazon is aggressively underpricing grocery competitors like walmart and target amid the pandemic, in a bid to capture the huge shift to online buying (amzn)",nio stock price: $54.70 target by bank of america,target and lowes post triple digit growth in sales... and is expected to continue: researcher,target shares jump after blowout q3 results with online and in-store sales up substantially,target corporation (tgt) ceo brian cornell on q3 2020 results - earnings call transcript,wmt stock price: $180 target by keybanc,"target had a blowout quarter, but that's not the full story",walgreens: amazon driven panic makes this the next 'target',"why are target, costco, and walmart blowing the market away?",,,,,,,,,,,,,,
2020-11-19,1,dollar general stock is a retail star and a buy after target's earnings,uk unveils national cyber force of hackers to target foes digitally,dow jones struggles as coca-cola loses tax case; walmart stock lifted after target earnings,tesla upgraded to overweight by morgan stanley raising price target to $540 a share,,,,,,,,,,,,,,,,,,,,,,,,,
2020-11-20,1,trump targets michigan in his ploy to subvert the election,is it time for a more ambitious covid reduction target in canada?,what target and walmart earnings suggest about the future of e-commerce trends,3 reasons target just destroyed estimates again,gm stock's price target raised after company's ev plan,,,,,,,,,,,,,,,,,,,,,,,,
2020-11-23,1,"target wins big again on e-commerce, but its success is more nuanced than that",,,,,,,,,,,,,,,,,,,,,,,,,,,,
2020-11-24,0,,,,,,,,,,,,,,,,,,,,,,,,,,,,,
2020-11-25,1,"congress pays $850,000 to muslim aides targeted in inquiry stoked by trump",,,,,,,,,,,,,,,,,,,,,,,,,,,,
2020-11-27,0,"walmart, target winners in online holiday shopping boom: cowen analyst",target's cyber week features largest-ever lineup of digital deals,"federated hermes inc. sells 5,314 shares of target co. (nyse:tgt)","the zacks analyst blog highlights: target, overstock.com, systemax, hibbett sports and the kroger","black friday 2020 tv deals from walmart, best buy and target",target preps for huge cyber week with consumers turning online,target&quot;s cyber week features largest-ever lineup of digital deals,"black friday: most old navy stores open at midnight friday; walmart, target, best buy and other stores open at 5","black friday 2020: shopping or picking up orders? here&quot;s when macy&quot;s, walmart, kohl&quot;s, target, other stores open.",,,,,,,,,,,,,,,,,,,,
2020-11-30,1,"the zacks analyst blog highlights: target, microsoft and tsm","ps5 restock at adorama for cyber monday 2020? check inventory at gamestop, best buy, walmart, amazon and target, too     - cnet",axa s.a. grows stake in target co. (nyse:tgt),target&quot;s (tgt) cyber week brings huge discounts &amp; digital deals,"thrivent financial for lutherans buys 14,770 shares of target co. (nyse:tgt)","best cyber monday deals: amazon, walmart, best buy, target and more","ps5 restock for cyber monday 2020? check inventory at best buy, walmart, amazon, target and gamestop     - cnet",,,,,,,,,,,,,,,,,,,,,,
2020-12-01,0,target's margins improve even as digital sales explode: how is that even possible?,"the best cyber monday deals still available on tuesday: amazon, walmart, best buy, target, and more","campbell&quot;s chunky teams with nfl players, genyouth and csl esports to tackle hunger in schools with the ""chunky million meals challenge"" presented by target",target-owned delivery service launches massive holiday hiring push in philadelphia,,,,,,,,,,,,,,,,,,,,,,,,,
2020-12-02,0,the pandemic has proven target is a top retail stock,target is on fire and still undervalued,why target stock rose 18% in november,,,,,,,,,,,,,,,,,,,,,,,,,,
2020-12-03,0,,,,,,,,,,,,,,,,,,,,,,,,,,,,,
2020-12-04,1,,,,,,,,,,,,,,,,,,,,,,,,,,,,,
2020-12-07,0,france infection rate above target for holiday season,,,,,,,,,,,,,,,,,,,,,,,,,,,,
2020-12-08,1,here's why online grocery shopping is so important for target,,,,,,,,,,,,,,,,,,,,,,,,,,,,
2020-12-09,1,"work-from-home scheme targeting latinas netted $7 million, u.s. says",better buy: lululemon vs. target,,,,,,,,,,,,,,,,,,,,,,,,,,,
2020-12-10,0,"as trump disputes election results, republicans target voting by mail","as trump disputes election results, republicans target voting by mail.",,,,,,,,,,,,,,,,,,,,,,,,,,,
2020-12-11,1,could target be a millionaire maker stock?,,,,,,,,,,,,,,,,,,,,,,,,,,,,
2020-12-14,0,"where to get the ps5: restock updates for gamestop, best buy, walmart, amazon and target     - cnet","if there&quot;s one reason to buy target, it&quot;s this","target&quot;s (tgt) shares march higher, can it continue?",,,,,,,,,,,,,,,,,,,,,,,,,,
2020-12-15,1,"ps5 restock news: get inventory updates for best buy, walmart, gamestop, amazon and target     - cnet","1,271 shares in target co. (nyse:tgt) acquired by wealth alliance",,,,,,,,,,,,,,,,,,,,,,,,,,,
2020-12-16,0,"where to buy the ps5: get restock updates for best buy, walmart, gamestop, amazon and target     - cnet",target co. (nyse:tgt) shares sold by wetherby asset management inc.,,,,,,,,,,,,,,,,,,,,,,,,,,,
2020-12-17,0,"ps5 restock dates and times: direct, gamestop, walmart, amazon, best buy, target, and more",,,,,,,,,,,,,,,,,,,,,,,,,,,,
2020-12-18,0,homeland security’s latest target: vaccine scams,why is target (tgt) down 0.1% since last earnings report?,"where to buy the ps5: get restock updates for best buy, walmart, gamestop, amazon and target     - cnet",miniso group (nyse:mnso) versus target (nyse:tgt) head-to-head survey,,,,,,,,,,,,,,,,,,,,,,,,,
2020-12-21,1,3 reasons why target (tgt) is a great growth stock,target stock could stage big bounce in the new year,"christmas eve holiday shopping: when walmart, target, best buy, costco and other stores close thursday","ps5 is in stock at best buy now: restock news for best buy, walmart, gamestop, amazon, target and more     - cnet","marathon, texas, loses its tiny &quot;target&quot; to demolition. (it wasn&quot;t really a target.)",target announces contactless pick up and at-home delivery services through 5 p.m. dec. 24,,,,,,,,,,,,,,,,,,,,,,,
2020-12-22,0,treasury department’s senior leaders were targeted by hacking,misinformation amplifiers target georgia senate races,target (tgt) brings a lot more for guests' last-minute shopping,"steel dynamics, intuit, amazon, walmart and target as zacks bull and bear of the day","christmas eve same-day delivery: target, walmart, best buy, amazon, other stores delivering thursday",target (tgt) brings a lot more for guests&quot; last-minute shopping,,,,,,,,,,,,,,,,,,,,,,,
2020-12-23,1,better buy: nike vs. target,"where to buy the ps5: inventory updates for best buy, walmart, gamestop, amazon, target and more     - cnet","the zacks analyst blog highlights: tapestry, marinemax, odp, dks and target","how walmart+, target shipt, and instacart express stack up against prime",,,,,,,,,,,,,,,,,,,,,,,,,
2020-12-24,0,"ps5 restock updates: when inventory will drop at best buy, walmart, gamestop, amazon, target and more     - cnet","britney spears hasn't legally controlled her $59 million fortune in 12 years. here's how the pop icon makes and spends her money, from target shopping trips to california mansions.",target (nyse:tgt) versus miniso group (nyse:mnso) head to head analysis,"christmas eve shopping hours: here's when macy's, kohl's, target, home depot, gamestop and other stores close",,,,,,,,,,,,,,,,,,,,,,,,,
2020-12-28,0,"where to buy the ps5: restock updates at best buy, walmart, gamestop, amazon, target, more     - cnet",,,,,,,,,,,,,,,,,,,,,,,,,,,,
2020-12-29,0,target to sell its e-commerce beauty subsidiary for $350 million,tgt or tjx: which is the better value stock right now?,target stock creeps higher amid dermstore sale,the hut group to buy dermstore for £259 million from target corp,"ps5 restock updates: when you can buy the console at best buy, walmart, gamestop, amazon, target, more     - cnet",target selling dermstore to uk online retailer for $350m,target sells dermstore operation to thg holdings for $350m,"new year's eve and new year's day hours: when target, walmart, other stores are open, plus who is closed",the hut group to buy dermstore for 259 million from target corp,"these businesses are open new year's day 2021: mcdonald's, target, walmart, starbucks, more","ps5 restock times and dates: here's when amazon, best buy, target, walmart and more will likely restock!",,,,,,,,,,,,,,,,,,
2020-12-30,0,target to sell beauty e-commerce site to thg holdings,target (tgt) to sell beauty unit dermstore to u.k. firm,"where to buy the ps5: restock updates for best buy, walmart, gamestop, amazon, target, more     - cnet",,,,,,,,,,,,,,,,,,,,,,,,,,
2020-12-31,1,"when are stores open new year's eve? see hours for target, best buy, costco, walmart and more retailers",,,,,,,,,,,,,,,,,,,,,,,,,,,,
2021-01-04,1,,,,,,,,,,,,,,,,,,,,,,,,,,,,,
2021-01-05,1,options traders target this retail giant,,,,,,,,,,,,,,,,,,,,,,,,,,,,
2021-01-06,1,"rotation continues but gains pared on capitol protest: target, medifast, general motors in focus","is target (tgt) a solid growth stock? 3 reasons to think "" yes """,,,,,,,,,,,,,,,,,,,,,,,,,,,
2021-01-07,1,"covering pro-trump mobs, the news media became a target",target is positioned for continued dominance of amazon in 2021,,,,,,,,,,,,,,,,,,,,,,,,,,,
2021-01-08,1,target stock starting 2021 off strong,,,,,,,,,,,,,,,,,,,,,,,,,,,,
2021-01-11,1,is target (tgt) stock outpacing its retail-wholesale peers this year?,target's (tgt) digitization endeavors help win customers,,,,,,,,,,,,,,,,,,,,,,,,,,,
2021-01-12,1,3 things to expect from target in 2021,bull of the day: target (tgt),,,,,,,,,,,,,,,,,,,,,,,,,,,
2021-01-13,0,wisconsin democrats debut tv ads targeting ron johnson over the capitol riots.,target (tgt) stock sinks as market gains: what you should know,target corp. reveals strength during holiday 2020,target's comparable sales jump 17.2% in the holiday season,target's holiday sales shine as consumers embrace online options,is target corporation (tgt) stock a solid choice right now?,"target digital sales soar 102%, ceo expects 2021 to remain hot",target doubles holiday digital sales; in-store comps up 4.2 percent,target's holiday sales surge 17.2%,target's holiday sales surge amid covid-19 pandemic,hightower's stephanie link breaks down target's holiday same-store sales jump,"target same-store sales rose 17.2% in nov/dec holiday period, boosted by strong digital sales",target reports over 17% jump in sales during holiday period,target's sales up 17% over the holidays as it holds on to some of its pandemic gains,,,,,,,,,,,,,,,
2021-01-14,1,consumer groups target amazon prime’s cancellation process,tgt or tjx: which is the better value stock right now?,"target (tgt) posts sturdy holiday sales, comps tick up 17.2%",better buy: amazon vs. target,target corporation declares regular quarterly dividend,,,,,,,,,,,,,,,,,,,,,,,,
2021-01-15,0,"josh hawley, who led senate efforts to overturn the election results, is being targeted by a super pac.",target has a christmas surprise for investors,target's holiday sales were outstanding. why did the stock fall?,,,,,,,,,,,,,,,,,,,,,,,,,,
2021-01-19,0,target rides the new trend in retail,better buy: costco vs. target,,,,,,,,,,,,,,,,,,,,,,,,,,,
2021-01-20,0,retail series: target will continue benefiting from mall closures for years,target (tgt) gains but lags market: what you should know,are you looking for a top momentum pick? why target (tgt) is a great choice,target's strong 2020 run continued during the holidays,,,,,,,,,,,,,,,,,,,,,,,,,
2021-01-21,1,,,,,,,,,,,,,,,,,,,,,,,,,,,,,
2021-01-22,1,,,,,,,,,,,,,,,,,,,,,,,,,,,,,
2021-01-25,0,"as trump seeks to remain a political force, new targets emerge","target to give employees bonuses after strong holiday season, extends covid-related benefits",,,,,,,,,,,,,,,,,,,,,,,,,,,
2021-01-26,0,biden raises daily vaccination target and extends travel bans,target (tgt) dips more than broader markets: what you should know,target teams up with levi's for exclusive collection of home goods and more,,,,,,,,,,,,,,,,,,,,,,,,,,
2021-01-27,0,is target (tgt) outperforming other retail-wholesale stocks this year?,,,,,,,,,,,,,,,,,,,,,,,,,,,,
2021-01-28,1,,,,,,,,,,,,,,,,,,,,,,,,,,,,,
2021-01-29,0,target (tgt) stock moves -1.31%: what you should know,,,,,,,,,,,,,,,,,,,,,,,,,,,,
2021-02-01,1,thailand targets pro-democracy protesters in sweeping legal dragnet,,,,,,,,,,,,,,,,,,,,,,,,,,,,
2021-02-02,1,tgt vs. cost: which stock should value investors buy now?,,,,,,,,,,,,,,,,,,,,,,,,,,,,
2021-02-03,0,,,,,,,,,,,,,,,,,,,,,,,,,,,,,
2021-02-04,1,target (tgt) outpaces stock market gains: what you should know,,,,,,,,,,,,,,,,,,,,,,,,,,,,
2021-02-05,0,a talking owl and cheery sounds: children’s video targets dissent in hong kong,,,,,,,,,,,,,,,,,,,,,,,,,,,,
2021-02-08,1,target activewear hits $1 billion in sales as more people look to comfy clothes amid pandemic,target gets upgrade amid growing same-day services usage,is target a great dividend stock?,tgt on track for third-straight win after upgrade,,,,,,,,,,,,,,,,,,,,,,,,,
2021-02-09,1,"target stock rallies, and two bulls share why the run will continue",,,,,,,,,,,,,,,,,,,,,,,,,,,,
2021-02-10,0,"target offers employees pay, transportation to get covid-19 vaccine",target (tgt) dips more than broader markets: what you should know,another bullseye on target,,,,,,,,,,,,,,,,,,,,,,,,,,
2021-02-11,0,,,,,,,,,,,,,,,,,,,,,,,,,,,,,
2021-02-12,1,myanmar may target free speech in effort to stifle protests,"using instagram and acrobatics, thieves targeted v.i.p.s in milan",is target (tgt) outperforming other retail-wholesale stocks this year?,,,,,,,,,,,,,,,,,,,,,,,,,,
2021-02-16,0,target's exclusive brand strategy is working,,,,,,,,,,,,,,,,,,,,,,,,,,,,
2021-02-17,1,target vs. walmart: which is the better investment,,,,,,,,,,,,,,,,,,,,,,,,,,,,
2021-02-18,1,"when vagisil targeted teens, the backlash was swift",tgt vs. cost: which stock is the better value option?,,,,,,,,,,,,,,,,,,,,,,,,,,,
2021-02-19,0,,,,,,,,,,,,,,,,,,,,,,,,,,,,,
2021-02-22,1,,,,,,,,,,,,,,,,,,,,,,,,,,,,,
2021-02-23,0,target (tgt) stock sinks as market gains: what you should know,,,,,,,,,,,,,,,,,,,,,,,,,,,,
2021-02-24,1,new york opens vaccine sites in brooklyn and queens to target hardest-hit neighborhoods.,new mass vaccine sites target n.y. communities hit hard by pandemic,why target (tgt) stock is a buy ahead of q4 earnings,,,,,,,,,,,,,,,,,,,,,,,,,,
2021-02-25,0,apple expanding its presence in target stores,target to open apple mini-shops in its stores,"target's enhanced apple shops are a bid for greater electronics sales, analyst says",target will introduce in-store apple kiosks across 17 cities this month,"apple, target expand relationship with new apple experience",target to double the number of apple shops in its stores,,,,,,,,,,,,,,,,,,,,,,,
2021-02-26,0,u.s. airstrikes in syria target iran-backed militias that rocketed american troops in iraq,target stock holds near highs amid glowing fundamentals; expect huge sales growth from this coronavirus stock,target (tgt) queues up for q4 earnings: what's in store?,,,,,,,,,,,,,,,,,,,,,,,,,,
2021-03-01,1,earnings beat in the cards for target stock?,should you buy target corporation (tgt) ahead of earnings?,has target (tgt) outpaced other retail-wholesale stocks this year?,target's (tgt) q4 earnings likely to gain on digital strength,earnings outlook for target,,,,,,,,,,,,,,,,,,,,,,,,
2021-03-02,0,rocket rallies as reddit eyes potential new short target,target parses post-pandemic business during financial community meeting,"target (tgt) ceo, brian cornell on q4 2020 results - earnings call transcript","growth stocks lead market lower; ford reclaims buy points as target, zoom reverse lower",target enters oversold territory,why this analyst is still bullish on target after q4 results,how target mastered the pandemic,target succeeds and exceeds expectations in 2020,target 4q comparable sales beat estimates,target tops analysts' estimates for profit and sales in the fourth quarter,target to spend $4 billion annually over the next several years to build on ‘record breaking' 2020,merck to assist j&j vaccine; target beats in q4,"target to invest $4 billion to speed new stores and remodels, expand ability to fill online orders","shares of rocket companies, a large short target of hedge funds, jump more than 20%",options traders blast target stock after earnings,"target's (tgt) q4 earnings beat estimates, digital sales surge",robust online shopping pushes target's earnings past projections,target to invest $4 billion annually to cement pandemic market share gains,"target ceo brian cornell on q4 earnings beat, 2021 outlook",target stock is climbing after it reported another banner quarter for earnings,"live | apple, zoom, target, kohl's: jim cramer's stock market breakdown - march 2",target ceo brian cornell says he was surprised by the surge of shoppers in january,target reports a record year for sales,target ceo brian cornell on $15 federal minimum wage debate,why two top retail watchers say target has become the new mall,target's 2020 sales soared by a massive $15 billion — bigger than the combined growth of the last 11 years,target (tgt) tops q4 earnings and revenue estimates,"target stock rallies after sales rise more than expected, boosted by traffic and average ticket gains","target same-day delivery, store pick-up demand fires up holiday quarter sales"
2021-03-03,0,target's latest plunge is another buying opportunity,target expands grocery pickup options as food spend increases,target hits the bull's eye with q4 earnings results,target (tgt) to spend $4 billion annually in growth initiatives,why this analyst sees 50% upside at target after earnings,"target rounds out 2020 with impressive growth, but will it carry into 2021?","the ratings game: tesla stock price target more than doubled at ubs, as long-time skeptic sees ev leader ‘winning' in software","roku stock rallies after keybanc turns bullish, sets $518 price target","target stock is slowing; the company, not so much",,,,,,,,,,,,,,,,,,,,
2021-03-04,0,"targeting state restrictions, house passes landmark voting rights expansion",unpacking target stock's post-earnings bear gap,,,,,,,,,,,,,,,,,,,,,,,,,,,
2021-03-05,1,"they were journalists, and women, and targeted for both",higher prices help target boost earnings in q4,,,,,,,,,,,,,,,,,,,,,,,,,,,
2021-03-08,1,target: a dividend king with increasing online sales and new stores to drive future growth,,,,,,,,,,,,,,,,,,,,,,,,,,,,
2021-03-09,1,‘my turn to get robbed’: delivery workers are targets in the pandemic,lawsuit challenging n.y.c. school segregation targets gifted programs,,,,,,,,,,,,,,,,,,,,,,,,,,,
2021-03-10,0,"target sweetens private-label grocery offerings to boost margins, attract partners",target (tgt) to launch 'favorite day' food and beverage line,,,,,,,,,,,,,,,,,,,,,,,,,,,
2021-03-11,1,congress closes loophole that made veterans a target of for-profit schools,target corporation declares regular quarterly dividend,,,,,,,,,,,,,,,,,,,,,,,,,,,
2021-03-12,1,,,,,,,,,,,,,,,,,,,,,,,,,,,,,
2021-03-15,1,,,,,,,,,,,,,,,,,,,,,,,,,,,,,
2021-03-16,1,target leads ‘store within a store' trend as retailers show new love for old tactic,where will target be in 5 years?,"why target, universal health services, mastec, hollyfrontier, standard motor products, and allison transmission look good post earnings",target (tgt) to tap consumers' crafting needs with mondo llama,,,,,,,,,,,,,,,,,,,,,,,,,
2021-03-17,0,"asian-americans were targeted in nearly 3,800 hate incidents in the past year.",,,,,,,,,,,,,,,,,,,,,,,,,,,,
2021-03-18,1,the killings targeted an industry with a history of concerns about sex trafficking.,,,,,,,,,,,,,,,,,,,,,,,,,,,,
2021-03-19,1,"accused gunman had visited massage parlors he targeted, police say","in russia, a virus lockdown targets the opposition",,,,,,,,,,,,,,,,,,,,,,,,,,,
2021-03-22,1,,,,,,,,,,,,,,,,,,,,,,,,,,,,,
2021-03-23,1,,,,,,,,,,,,,,,,,,,,,,,,,,,,,
2021-03-24,0,,,,,,,,,,,,,,,,,,,,,,,,,,,,,
2021-03-25,1,,,,,,,,,,,,,,,,,,,,,,,,,,,,,
2021-03-26,1,‘insult to the country’: hong kong targets art deemed critical of china,why i'm more bullish on target than ever,,,,,,,,,,,,,,,,,,,,,,,,,,,
2021-03-29,0,target (tgt) dips more than broader markets: what you should know,,,,,,,,,,,,,,,,,,,,,,,,,,,,
2021-03-30,1,,,,,,,,,,,,,,,,,,,,,,,,,,,,,
2021-03-31,0,,,,,,,,,,,,,,,,,,,,,,,,,,,,,
2021-04-01,1,"myanmar soldiers, aiming to silence protests, target journalists",target (tgt) up 14.1% since last earnings report: can it continue?,,,,,,,,,,,,,,,,,,,,,,,,,,,
2021-04-05,1,,,,,,,,,,,,,,,,,,,,,,,,,,,,,
2021-04-06,1,"as china targets h&m and nike, local brands see their chance",,,,,,,,,,,,,,,,,,,,,,,,,,,,
2021-04-07,0,targeting overseas tax shelters,target says it will spend more than $2 billion with black-owned businesses.,target: get your cash ready,,,,,,,,,,,,,,,,,,,,,,,,,,
2021-04-08,0,better buy: nike vs. target,,,,,,,,,,,,,,,,,,,,,,,,,,,,
2021-04-09,1,,,,,,,,,,,,,,,,,,,,,,,,,,,,,
2021-04-12,0,"when anti-asian parody targeted bts, the boy band’s fan army mobilized",,,,,,,,,,,,,,,,,,,,,,,,,,,,
2021-04-13,0,target (tgt) stock sinks as market gains: what you should know,"target corporation to participate in the j.p. morgan 7th annual retail roundup conference on thursday, april 15, 2021",,,,,,,,,,,,,,,,,,,,,,,,,,,
2021-04-14,1,new target for new york’s ascendant left: rep. carolyn maloney,"as the senate advances a bill addressing hate crimes targeting asian-americans, biden names a liaison to the community.","shopping for stocks or projects? pinterest, target have set up daily bull flags",,,,,,,,,,,,,,,,,,,,,,,,,,
2021-04-15,0,schumer presses for speedy passage of a bill addressing hate crimes targeting asian-americans.,could target be a millionaire-maker stock?,,,,,,,,,,,,,,,,,,,,,,,,,,,
2021-04-16,1,andrew yang responds: ‘my targeted plan for the city will be a lifeline for many’,,,,,,,,,,,,,,,,,,,,,,,,,,,,
2021-04-19,0,"adults in all u.s. states are now eligible for vaccination, hitting biden’s target. half have had at least one dose.",target announces new installment of the designer dress collection,,,,,,,,,,,,,,,,,,,,,,,,,,,
2021-04-20,0,iran rattled as israel repeatedly strikes key targets,apple’s new devices target markets led by smaller rivals,target (tgt) stock moves -0.66%: what you should know,,,,,,,,,,,,,,,,,,,,,,,,,,
2021-04-21,0,g.o.p. bills target protesters (and absolve motorists who hit them),"u.s. imposes additional sanctions on myanmar, targeting two companies linked to the country’s military.","even with strong uptrend, target stock is bargain-priced",,,,,,,,,,,,,,,,,,,,,,,,,,
2021-04-22,0,senate resoundingly passes bill to target anti-asian hate crimes,"target stock is worth much more, with better fcf margins than walmart",target (tgt) outpaces industry in the past 6 months: here's why,,,,,,,,,,,,,,,,,,,,,,,,,,
2021-04-23,1,,,,,,,,,,,,,,,,,,,,,,,,,,,,,
2021-04-26,0,,,,,,,,,,,,,,,,,,,,,,,,,,,,,
2021-04-27,1,target stock looks like a short-term and long-term winner,target announces spring collaboration with plant enthusiast and interior stylist hilton carter,,,,,,,,,,,,,,,,,,,,,,,,,,,
2021-04-28,1,,,,,,,,,,,,,,,,,,,,,,,,,,,,,
2021-04-29,1,,,,,,,,,,,,,,,,,,,,,,,,,,,,,
2021-04-30,1,a target date for a full reopening in new york city,,,,,,,,,,,,,,,,,,,,,,,,,,,,
2021-05-03,1,is target stock a better buy compared to walmart stock?,,,,,,,,,,,,,,,,,,,,,,,,,,,,
2021-05-04,1,,,,,,,,,,,,,,,,,,,,,,,,,,,,,
2021-05-05,0,tgt vs. cost: which stock is the better value option?,,,,,,,,,,,,,,,,,,,,,,,,,,,,
