Date,Label,top1,top2,top3,top4,top5,top6,top7,top8,top9,top10,top11,top12,top13,top14,top15,top16,top17,top18,top19,top20,top21,top22,top23,top24,top25,top26,top27,top28,top29,top30,top31,top32,top33,top34,top35,top36,top37,top38,top39,top40,top41,top42,top43,top44,top45,top46,top47,top48,top49,top50,top51,top52,top53,top54,top55,top56,top57
2020-01-02,1,,,,,,,,,,,,,,,,,,,,,,,,,,,,,,,,,,,,,,,,,,,,,,,,,,,,,,,,,
2020-01-03,0,,,,,,,,,,,,,,,,,,,,,,,,,,,,,,,,,,,,,,,,,,,,,,,,,,,,,,,,,
2020-01-06,1,police investigating the release of bedbugs at a walmart,,,,,,,,,,,,,,,,,,,,,,,,,,,,,,,,,,,,,,,,,,,,,,,,,,,,,,,,
2020-01-07,0,,,,,,,,,,,,,,,,,,,,,,,,,,,,,,,,,,,,,,,,,,,,,,,,,,,,,,,,,
2020-01-08,0,,,,,,,,,,,,,,,,,,,,,,,,,,,,,,,,,,,,,,,,,,,,,,,,,,,,,,,,,
2020-01-09,1,,,,,,,,,,,,,,,,,,,,,,,,,,,,,,,,,,,,,,,,,,,,,,,,,,,,,,,,,
2020-01-10,0,,,,,,,,,,,,,,,,,,,,,,,,,,,,,,,,,,,,,,,,,,,,,,,,,,,,,,,,,
2020-01-13,0,,,,,,,,,,,,,,,,,,,,,,,,,,,,,,,,,,,,,,,,,,,,,,,,,,,,,,,,,
2020-01-14,1,,,,,,,,,,,,,,,,,,,,,,,,,,,,,,,,,,,,,,,,,,,,,,,,,,,,,,,,,
2020-01-15,1,,,,,,,,,,,,,,,,,,,,,,,,,,,,,,,,,,,,,,,,,,,,,,,,,,,,,,,,,
2020-01-16,1,,,,,,,,,,,,,,,,,,,,,,,,,,,,,,,,,,,,,,,,,,,,,,,,,,,,,,,,,
2020-01-17,0,,,,,,,,,,,,,,,,,,,,,,,,,,,,,,,,,,,,,,,,,,,,,,,,,,,,,,,,,
2020-01-21,1,david glass walmart boss and k.c. royals owner dies at 84,how amazon geico and walmart fund propaganda,,,,,,,,,,,,,,,,,,,,,,,,,,,,,,,,,,,,,,,,,,,,,,,,,,,,,,,
2020-01-22,1,walmart takes its private-label grocery efforts to the next level,has walmart made amazon prime irrelevant?,nostalgia play: pricey foldable motorola razr goes on presale jan. 26 at verizon walmart,jones financial companies lllp acquires 5517 shares of walmart inc (nyse:wmt),will target&quot;s and walmart&quot;s success spell disaster for other retailers?,,,,,,,,,,,,,,,,,,,,,,,,,,,,,,,,,,,,,,,,,,,,,,,,,,,,
2020-01-23,0,ballentine partners llc buys 324 shares of walmart inc (nyse:wmt),,,,,,,,,,,,,,,,,,,,,,,,,,,,,,,,,,,,,,,,,,,,,,,,,,,,,,,,
2020-01-24,0,walmart asks appeals court to reconsider decision to award drivers back pay,the trump administration is cracking down on counterfeit sales made through sites like amazon and walmart,department stores dying a death of a thousand cuts - and what walmart is doing differently,harel insurance investments & financial services ltd. has $300000 stock holdings in walmart inc (nyse:wmt),exchange traded concepts llc invests $276000 in walmart inc (nyse:wmt),exchange traded concepts llc makes new investment in walmart inc (nyse:wmt),,,,,,,,,,,,,,,,,,,,,,,,,,,,,,,,,,,,,,,,,,,,,,,,,,,
2020-01-27,1,wtt?!? weekend: the celadon hits keep on coming walmart appeals california decision amazon accused of more abuse,museum of african american history and culture gets a huge gift from walmart,odeon capital group begins coverage on walmart (nyse:wmt),,,,,,,,,,,,,,,,,,,,,,,,,,,,,,,,,,,,,,,,,,,,,,,,,,,,,,
2020-01-28,1,ebay forecast disappoints amid competition from amazon walmart,update 2-ebay forecast disappoints amid competition from amazon walmart,museum of african american history and culture gets a huge gift from walmart,walmart makes huge gift to museum of african american history and culture,carlson capital management buys 1194 shares of walmart inc (nyse:wmt),carlson capital management grows stock holdings in walmart inc (nyse:wmt),columbus macro llc lowers stock position in walmart inc (nyse:wmt),cookson peirce & co. inc. boosts position in walmart inc (nyse:wmt),3130 shares in walmart inc (nyse:wmt) bought by acorn financial advisory services inc. adv,,,,,,,,,,,,,,,,,,,,,,,,,,,,,,,,,,,,,,,,,,,,,,,,
2020-01-29,0,court: walmart doesn&quot;t owe 3rd party&quot;s online sales taxes,calhoun walmart remodel features opening of new walmart health center,ebay forecast disappoints amid competition from amazon walmart,carlton hofferkamp & jenks wealth management llc purchases 1160 shares of walmart inc (nyse:wmt),anchor capital advisors llc has $18.96 million stake in walmart inc (nyse:wmt),,,,,,,,,,,,,,,,,,,,,,,,,,,,,,,,,,,,,,,,,,,,,,,,,,,,
2020-01-30,1,hedge fund hotels in 2020: alibaba (baba) vs. walmart inc. (wmt),forget walmart (nyse:wmt): this canadian retail giant is the better value buy,conning inc. sells 190 shares of walmart inc (nyse:wmt),bay colony advisory group inc d b a bay colony advisors has $620000 stake in walmart inc (nyse:wmt),,,,,,,,,,,,,,,,,,,,,,,,,,,,,,,,,,,,,,,,,,,,,,,,,,,,,
2020-01-31,0,charter research & investment group inc. has $333000 stock position in walmart inc (nyse:wmt),arcadia investment management corp mi grows holdings in walmart inc (nyse:wmt),,,,,,,,,,,,,,,,,,,,,,,,,,,,,,,,,,,,,,,,,,,,,,,,,,,,,,,
2020-02-03,0,,,,,,,,,,,,,,,,,,,,,,,,,,,,,,,,,,,,,,,,,,,,,,,,,,,,,,,,,
2020-02-04,1,,,,,,,,,,,,,,,,,,,,,,,,,,,,,,,,,,,,,,,,,,,,,,,,,,,,,,,,,
2020-02-05,1,,,,,,,,,,,,,,,,,,,,,,,,,,,,,,,,,,,,,,,,,,,,,,,,,,,,,,,,,
2020-02-06,0,,,,,,,,,,,,,,,,,,,,,,,,,,,,,,,,,,,,,,,,,,,,,,,,,,,,,,,,,
2020-02-07,1,,,,,,,,,,,,,,,,,,,,,,,,,,,,,,,,,,,,,,,,,,,,,,,,,,,,,,,,,
2020-02-10,0,2 police officers injured in shooting at walmart in arkansas officials say,,,,,,,,,,,,,,,,,,,,,,,,,,,,,,,,,,,,,,,,,,,,,,,,,,,,,,,,
2020-02-11,0,,,,,,,,,,,,,,,,,,,,,,,,,,,,,,,,,,,,,,,,,,,,,,,,,,,,,,,,,
2020-02-12,1,,,,,,,,,,,,,,,,,,,,,,,,,,,,,,,,,,,,,,,,,,,,,,,,,,,,,,,,,
2020-02-13,1,,,,,,,,,,,,,,,,,,,,,,,,,,,,,,,,,,,,,,,,,,,,,,,,,,,,,,,,,
2020-02-14,1,,,,,,,,,,,,,,,,,,,,,,,,,,,,,,,,,,,,,,,,,,,,,,,,,,,,,,,,,
2020-02-18,1,walmart says it’s not lowering forecast because of coronavirus,,,,,,,,,,,,,,,,,,,,,,,,,,,,,,,,,,,,,,,,,,,,,,,,,,,,,,,,
2020-02-19,0,,,,,,,,,,,,,,,,,,,,,,,,,,,,,,,,,,,,,,,,,,,,,,,,,,,,,,,,,
2020-02-20,1,,,,,,,,,,,,,,,,,,,,,,,,,,,,,,,,,,,,,,,,,,,,,,,,,,,,,,,,,
2020-02-21,1,,,,,,,,,,,,,,,,,,,,,,,,,,,,,,,,,,,,,,,,,,,,,,,,,,,,,,,,,
2020-02-24,0,target emerges as 8th largest ecommerce retailer - here&quot;s how their marketplace strategy is entirely different to amazon and walmart,walmart inc (nyse:wmt) shares purchased by jackson hole capital partners llc,can grocery insulate walmart and target from online rivals?,thinking about trading options or stock in facebook microsoft procter & gamble stamps.com or walmart?,walmart inc (nyse:wmt) shares acquired by bernardo wealth planning llc,arrow financial corp has $3.79 million stake in walmart inc (nyse:wmt),fox in talks to buy tubi nbcuniversal eyeing walmart&quot;s vudu - report,,,,,,,,,,,,,,,,,,,,,,,,,,,,,,,,,,,,,,,,,,,,,,,,,,
2020-02-25,0,walmart denied rehearing in $54 million back pay case,walmart steps up competition with amazon by fulfilling orders for third-party vendors,lockheed martin investment management co. purchases 13612 shares of walmart inc (nyse:wmt),walmart inc (nyse:wmt) shares purchased by aptus capital advisors llc,the zacks analyst blog highlights: walmart home depot macy&quot;s tjx and best buy,bank of montreal can boosts stock position in walmart inc (nyse:wmt),dividend assets capital llc lowers stock holdings in walmart inc (nyse:wmt),walmart inc (nyse:wmt) shares sold by haverford trust co.,walmart inc (nyse:wmt) shares sold by achmea investment management b.v.,krane funds advisors llc sells 142 shares of walmart inc (nyse:wmt),,,,,,,,,,,,,,,,,,,,,,,,,,,,,,,,,,,,,,,,,,,,,,,
2020-02-26,0,walmart to present at both the raymond james institutional investors conference and the ubs global consumer and retail conference,another delivery partner abandons walmart: a cautionary tale of outsourced grocery delivery,walmart begins offering healthcare services at second store in the u.s.,walmart in talks over sale of asda stake,dow jones news: disney ceo steps down; walmart launches fulfillment service,walmart expands amazon fight with big move to woo third-party sellers,better buy: amazon vs. walmart,is amazon&quot;s cashierless store a tough competitor of walmart?,2 areas walmart&quot;s $50 billion e-commerce business is taking on amazon,walmart goes after amazon with third-party fulfillment service,banque cantonale vaudoise buys new position in walmart inc (nyse:wmt),walmart inc (nyse:wmt) shares sold by accident compensation corp,,,,,,,,,,,,,,,,,,,,,,,,,,,,,,,,,,,,,,,,,,,,,
2020-02-27,0,walmart developing a membership program to rival amazon prime,amazon prime competitor walmart+ reportedly in testing phase     - cnet,walmart developing membership program to rival amazon prime,walmart developing a membership program to rival amazon&quot;s prime,best apple watch deals for 2020: walmart has the series 3 for $189     - cnet,walmart is reportedly working on an amazon prime competitor called walmart+,the zacks analyst blog highlights: amazon.com and walmart,cognios capital llc sells 887 shares of walmart inc (nyse:wmt),columbia trust co 01012016 makes new $788000 investment in walmart inc (nyse:wmt),walmart in talks to sell a stake in asda,wolfe research downgrades walmart (nyse:wmt) to hold,,,,,,,,,,,,,,,,,,,,,,,,,,,,,,,,,,,,,,,,,,,,,,
2020-02-28,0,walmart&quot;s new membership program can&quot;t beat amazon prime experts say,will walmart+ be equal to or greater than amazon prime?,walmart builds amazon prime competitor rivalry heats up,walmart&quot;s launching an amazon prime-type service,chicago equity partners llc sells 17350 shares of walmart inc (nyse:wmt),arcus capital partners llc acquires 1286 shares of walmart inc (nyse:wmt),annex advisory services llc boosts stock holdings in walmart inc (nyse:wmt),walmart inc (nyse:wmt) evp john r. furner sells 50000 shares,walmart has plans to compete with amazon prime,walmart (nyse:wmt) receiving neutral press coverage infotrie reports,walmart to launch amazon prime competitor service next month: report,,,,,,,,,,,,,,,,,,,,,,,,,,,,,,,,,,,,,,,,,,,,,,
2020-03-02,1,,,,,,,,,,,,,,,,,,,,,,,,,,,,,,,,,,,,,,,,,,,,,,,,,,,,,,,,,
2020-03-03,0,,,,,,,,,,,,,,,,,,,,,,,,,,,,,,,,,,,,,,,,,,,,,,,,,,,,,,,,,
2020-03-04,1,,,,,,,,,,,,,,,,,,,,,,,,,,,,,,,,,,,,,,,,,,,,,,,,,,,,,,,,,
2020-03-05,1,,,,,,,,,,,,,,,,,,,,,,,,,,,,,,,,,,,,,,,,,,,,,,,,,,,,,,,,,
2020-03-06,1,,,,,,,,,,,,,,,,,,,,,,,,,,,,,,,,,,,,,,,,,,,,,,,,,,,,,,,,,
2020-03-09,1,,,,,,,,,,,,,,,,,,,,,,,,,,,,,,,,,,,,,,,,,,,,,,,,,,,,,,,,,
2020-03-10,1,,,,,,,,,,,,,,,,,,,,,,,,,,,,,,,,,,,,,,,,,,,,,,,,,,,,,,,,,
2020-03-11,0,walmart uber and others tweak sick-leave policies as coronavirus spreads,,,,,,,,,,,,,,,,,,,,,,,,,,,,,,,,,,,,,,,,,,,,,,,,,,,,,,,,
2020-03-12,0,,,,,,,,,,,,,,,,,,,,,,,,,,,,,,,,,,,,,,,,,,,,,,,,,,,,,,,,,
2020-03-13,1,,,,,,,,,,,,,,,,,,,,,,,,,,,,,,,,,,,,,,,,,,,,,,,,,,,,,,,,,
2020-03-16,1,,,,,,,,,,,,,,,,,,,,,,,,,,,,,,,,,,,,,,,,,,,,,,,,,,,,,,,,,
2020-03-17,1,,,,,,,,,,,,,,,,,,,,,,,,,,,,,,,,,,,,,,,,,,,,,,,,,,,,,,,,,
2020-03-18,1,,,,,,,,,,,,,,,,,,,,,,,,,,,,,,,,,,,,,,,,,,,,,,,,,,,,,,,,,
2020-03-19,0,,,,,,,,,,,,,,,,,,,,,,,,,,,,,,,,,,,,,,,,,,,,,,,,,,,,,,,,,
2020-03-20,0,,,,,,,,,,,,,,,,,,,,,,,,,,,,,,,,,,,,,,,,,,,,,,,,,,,,,,,,,
2020-03-23,1,,,,,,,,,,,,,,,,,,,,,,,,,,,,,,,,,,,,,,,,,,,,,,,,,,,,,,,,,
2020-03-24,0,,,,,,,,,,,,,,,,,,,,,,,,,,,,,,,,,,,,,,,,,,,,,,,,,,,,,,,,,
2020-03-25,0,walmart hiring thousands in ohio,states ask amazon craigslist ebay facebook and walmart to combat coronavirus price gouging,update 2-do more to stop coronavirus price gouging u.s. states tell amazon walmart facebook,&quot;stop price gouging&quot; 34 attorneys general tell amazon walmart others,&quot;stop price gouging&quot; 33 attorneys general tell amazon walmart others,walmart waives april rent for businesses operating in its stores,state ags call on facebook amazon walmart ebay to do more to stop price gouging,walmart to offer rent relief to shops within its stores and ease financing for suppliers,coronavirus price gouging: 33 top cops demand action from amazon ebay craigslist facebook and walmart,do more to stop coronavirus price gouging u.s. states tell amazon walmart facebook,,,,,,,,,,,,,,,,,,,,,,,,,,,,,,,,,,,,,,,,,,,,,,,
2020-03-26,1,at walmart the coronavirus makes it feel like black friday,trump administration killed prosecutors&quot; efforts to criminally charge walmart over opioid sales report says,top analyst upgrades and downgrades: alibaba apple at&t baidu chevron cisco expedia goldman sachs kroger micron nike p&g square walmart and more,walmart (nyse:wmt) earns overweight rating from analysts at atlantic securities,walmart (nyse:wmt) earns underperform rating from analysts at bnp paribas,dozens of state ags tell amazon walmart ebay and others to stop price gouging,how walmart and sam&quot;s club are helping small business partners,,,,,,,,,,,,,,,,,,,,,,,,,,,,,,,,,,,,,,,,,,,,,,,,,,
2020-03-27,0,kroger walmart have already hired tens of thousands of new employees,forex volatility to make providers hike prices: walmart de mexico,forex volatility to make providers hike prices-walmart de mexico,investors play defense with walmart and procter & gamble again,here&quot;s how walmart is using artificial intelligence to keep prices low,capital world investors has $511.49 million holdings in walmart inc (nyse:wmt),colony group llc sells 400 shares of walmart inc (nyse:wmt),are walmart and amazon doing better than target amid coronavirus?,man group plc sells 315766 shares of walmart inc (nyse:wmt),auxier asset management has $6.37 million holdings in walmart inc (nyse:wmt),archer investment corp takes position in walmart inc (nyse:wmt),,,,,,,,,,,,,,,,,,,,,,,,,,,,,,,,,,,,,,,,,,,,,,
2020-03-30,1,walmart adds no-contact shopping for &quot;another layer of safety&quot;,capital wealth planning llc boosts holdings in walmart inc (nyse:wmt),innerscope hearing technologies (otc: innd) to launch hearing loss information centers in kiosks at 4618 walmart locations nationwide,bnp paribas initiates coverage on walmart (nyse:wmt),walmart (nyse:wmt) now covered by atlantic securities,adams chetwood wealth management llc buys new shares in walmart inc (nyse:wmt),,,,,,,,,,,,,,,,,,,,,,,,,,,,,,,,,,,,,,,,,,,,,,,,,,,
2020-03-31,0,walmart to begin temperature checks on workers amid coronavirus crisis,traffic at walmart costco and target has fallen for the first time in weeks,traffic at walmart costco and target falls for the first time in weeks as coronavirus stockpiling behavior shifts,exp world columbia sportswear walmart target amazon as zacks bull and bear of the day,what amazon and walmart&quot; know about the future of digital retail,walmart to begin screening employees for covid-19 symptoms,connor clark & lunn investment management ltd. acquires 2600 shares of walmart inc (nyse:wmt),walmart trumps harris teeter in battle for local shoppers&quot; grocery dollars,walmart takes additional steps for health and safety of associates,walmart (nyse:wmt) shares up 5.1%,,,,,,,,,,,,,,,,,,,,,,,,,,,,,,,,,,,,,,,,,,,,,,,
2020-04-01,1,walmart home depot did the right thing on this front to flatten coronavirus curve; more companies should follow,costco walmart target finally see coronavirus sales traffic fall,walmart inc (nyse:wmt) position lessened by schonfeld strategic advisors llc,thinking about trading options or stock in johnson & johnson 3m procter & gamble teladoc health or walmart?,walmart to begin temperature checks on workers amid coronavirus crisis,walmart inc (nyse:wmt) shares sold by bi asset management fondsmaeglerselskab a s,,,,,,,,,,,,,,,,,,,,,,,,,,,,,,,,,,,,,,,,,,,,,,,,,,,
2020-04-02,1,,,,,,,,,,,,,,,,,,,,,,,,,,,,,,,,,,,,,,,,,,,,,,,,,,,,,,,,,
2020-04-03,1,,,,,,,,,,,,,,,,,,,,,,,,,,,,,,,,,,,,,,,,,,,,,,,,,,,,,,,,,
2020-04-06,1,,,,,,,,,,,,,,,,,,,,,,,,,,,,,,,,,,,,,,,,,,,,,,,,,,,,,,,,,
2020-04-07,0,,,,,,,,,,,,,,,,,,,,,,,,,,,,,,,,,,,,,,,,,,,,,,,,,,,,,,,,,
2020-04-08,0,,,,,,,,,,,,,,,,,,,,,,,,,,,,,,,,,,,,,,,,,,,,,,,,,,,,,,,,,
2020-04-09,1,,,,,,,,,,,,,,,,,,,,,,,,,,,,,,,,,,,,,,,,,,,,,,,,,,,,,,,,,
2020-04-13,1,,,,,,,,,,,,,,,,,,,,,,,,,,,,,,,,,,,,,,,,,,,,,,,,,,,,,,,,,
2020-04-14,1,,,,,,,,,,,,,,,,,,,,,,,,,,,,,,,,,,,,,,,,,,,,,,,,,,,,,,,,,
2020-04-15,0,,,,,,,,,,,,,,,,,,,,,,,,,,,,,,,,,,,,,,,,,,,,,,,,,,,,,,,,,
2020-04-16,1,,,,,,,,,,,,,,,,,,,,,,,,,,,,,,,,,,,,,,,,,,,,,,,,,,,,,,,,,
2020-04-17,1,,,,,,,,,,,,,,,,,,,,,,,,,,,,,,,,,,,,,,,,,,,,,,,,,,,,,,,,,
2020-04-20,0,,,,,,,,,,,,,,,,,,,,,,,,,,,,,,,,,,,,,,,,,,,,,,,,,,,,,,,,,
2020-04-21,0,,,,,,,,,,,,,,,,,,,,,,,,,,,,,,,,,,,,,,,,,,,,,,,,,,,,,,,,,
2020-04-22,1,,,,,,,,,,,,,,,,,,,,,,,,,,,,,,,,,,,,,,,,,,,,,,,,,,,,,,,,,
2020-04-23,0,,,,,,,,,,,,,,,,,,,,,,,,,,,,,,,,,,,,,,,,,,,,,,,,,,,,,,,,,
2020-04-24,1,,,,,,,,,,,,,,,,,,,,,,,,,,,,,,,,,,,,,,,,,,,,,,,,,,,,,,,,,
2020-04-27,0,cvs walgreens walmart ramping up thousands of new coronavirus test sites,analyzing 3 current momentum plays: amazon walmart and progressive,"walmart inc (nyse:wmt) given average rating of ""buy"" by brokerages",analysts anticipate walmart inc (nyse:wmt) will post quarterly sales of $129.48 billion,,,,,,,,,,,,,,,,,,,,,,,,,,,,,,,,,,,,,,,,,,,,,,,,,,,,,
2020-04-28,0,walmart jpmorgan chase exxonmobil stocks should be avoided: graniteshares ceo,bbva usa bancshares inc. trims stake in walmart inc (nyse:wmt),walmart inc (nyse:wmt) stake lifted by delta financial advisors llc,bridgeworth llc has $678000 holdings in walmart inc (nyse:wmt),cognios capital llc sells 18107 shares of walmart inc (nyse:wmt),certified advisory corp has $535000 position in walmart inc (nyse:wmt),walmart inc (nyse:wmt) position reduced by executive wealth management llc,,,,,,,,,,,,,,,,,,,,,,,,,,,,,,,,,,,,,,,,,,,,,,,,,,
2020-04-29,0,birmingham capital management co. inc. al trims position in walmart inc (nyse:wmt),birmingham capital management co. inc. al has $942000 stock holdings in walmart inc (nyse:wmt),calamos wealth management llc boosts stake in walmart inc (nyse:wmt),capital investment advisory services llc reduces stock position in walmart inc (nyse:wmt),citizens national bank trust department purchases shares of 24105 walmart inc (nyse:wmt),top analyst upgrades and downgrades: alphabet amd corning fireeye inovia lululemon nike roku starbucks tyson walmart and more,clear street markets llc cuts position in walmart inc (nyse:wmt),calamos advisors llc cuts stock position in walmart inc (nyse:wmt),walmart (nyse:wmt) earns news sentiment score of 0.43,,,,,,,,,,,,,,,,,,,,,,,,,,,,,,,,,,,,,,,,,,,,,,,,
2020-04-30,0,walmart introduces express delivery,tusimple fills senior-level posts with executives from ups walmart,walmart hires 200000 associates and pays $180million inearlyassociate bonuses,walmart inc (nyse:wmt) sees large increase in short interest,walmart inc (nyse:wmt) shares sold by capstone financial group inc.,walmart inc (nyse:wmt) shares sold by camelot portfolios llc,camelot portfolios llc reduces stake in walmart inc (nyse:wmt),1st source bank increases stake in walmart inc (nyse:wmt),walmart inc (nyse:wmt) holdings trimmed by asio capital llc,1st source bank purchases 4056 shares of walmart inc (nyse:wmt),cx institutional acquires 13309 shares of walmart inc (nyse:wmt),asio capital llc sells 17634 shares of walmart inc (nyse:wmt),abbrea capital llc has $1.30 million stock position in walmart inc (nyse:wmt),commerzbank aktiengesellschaft fi cuts holdings in walmart inc (nyse:wmt),,,,,,,,,,,,,,,,,,,,,,,,,,,,,,,,,,,,,,,,,,,
2020-05-01,1,dakota wealth management has $7.01 million stock holdings in walmart inc (nyse:wmt),d.b. root & company llc has $1.18 million stock holdings in walmart inc (nyse:wmt),amazon walmart target workers hold may day strike demand coronavirus hazard pay,stock market update: walmart lone holdout in djia,today&quot;s pickup: amazon walmart instacart workers to hold may day walkout,dow jones news: no guidance from apple; walmart launches fast delivery,dow industrials off 500 points near midday; apple walmart p&g defy downdraft,wmt investor alert: bronstein gewirtz & grossman llc announces investigation of walmart inc. and encourages investors to contact the firm,conning inc. sells 338 shares of walmart inc (nyse:wmt),ascent wealth partners llc acquires 320 shares of walmart inc (nyse:wmt),axt clean harbors walmart costco and nike highlighted as zacks bull and bear of the day,target walmart workers and others plan &quot;sickout&quot; protests over coronavirus safety,arp americas lp invests $200000 in walmart inc (nyse:wmt),,,,,,,,,,,,,,,,,,,,,,,,,,,,,,,,,,,,,,,,,,,,
2020-05-04,0,,,,,,,,,,,,,,,,,,,,,,,,,,,,,,,,,,,,,,,,,,,,,,,,,,,,,,,,,
2020-05-05,1,,,,,,,,,,,,,,,,,,,,,,,,,,,,,,,,,,,,,,,,,,,,,,,,,,,,,,,,,
2020-05-06,0,,,,,,,,,,,,,,,,,,,,,,,,,,,,,,,,,,,,,,,,,,,,,,,,,,,,,,,,,
2020-05-07,0,,,,,,,,,,,,,,,,,,,,,,,,,,,,,,,,,,,,,,,,,,,,,,,,,,,,,,,,,
2020-05-08,1,,,,,,,,,,,,,,,,,,,,,,,,,,,,,,,,,,,,,,,,,,,,,,,,,,,,,,,,,
2020-05-11,1,,,,,,,,,,,,,,,,,,,,,,,,,,,,,,,,,,,,,,,,,,,,,,,,,,,,,,,,,
2020-05-12,0,,,,,,,,,,,,,,,,,,,,,,,,,,,,,,,,,,,,,,,,,,,,,,,,,,,,,,,,,
2020-05-13,1,,,,,,,,,,,,,,,,,,,,,,,,,,,,,,,,,,,,,,,,,,,,,,,,,,,,,,,,,
2020-05-14,0,,,,,,,,,,,,,,,,,,,,,,,,,,,,,,,,,,,,,,,,,,,,,,,,,,,,,,,,,
2020-05-15,1,,,,,,,,,,,,,,,,,,,,,,,,,,,,,,,,,,,,,,,,,,,,,,,,,,,,,,,,,
2020-05-18,1,,,,,,,,,,,,,,,,,,,,,,,,,,,,,,,,,,,,,,,,,,,,,,,,,,,,,,,,,
2020-05-19,0,,,,,,,,,,,,,,,,,,,,,,,,,,,,,,,,,,,,,,,,,,,,,,,,,,,,,,,,,
2020-05-20,0,,,,,,,,,,,,,,,,,,,,,,,,,,,,,,,,,,,,,,,,,,,,,,,,,,,,,,,,,
2020-05-21,1,,,,,,,,,,,,,,,,,,,,,,,,,,,,,,,,,,,,,,,,,,,,,,,,,,,,,,,,,
2020-05-22,0,,,,,,,,,,,,,,,,,,,,,,,,,,,,,,,,,,,,,,,,,,,,,,,,,,,,,,,,,
2020-05-26,0,walmart moneycard adds 2% high yield savings account free cash deposits and family accounts,walmart inc (nyse:wmt) evp kathryn j. mclay sells 7324 shares,walmart (nyse:wmt) receiving neutral news coverage infotrie reports,the number one: the no. 1 thing americans are spending their stimulus checks on - even more than shopping at costco walmart and target,walmart mexico pays mexico about $359 million in back taxes,,,,,,,,,,,,,,,,,,,,,,,,,,,,,,,,,,,,,,,,,,,,,,,,,,,,
2020-05-27,0,walmart is selling used clothes in its latest attempt to become a fashion retailer,stock market update: financials lead djia higher; walmart underperforms,amazon and walmart are all set to bounce back in india,walmart partners with thredup to offer pre-owned apparel,walmart pushes into the used apparel market,amazon&quot;s covid-19 spending could dwarf walmart&quot;s $900 million outlay,walmart strikes deal with secondhand apparel site to ramp up online fashion sales,walmart is now selling used goods from nike coach michael kors and more as it dives into the $32 billion resale market,,,,,,,,,,,,,,,,,,,,,,,,,,,,,,,,,,,,,,,,,,,,,,,,,
2020-05-28,0,walmart says its thousands of tech employees will continue remote work - even when pandemic subsides,3 ways dollar general outperformed walmart in the first quarter,dollar general&quot;s strategy was to go where walmart wasn&quot;t and it&quot;s paid off massively during the pandemic,target walmart outbox department stores in reshaped world,the number one: the no. 1 thing americans are spending their stimulus checks on - even more than shopping at costco walmart and target,,,,,,,,,,,,,,,,,,,,,,,,,,,,,,,,,,,,,,,,,,,,,,,,,,,,
2020-05-29,0,ups slaps &#39;peak&#39; surcharge on amazon walmart others as delivery requests balloon post lockdown ease,ups slaps &quot;peak&quot; surcharge on amazon walmart others as delivery requests balloon post lockdown ease,,,,,,,,,,,,,,,,,,,,,,,,,,,,,,,,,,,,,,,,,,,,,,,,,,,,,,,
2020-06-01,1,dow jones rises despite civil unrest; walmart and apple close stores over weekend; microsoft replaces editors with ai,catalyst capital advisors llc decreases stock holdings in walmart inc (nyse:wmt),walmart inc (nyse:wmt) shares acquired by eqis capital management inc.,vident investment advisory llc sells 4222 shares of walmart inc (nyse:wmt),thinking about buying stock in general electric zynga inc tilray agenus inc or walmart?,sectorfocus blog: amazon target apple and walmart adjust operations as protests turn violent,walmart&quot;s flipkart to re-apply for food retail license in india,walmart extends senior hour while kohl&quot;s t.j. maxx reopen with shopping time for those most at-risk of covid-19,amazon apple walmart other retailers shutter stores scale back operations in areas worst hit with protests,,,,,,,,,,,,,,,,,,,,,,,,,,,,,,,,,,,,,,,,,,,,,,,,
2020-06-02,1,,,,,,,,,,,,,,,,,,,,,,,,,,,,,,,,,,,,,,,,,,,,,,,,,,,,,,,,,
2020-06-03,0,,,,,,,,,,,,,,,,,,,,,,,,,,,,,,,,,,,,,,,,,,,,,,,,,,,,,,,,,
2020-06-04,0,,,,,,,,,,,,,,,,,,,,,,,,,,,,,,,,,,,,,,,,,,,,,,,,,,,,,,,,,
2020-06-05,0,,,,,,,,,,,,,,,,,,,,,,,,,,,,,,,,,,,,,,,,,,,,,,,,,,,,,,,,,
2020-06-08,1,,,,,,,,,,,,,,,,,,,,,,,,,,,,,,,,,,,,,,,,,,,,,,,,,,,,,,,,,
2020-06-09,0,,,,,,,,,,,,,,,,,,,,,,,,,,,,,,,,,,,,,,,,,,,,,,,,,,,,,,,,,
2020-06-10,0,,,,,,,,,,,,,,,,,,,,,,,,,,,,,,,,,,,,,,,,,,,,,,,,,,,,,,,,,
2020-06-11,0,walmart says it will no longer lock up african-american beauty products,,,,,,,,,,,,,,,,,,,,,,,,,,,,,,,,,,,,,,,,,,,,,,,,,,,,,,,,
2020-06-12,0,,,,,,,,,,,,,,,,,,,,,,,,,,,,,,,,,,,,,,,,,,,,,,,,,,,,,,,,,
2020-06-15,0,,,,,,,,,,,,,,,,,,,,,,,,,,,,,,,,,,,,,,,,,,,,,,,,,,,,,,,,,
2020-06-16,0,,,,,,,,,,,,,,,,,,,,,,,,,,,,,,,,,,,,,,,,,,,,,,,,,,,,,,,,,
2020-06-17,0,,,,,,,,,,,,,,,,,,,,,,,,,,,,,,,,,,,,,,,,,,,,,,,,,,,,,,,,,
2020-06-18,0,,,,,,,,,,,,,,,,,,,,,,,,,,,,,,,,,,,,,,,,,,,,,,,,,,,,,,,,,
2020-06-19,1,the zacks analyst blog highlights: shopify facebook walmart ebay and amazon,why cvs and walgreens should be worried about walmart,cohen & steers inc. makes new $102000 investment in walmart inc (nyse:wmt),,,,,,,,,,,,,,,,,,,,,,,,,,,,,,,,,,,,,,,,,,,,,,,,,,,,,,
2020-06-22,1,dow jones rallies as walmart stock is upgraded american express stock downgraded,cops escort maskless children from central california walmart,top analyst upgrades and downgrades: amex biogen discover draftkings ericsson foot locker gap kraft heinz nikola walmart zscaler and more,,,,,,,,,,,,,,,,,,,,,,,,,,,,,,,,,,,,,,,,,,,,,,,,,,,,,,
2020-06-23,0,,,,,,,,,,,,,,,,,,,,,,,,,,,,,,,,,,,,,,,,,,,,,,,,,,,,,,,,,
2020-06-24,0,krispy kreme rolls out products in new partnership with walmart,guggenheim increases walmart (nyse:wmt) price target to $145.00,"ubs group upgrades walmart (nyse:wmt) to ""buy""",,,,,,,,,,,,,,,,,,,,,,,,,,,,,,,,,,,,,,,,,,,,,,,,,,,,,,
2020-06-25,0,walmart and amazon lead the retail pack by leveraging healthcare,krispy kreme rolls out products in new partnership with walmart,better buy: lululemon vs. walmart,,,,,,,,,,,,,,,,,,,,,,,,,,,,,,,,,,,,,,,,,,,,,,,,,,,,,,
2020-06-26,0,amazon dominates e-commerce during the pandemic-but walmart is catching up,,,,,,,,,,,,,,,,,,,,,,,,,,,,,,,,,,,,,,,,,,,,,,,,,,,,,,,,
2020-06-29,1,bagged salads are recalled from aldi walmart and other grocers as more than 200 people get sick. here&quot;s why a food poisoning expert refuses to eat prepackaged produce.,walmart inc (nyse:wmt) shares sold by engineers gate manager lp,the fed bought debt in warren buffett&quot;s berkshire hathaway coca-cola walmart and mcdonald&quot;s in its first spree of corporate bond-buying,us fed invests $428 million in walmart oil firms tobacco giant and others,,,,,,,,,,,,,,,,,,,,,,,,,,,,,,,,,,,,,,,,,,,,,,,,,,,,,
2020-06-30,1,the zacks analyst blog highlights: walmart target costco and amazon,,,,,,,,,,,,,,,,,,,,,,,,,,,,,,,,,,,,,,,,,,,,,,,,,,,,,,,,
2020-07-01,1,walmart launches virtual summer camp and drive-in movie theater to help families make the most of summer,walmart celebrates veterans welcome home commitment; achieves goal of 250000 veteran associates hired,,,,,,,,,,,,,,,,,,,,,,,,,,,,,,,,,,,,,,,,,,,,,,,,,,,,,,,
2020-07-02,0,,,,,,,,,,,,,,,,,,,,,,,,,,,,,,,,,,,,,,,,,,,,,,,,,,,,,,,,,
2020-07-06,0,,,,,,,,,,,,,,,,,,,,,,,,,,,,,,,,,,,,,,,,,,,,,,,,,,,,,,,,,
2020-07-07,1,,,,,,,,,,,,,,,,,,,,,,,,,,,,,,,,,,,,,,,,,,,,,,,,,,,,,,,,,
2020-07-08,0,,,,,,,,,,,,,,,,,,,,,,,,,,,,,,,,,,,,,,,,,,,,,,,,,,,,,,,,,
2020-07-09,1,,,,,,,,,,,,,,,,,,,,,,,,,,,,,,,,,,,,,,,,,,,,,,,,,,,,,,,,,
2020-07-10,1,,,,,,,,,,,,,,,,,,,,,,,,,,,,,,,,,,,,,,,,,,,,,,,,,,,,,,,,,
2020-07-13,0,,,,,,,,,,,,,,,,,,,,,,,,,,,,,,,,,,,,,,,,,,,,,,,,,,,,,,,,,
2020-07-14,1,,,,,,,,,,,,,,,,,,,,,,,,,,,,,,,,,,,,,,,,,,,,,,,,,,,,,,,,,
2020-07-15,0,walmart nation’s largest retailer will require customers to wear masks,,,,,,,,,,,,,,,,,,,,,,,,,,,,,,,,,,,,,,,,,,,,,,,,,,,,,,,,
2020-07-16,1,,,,,,,,,,,,,,,,,,,,,,,,,,,,,,,,,,,,,,,,,,,,,,,,,,,,,,,,,
2020-07-17,0,,,,,,,,,,,,,,,,,,,,,,,,,,,,,,,,,,,,,,,,,,,,,,,,,,,,,,,,,
2020-07-20,0,,,,,,,,,,,,,,,,,,,,,,,,,,,,,,,,,,,,,,,,,,,,,,,,,,,,,,,,,
2020-07-21,1,mcdonald’s joins walmart and dozens of other chains with mask mandates,,,,,,,,,,,,,,,,,,,,,,,,,,,,,,,,,,,,,,,,,,,,,,,,,,,,,,,,
2020-07-22,1,,,,,,,,,,,,,,,,,,,,,,,,,,,,,,,,,,,,,,,,,,,,,,,,,,,,,,,,,
2020-07-23,0,,,,,,,,,,,,,,,,,,,,,,,,,,,,,,,,,,,,,,,,,,,,,,,,,,,,,,,,,
2020-07-24,1,meet the new c.d.c. director: walmart,,,,,,,,,,,,,,,,,,,,,,,,,,,,,,,,,,,,,,,,,,,,,,,,,,,,,,,,
2020-07-27,1,,,,,,,,,,,,,,,,,,,,,,,,,,,,,,,,,,,,,,,,,,,,,,,,,,,,,,,,,
2020-07-28,1,,,,,,,,,,,,,,,,,,,,,,,,,,,,,,,,,,,,,,,,,,,,,,,,,,,,,,,,,
2020-07-29,0,walmart-backed myntra announces foray into west asia,outside the box: amazon is clobbering walmart in consumer spending according to debit-card transactions,,,,,,,,,,,,,,,,,,,,,,,,,,,,,,,,,,,,,,,,,,,,,,,,,,,,,,,
2020-07-30,1,"walmart memo points to cutting jobs in ""streamlining""",walmart plans corporate layoffs,impossible foods brings meatless burger to walmart,impossible foods joins beyond on the shelves of walmart america&quot;s no. 1 meat seller,walmart to carry impossible foods&quot; plant-based burgers in 2100 stores,impossible foods wins walmart deal beyond meat tumbles,walmart&quot;s merger of online and retail stores means layoffs are looming,walmart is eliminating hundreds of corporate jobs,you can now buy the impossible burger at walmart     - cnet,beyond meat shares fall as impossible burger hits walmart,"walmart now sells the impossible burger which means the plant-based ""meat"" is now in 50 times more grocery stores than it was in march",walmart to sell impossible burgers a milestone for faux meat,walmart cuts hundreds of corporate roles report says,want to get products on qvc hsn or in walmart target or other major retailers? meet rangeme,walmart iseliminating hundreds of corporate jobs,walmart takes aim at amazon with a new measurement tool for advertisers,amazon&quot;s virus stumbles have been a boon for walmart and target,mkm partners begins coverage on walmart (nyse:wmt),,,,,,,,,,,,,,,,,,,,,,,,,,,,,,,,,,,,,,,
2020-07-31,0,walmart+ won&quot;t add much,"walmart costco cvs and amazon tell shoppers to ""mask up""",can walmart double and how big is the hydrogen stock bubble?,walmart is eliminating many corporate jobs,walmart (nyse:wmt) now covered by mkm partners,walmart (nyse:wmt) earning critical media coverage analysis finds,impossible foods&quot; plant-based burger to debut at 2100 walmart stores across us,,,,,,,,,,,,,,,,,,,,,,,,,,,,,,,,,,,,,,,,,,,,,,,,,,
2020-08-03,0,,,,,,,,,,,,,,,,,,,,,,,,,,,,,,,,,,,,,,,,,,,,,,,,,,,,,,,,,
2020-08-04,1,,,,,,,,,,,,,,,,,,,,,,,,,,,,,,,,,,,,,,,,,,,,,,,,,,,,,,,,,
2020-08-05,0,,,,,,,,,,,,,,,,,,,,,,,,,,,,,,,,,,,,,,,,,,,,,,,,,,,,,,,,,
2020-08-06,1,,,,,,,,,,,,,,,,,,,,,,,,,,,,,,,,,,,,,,,,,,,,,,,,,,,,,,,,,
2020-08-07,1,,,,,,,,,,,,,,,,,,,,,,,,,,,,,,,,,,,,,,,,,,,,,,,,,,,,,,,,,
2020-08-10,1,,,,,,,,,,,,,,,,,,,,,,,,,,,,,,,,,,,,,,,,,,,,,,,,,,,,,,,,,
2020-08-11,0,,,,,,,,,,,,,,,,,,,,,,,,,,,,,,,,,,,,,,,,,,,,,,,,,,,,,,,,,
2020-08-12,1,,,,,,,,,,,,,,,,,,,,,,,,,,,,,,,,,,,,,,,,,,,,,,,,,,,,,,,,,
2020-08-13,1,,,,,,,,,,,,,,,,,,,,,,,,,,,,,,,,,,,,,,,,,,,,,,,,,,,,,,,,,
2020-08-14,1,,,,,,,,,,,,,,,,,,,,,,,,,,,,,,,,,,,,,,,,,,,,,,,,,,,,,,,,,
2020-08-17,1,,,,,,,,,,,,,,,,,,,,,,,,,,,,,,,,,,,,,,,,,,,,,,,,,,,,,,,,,
2020-08-18,0,,,,,,,,,,,,,,,,,,,,,,,,,,,,,,,,,,,,,,,,,,,,,,,,,,,,,,,,,
2020-08-19,0,,,,,,,,,,,,,,,,,,,,,,,,,,,,,,,,,,,,,,,,,,,,,,,,,,,,,,,,,
2020-08-20,0,,,,,,,,,,,,,,,,,,,,,,,,,,,,,,,,,,,,,,,,,,,,,,,,,,,,,,,,,
2020-08-21,1,,,,,,,,,,,,,,,,,,,,,,,,,,,,,,,,,,,,,,,,,,,,,,,,,,,,,,,,,
2020-08-24,0,,,,,,,,,,,,,,,,,,,,,,,,,,,,,,,,,,,,,,,,,,,,,,,,,,,,,,,,,
2020-08-25,0,,,,,,,,,,,,,,,,,,,,,,,,,,,,,,,,,,,,,,,,,,,,,,,,,,,,,,,,,
2020-08-26,1,,,,,,,,,,,,,,,,,,,,,,,,,,,,,,,,,,,,,,,,,,,,,,,,,,,,,,,,,
2020-08-27,1,,,,,,,,,,,,,,,,,,,,,,,,,,,,,,,,,,,,,,,,,,,,,,,,,,,,,,,,,
2020-08-28,0,why does walmart want tiktok? looking to china may explain,,,,,,,,,,,,,,,,,,,,,,,,,,,,,,,,,,,,,,,,,,,,,,,,,,,,,,,,
2020-08-31,1,,,,,,,,,,,,,,,,,,,,,,,,,,,,,,,,,,,,,,,,,,,,,,,,,,,,,,,,,
2020-09-01,1,walmart announces membership service in attempt to compete with amazon,walmart has the &quot;secret sauce&quot; for a profitable online business former ceo says,walmart launching membership program with unlimited free delivery,walmart takes on amazon prime with new delivery service,why walmart stock jumped today,walmart&quot;s big ambitions to take on amazon,walmart&quot;s stock gets a $24 billion boost after retailer announces subscription service,walmart takes over #7 spot from johnson &amp; johnson,with walmart+ launching kroger testing its next move analysts say,walmart+ a hit on wall street and main street at first blush,tiktok interest shows walmart&quot;s hidden value,tiktok interest shows walmart&#39;s hidden value,walmart unveils walmart+ its amazon prime competitor that costs $98/year and will launch sept. 15,dow jones rises as walmart unveils walmart+ apple stock price targets raised,walmart&quot;s membership service a challenge to amazon prime launches in 2 weeks,why microsoft and walmart would make a great home for tiktok,walmart takes on amazon prime: membership program will deliver from stores,stocks making the biggest moves midday: zoom video walmart penn national gaming apple & more,walmart launches competitor to amazon prime,walmart launching its answer to amazon prime 15 years later,walmart stock surges on walmart+ launch but analyst cites amazon advantages,amazon prime walmart+ instacart and shipt: the perks costs and how membership programs compare,walmart takes on amazon prime with upcoming walmart+ launch,walmart rolls out same-day delivery service,walmart to roll out new subscription service called walmart+,walmart sams club and the walmart foundation announce relief and recovery efforts to help those affected by hurricane laura,walmart to launch subscription service this month,walmart&quot;s challenger to amazon prime will launch in two weeks,walmart&quot;s challenger to amazon prime will launch sept. 15,walmart+ launches sept 15 offering same-day delivery gas discounts and cashierless checkout for $98/yr,walmart to launch its membership program in the u.s. on september 15th,walmart unveils a $98 membership with access to gas groceries and free delivery,walmart is launching its subscription service september 15 stepping up competition with amazon prime,walmart+ subscription plan to launch sept. 15,walmart unveils details of walmart+ membership program 6 months after confirming it was coming,stock alert: tesla stock gains zoom soars walmart rises,murphy usa and walmart extend partnership to membership service,stocks making the biggest moves in the premarket: zoom video walmart tesla ford & more,walmart plus: everything you need to know about walmart&quot;s amazon prime competitor,15 years later walmart launches its answer to amazon prime,walmart takes on amazon prime with cheap subscription service gas deals,walmart tries to undercut amazon prime with cheaper subscription service,15 years later walmart to launch its answer to amazon prime,barclays reaffirms buy rating for walmart (nyse:wmt),walmart&quot;s (wmt) buy rating reaffirmed at barclays,walmart+ focuses on loyalty not competition with amazon prime,walmart to launch &quot;ultimate life hack&quot; subscription service this month,walmart to launch &#39;ultimate life hack&#39; subscription service this month,walmart unveils membership service with free delivery no lines,walmart launches its answer to amazon prime,walmart&quot;s answer to amazon prime is cheaper and has gas discounts,walmart introduces walmart+,walmart introduces walmart plus a new membership program for $98 a year     - cnet,walmart to launch its membership program walmart+ in mid-september,walmart to offer fuel discounts with rival to amazon prime,walmart unveils &#39;ultimate life hack&#39; a $98 membership with access to gas groceries and free delivery,walmart&quot;s new membership program to launch sept. 15 with same-day delivery fuel discount
2020-09-02,0,,,,,,,,,,,,,,,,,,,,,,,,,,,,,,,,,,,,,,,,,,,,,,,,,,,,,,,,,
2020-09-03,0,officer charged in fatal shooting of a black man in a california walmart,,,,,,,,,,,,,,,,,,,,,,,,,,,,,,,,,,,,,,,,,,,,,,,,,,,,,,,,
2020-09-04,0,,,,,,,,,,,,,,,,,,,,,,,,,,,,,,,,,,,,,,,,,,,,,,,,,,,,,,,,,
2020-09-08,0,,,,,,,,,,,,,,,,,,,,,,,,,,,,,,,,,,,,,,,,,,,,,,,,,,,,,,,,,
2020-09-09,0,,,,,,,,,,,,,,,,,,,,,,,,,,,,,,,,,,,,,,,,,,,,,,,,,,,,,,,,,
2020-09-10,0,,,,,,,,,,,,,,,,,,,,,,,,,,,,,,,,,,,,,,,,,,,,,,,,,,,,,,,,,
2020-09-11,0,,,,,,,,,,,,,,,,,,,,,,,,,,,,,,,,,,,,,,,,,,,,,,,,,,,,,,,,,
2020-09-14,1,,,,,,,,,,,,,,,,,,,,,,,,,,,,,,,,,,,,,,,,,,,,,,,,,,,,,,,,,
2020-09-15,0,,,,,,,,,,,,,,,,,,,,,,,,,,,,,,,,,,,,,,,,,,,,,,,,,,,,,,,,,
2020-09-16,0,,,,,,,,,,,,,,,,,,,,,,,,,,,,,,,,,,,,,,,,,,,,,,,,,,,,,,,,,
2020-09-17,1,walmart will raise wages for 165000 employees.,,,,,,,,,,,,,,,,,,,,,,,,,,,,,,,,,,,,,,,,,,,,,,,,,,,,,,,,
2020-09-18,0,,,,,,,,,,,,,,,,,,,,,,,,,,,,,,,,,,,,,,,,,,,,,,,,,,,,,,,,,
2020-09-21,1,,,,,,,,,,,,,,,,,,,,,,,,,,,,,,,,,,,,,,,,,,,,,,,,,,,,,,,,,
2020-09-22,1,,,,,,,,,,,,,,,,,,,,,,,,,,,,,,,,,,,,,,,,,,,,,,,,,,,,,,,,,
2020-09-23,0,beyond tiktok walmart looks to transform,,,,,,,,,,,,,,,,,,,,,,,,,,,,,,,,,,,,,,,,,,,,,,,,,,,,,,,,
2020-09-24,1,,,,,,,,,,,,,,,,,,,,,,,,,,,,,,,,,,,,,,,,,,,,,,,,,,,,,,,,,
2020-09-25,1,,,,,,,,,,,,,,,,,,,,,,,,,,,,,,,,,,,,,,,,,,,,,,,,,,,,,,,,,
2020-09-28,1,,,,,,,,,,,,,,,,,,,,,,,,,,,,,,,,,,,,,,,,,,,,,,,,,,,,,,,,,
2020-09-29,0,beyond meat soars on big walmart deal,tesla semi orders pile up at walmart     - roadshow,walmart eyes using tesla semi trucks in canada to lower costs,walmart triples tesla semi order in canada,bynd stock: 9 things to know about the new beyond meat-walmart deal,goodwill buys former walmart to build retail operations center,story stocks: beyond meat is sizzling today on major expansion at walmart (bynd),beyond meat&quot;s distribution expansion with walmart is only natural,walmart eyes biggest india investment ever amid &quot;super app&quot; race,,,,,,,,,,,,,,,,,,,,,,,,,,,,,,,,,,,,,,,,,,,,,,,,
2020-09-30,1,these south florida businesses are competing to have their products sold at walmart,amazon vs. target vs. walmart: let the sales battle begin,walmart is updating its iconic supercenter store for the digital age,walmart costco top kroger when it comes to stock prospects analyst says,11% of americans have already subscribed to walmart+,the zacks analyst blog highlights: walmart amazon 1-800-flowers.com target and the michaels companies,beyond meat triples burger distribution at walmart shares up,walmart pledges zero emissions by 2040,walmart revamping with new store design that includes contactless options,walmart seeks solid india investment in tata&quot;s super app,walmart and target to directly challenge amazon on prime day,: walmart unveils digital-focused store redesign,three ways walmart has created a better store,walmart is overhauling 200 of its stores into an airport-inspired theme expected to perfectly blend the online and in-store shopping experience,walmart store of the future: new design focuses on &quot;seamless&quot; shopping experience,walmart unveils new store design with self-checkout kiosks contactless options rolling out to supercenters,walmart looks to airports as inspiration of new store layout,walmart&quot;s new store design proves browsing is dead,,,,,,,,,,,,,,,,,,,,,,,,,,,,,,,,,,,,,,,
2020-10-01,1,investors pile into walmart&quot;s stock after big week,investors pile into walmart&#39;s stock after big week,walmart&quot;s new store concept likely to up omnichannel game,tiktok: walmart&quot;s $7.5b ticket to unshackle from google,amazon walmart heating up competition in prescription management,walmart inc (nyse:wmt) expected to announce earnings of $1.18 per share,walmart plus vs. amazon prime: price free trial grocery delivery and more     - cnet,alice l. walton sells 752085 shares of walmart inc (nyse:wmt) stock,walmart&quot;s vidya venugopal is using tech prowess to make company more energy efficient,,,,,,,,,,,,,,,,,,,,,,,,,,,,,,,,,,,,,,,,,,,,,,,,
2020-10-02,0,,,,,,,,,,,,,,,,,,,,,,,,,,,,,,,,,,,,,,,,,,,,,,,,,,,,,,,,,
2020-10-05,1,,,,,,,,,,,,,,,,,,,,,,,,,,,,,,,,,,,,,,,,,,,,,,,,,,,,,,,,,
2020-10-06,0,,,,,,,,,,,,,,,,,,,,,,,,,,,,,,,,,,,,,,,,,,,,,,,,,,,,,,,,,
2020-10-07,0,,,,,,,,,,,,,,,,,,,,,,,,,,,,,,,,,,,,,,,,,,,,,,,,,,,,,,,,,
2020-10-08,0,,,,,,,,,,,,,,,,,,,,,,,,,,,,,,,,,,,,,,,,,,,,,,,,,,,,,,,,,
2020-10-09,1,,,,,,,,,,,,,,,,,,,,,,,,,,,,,,,,,,,,,,,,,,,,,,,,,,,,,,,,,
2020-10-12,1,,,,,,,,,,,,,,,,,,,,,,,,,,,,,,,,,,,,,,,,,,,,,,,,,,,,,,,,,
2020-10-13,1,,,,,,,,,,,,,,,,,,,,,,,,,,,,,,,,,,,,,,,,,,,,,,,,,,,,,,,,,
2020-10-14,0,,,,,,,,,,,,,,,,,,,,,,,,,,,,,,,,,,,,,,,,,,,,,,,,,,,,,,,,,
2020-10-15,1,,,,,,,,,,,,,,,,,,,,,,,,,,,,,,,,,,,,,,,,,,,,,,,,,,,,,,,,,
2020-10-16,0,,,,,,,,,,,,,,,,,,,,,,,,,,,,,,,,,,,,,,,,,,,,,,,,,,,,,,,,,
2020-10-19,0,,,,,,,,,,,,,,,,,,,,,,,,,,,,,,,,,,,,,,,,,,,,,,,,,,,,,,,,,
2020-10-20,0,,,,,,,,,,,,,,,,,,,,,,,,,,,,,,,,,,,,,,,,,,,,,,,,,,,,,,,,,
2020-10-21,1,,,,,,,,,,,,,,,,,,,,,,,,,,,,,,,,,,,,,,,,,,,,,,,,,,,,,,,,,
2020-10-22,0,,,,,,,,,,,,,,,,,,,,,,,,,,,,,,,,,,,,,,,,,,,,,,,,,,,,,,,,,
2020-10-23,0,,,,,,,,,,,,,,,,,,,,,,,,,,,,,,,,,,,,,,,,,,,,,,,,,,,,,,,,,
2020-10-26,0,,,,,,,,,,,,,,,,,,,,,,,,,,,,,,,,,,,,,,,,,,,,,,,,,,,,,,,,,
2020-10-27,1,,,,,,,,,,,,,,,,,,,,,,,,,,,,,,,,,,,,,,,,,,,,,,,,,,,,,,,,,
2020-10-28,0,,,,,,,,,,,,,,,,,,,,,,,,,,,,,,,,,,,,,,,,,,,,,,,,,,,,,,,,,
2020-10-29,0,walmart citing unrest in philadelphia takes guns off its sales floors.,walmart&quot;s opioid whipsaw,walmart removes firearms and ammunition from us store floors,walmart removes guns ammunition on display at u.s. stores,walmart pulls guns ammo displays in u.s. stores - wsj,"walmart pulls guns from stores citing risk of ""civil unrest""",walmart removes guns and ammo from shelves citing &quot;isolated civil unrest&quot;,walmart removes guns from sales floor citing unrest,walmart removes firearms ammunition from us stores as social unrest flares,walmart&quot;s advertising business is rattling agencies,walmart is removing guns and ammo from shelves and display cases in all stores as a precaution due to &quot;civil unrest&quot;,walmart pulls guns ammunition from store displays ahead of election amid concerns of civil unrest,walmart pulls guns ammo off sales floors because of &quot;civil unrest&quot; in some areas but will still sell those items,walmart pulls guns ammo displays in u.s. stores citing civil unrest,walmart is turning 4 of its stores into partial e-commerce hubs in an unprecedented test of combing in person and online shopping,walmart to test new tech initiative at stores,why walmart is a retiree&quot;s dream stock,walmart will offer the best deal on airpods later today at 7pm et,walmart chile facing supplier suit over allegations it abused market dominance,walmart inc. (nyse:wmt) shares sold by strategic blueprint llc,walmart using four stores to test online fulfillment strategies,walmart plus review: a fast delivery service for groceries and anything else you&quot;d find at the store     - cnet,walmart removes guns and ammunition displays citing concerns of &quot;civil unrest&quot;,walmart turns four stores into e-commerce laboratories as online sales surge,early black friday 2020: top 5 4k tv deals on amazon and walmart  under $700!,,,,,,,,,,,,,,,,,,,,,,,,,,,,,,,,
2020-10-30,0,walmart reverses course puts guns back on shelves,walmart returns guns and ammunition to us store displays,in reversal walmart puts guns back on display,walmart turns four stores into technology test centers,walmart returning guns to sales floor reversing earlier decision related to election unrest,walmart reverses decision to remove guns and ammo from store shelves,walmart to put guns ammo displays back in u.s. stores,gun names gain a bit as walmart reverses display policy,walmart reverses course puts guns back on sales floor ahead of the election,m&g investment management ltd. decreases position in walmart inc. (nyse:wmt),walmart is removing guns from its stores ahead of election day but this isn&quot;t the first time the company has done so to protect its workers amid &quot;civil unrest&quot;,walmart will offer online deals for cyber monday - here&quot;s what you need to know ahead of november 30,walmart uses &quot;lab&quot; stores to build on &quot;new era of retail&quot;,walmart removes all guns and ammo from sales floors of all u.s. stores,walmart reverses earlier decision starts to put firearms back on sales floors,walmart backtracks begins putting guns back in stores,walmart pulls guns ammunition off us shelves on fears of civil unrest theft,want to buy a gun at walmart? you&quot;ve got to ask for it,walmart pulls guns from sales floors citing civil unrest,walmart removes guns ammunition on display at u.s. stores amid civil unrest,,,,,,,,,,,,,,,,,,,,,,,,,,,,,,,,,,,,,
2020-11-02,0,,,,,,,,,,,,,,,,,,,,,,,,,,,,,,,,,,,,,,,,,,,,,,,,,,,,,,,,,
2020-11-03,1,,,,,,,,,,,,,,,,,,,,,,,,,,,,,,,,,,,,,,,,,,,,,,,,,,,,,,,,,
2020-11-04,1,,,,,,,,,,,,,,,,,,,,,,,,,,,,,,,,,,,,,,,,,,,,,,,,,,,,,,,,,
2020-11-05,0,,,,,,,,,,,,,,,,,,,,,,,,,,,,,,,,,,,,,,,,,,,,,,,,,,,,,,,,,
2020-11-06,1,,,,,,,,,,,,,,,,,,,,,,,,,,,,,,,,,,,,,,,,,,,,,,,,,,,,,,,,,
2020-11-09,0,,,,,,,,,,,,,,,,,,,,,,,,,,,,,,,,,,,,,,,,,,,,,,,,,,,,,,,,,
2020-11-10,1,,,,,,,,,,,,,,,,,,,,,,,,,,,,,,,,,,,,,,,,,,,,,,,,,,,,,,,,,
2020-11-11,1,,,,,,,,,,,,,,,,,,,,,,,,,,,,,,,,,,,,,,,,,,,,,,,,,,,,,,,,,
2020-11-12,0,,,,,,,,,,,,,,,,,,,,,,,,,,,,,,,,,,,,,,,,,,,,,,,,,,,,,,,,,
2020-11-13,1,,,,,,,,,,,,,,,,,,,,,,,,,,,,,,,,,,,,,,,,,,,,,,,,,,,,,,,,,
2020-11-16,1,,,,,,,,,,,,,,,,,,,,,,,,,,,,,,,,,,,,,,,,,,,,,,,,,,,,,,,,,
2020-11-17,0,,,,,,,,,,,,,,,,,,,,,,,,,,,,,,,,,,,,,,,,,,,,,,,,,,,,,,,,,
2020-11-18,0,,,,,,,,,,,,,,,,,,,,,,,,,,,,,,,,,,,,,,,,,,,,,,,,,,,,,,,,,
2020-11-19,1,,,,,,,,,,,,,,,,,,,,,,,,,,,,,,,,,,,,,,,,,,,,,,,,,,,,,,,,,
2020-11-20,0,,,,,,,,,,,,,,,,,,,,,,,,,,,,,,,,,,,,,,,,,,,,,,,,,,,,,,,,,
2020-11-23,1,,,,,,,,,,,,,,,,,,,,,,,,,,,,,,,,,,,,,,,,,,,,,,,,,,,,,,,,,
2020-11-24,0,,,,,,,,,,,,,,,,,,,,,,,,,,,,,,,,,,,,,,,,,,,,,,,,,,,,,,,,,
2020-11-25,1,,,,,,,,,,,,,,,,,,,,,,,,,,,,,,,,,,,,,,,,,,,,,,,,,,,,,,,,,
2020-11-27,0,,,,,,,,,,,,,,,,,,,,,,,,,,,,,,,,,,,,,,,,,,,,,,,,,,,,,,,,,
2020-11-30,1,walmart cyber monday 2020: 70-inch 4k tv  robot vacuums price cuts on xbox switch and ps4 games     - cnet,walmart announces dr. cheryl pegus as executive vice president of health & wellness,cyber monday 2020 tv deals: sales on smart tvs from walmart best buy amazon and more     - cnet,the best walmart cyber monday 2020 deals include savings on apple airpods instant pots and more,nintendo switch in stock on cyber monday: check mario kart bundle at amazon best buy and walmart     - cnet,is walmart (wmt) a good stock to buy now?,ps5 restock at adorama for cyber monday 2020? check inventory at gamestop best buy walmart amazon and target too     - cnet,1695 shares in walmart inc. (nyse:wmt) bought by qcm cayman ltd.,walmart cyber monday deals: chromebooks nest hub and more,best cyber monday deals under $50 available now from best buy amazon walmart and more     - cnet,best cyber monday deals: amazon walmart best buy target and more,walmart cyber monday 2020 deals: save on apple airpods instant pots and more,fortnite themed nintendo switch lands at walmart just in time for cyber monday     - cnet,nintendo switch restock for cyber monday: check mario kart inventory at amazon best buy and walmart     - cnet,ps5 restock for cyber monday 2020? check inventory at best buy walmart amazon target and gamestop     - cnet,,,,,,,,,,,,,,,,,,,,,,,,,,,,,,,,,,,,,,,,,,
2020-12-01,0,walmart drops $35 minimum for its members&quot; online orders,sony to restock ps5 soon: check on inventory at gamestop best buy walmart amazon and target     - cnet,former walmart ceo says coronavirus will challenge department stores,the best cyber monday deals still available on tuesday: amazon walmart best buy target and more,walmart beat amazon on black friday by one small but important metric,best cyber monday tv deals still available: huge savings from walmart best buy amazon and more     - cnet,"indian trade body blames amazon and walmart for an ""unholy alliance"" with banks",,,,,,,,,,,,,,,,,,,,,,,,,,,,,,,,,,,,,,,,,,,,,,,,,,
2020-12-02,0,,,,,,,,,,,,,,,,,,,,,,,,,,,,,,,,,,,,,,,,,,,,,,,,,,,,,,,,,
2020-12-03,0,,,,,,,,,,,,,,,,,,,,,,,,,,,,,,,,,,,,,,,,,,,,,,,,,,,,,,,,,
2020-12-04,0,,,,,,,,,,,,,,,,,,,,,,,,,,,,,,,,,,,,,,,,,,,,,,,,,,,,,,,,,
2020-12-07,0,,,,,,,,,,,,,,,,,,,,,,,,,,,,,,,,,,,,,,,,,,,,,,,,,,,,,,,,,
2020-12-08,1,,,,,,,,,,,,,,,,,,,,,,,,,,,,,,,,,,,,,,,,,,,,,,,,,,,,,,,,,
2020-12-09,0,,,,,,,,,,,,,,,,,,,,,,,,,,,,,,,,,,,,,,,,,,,,,,,,,,,,,,,,,
2020-12-10,0,,,,,,,,,,,,,,,,,,,,,,,,,,,,,,,,,,,,,,,,,,,,,,,,,,,,,,,,,
2020-12-11,1,,,,,,,,,,,,,,,,,,,,,,,,,,,,,,,,,,,,,,,,,,,,,,,,,,,,,,,,,
2020-12-14,0,,,,,,,,,,,,,,,,,,,,,,,,,,,,,,,,,,,,,,,,,,,,,,,,,,,,,,,,,
2020-12-15,1,,,,,,,,,,,,,,,,,,,,,,,,,,,,,,,,,,,,,,,,,,,,,,,,,,,,,,,,,
2020-12-16,0,,,,,,,,,,,,,,,,,,,,,,,,,,,,,,,,,,,,,,,,,,,,,,,,,,,,,,,,,
2020-12-17,1,,,,,,,,,,,,,,,,,,,,,,,,,,,,,,,,,,,,,,,,,,,,,,,,,,,,,,,,,
2020-12-18,0,,,,,,,,,,,,,,,,,,,,,,,,,,,,,,,,,,,,,,,,,,,,,,,,,,,,,,,,,
2020-12-21,1,christmas eve holiday shopping: when walmart target best buy costco and other stores close thursday,walmart makes failed gifts easier to exchange,ps5 is in stock at best buy now: restock news for best buy walmart gamestop amazon target and more     - cnet,"greenpeace suit says walmart lies about ""recyclable"" plastics",walmart customers can now return items without leaving the house and it could give the retailer a leg-up in its ecommerce battle with amazon,walmart partners with fedex for returns from home,top analyst upgrades and downgrades: ally financial callaway golf infinera lithia motors microsoft nike solarwinds tapestry walmart and more,walmart adds pickup option for returns ahead of the holidays     - cnet,,,,,,,,,,,,,,,,,,,,,,,,,,,,,,,,,,,,,,,,,,,,,,,,,
2020-12-22,0,justice dept. accuses walmart of fueling opioid crisis,feds sue walmart over role in opioid crisis,us department of justice sues walmart for illegal opioid sales,us sues walmart saying pharmacies fueled opioid crisis retailer rejects allegations,u.s. sues walmart for alleged role in fueling opioid crisis,walmart faces a justice department opioid lawsuit,ps5 restock news: inventory updates for best buy walmart gamestop amazon target and more     - cnet,doj sues walmart over opioid crisis,doj sues walmart over unlawful distribution of controlled substances,us sues walmart for alleged role in opioid crisis,walmart says the justice department&quot;s opioid epidemic lawsuit is &quot;tainted by historical ethics violations&quot;,justice department sues walmart saying it fueled the nation&quot;s opioid crisis,justice department sues walmart says it helped fuel opioid crisis,us sues walmart alleging role in country&quot;s opioid crisis,walmart sued for allegedly fueling opioid crisis,justice department says walmart &quot;helped fuel&quot; opioid crisis in lawsuit,walmart blasts doj in response to opioids lawsuit,justice department sues walmart saying it fueled the nation&quot;s opioid crisis.,amazon and walmart have raked in billions in additional profits during the pandemic and shared almost none of it with their workers,justice department sues walmart alleging it illegally dispensed opioids,walmart accused of fueling opioid epidemic through in justice department lawsuit,top research reports for amazon walmartunitedhealth,the justice department is suing walmart alleging the retailer &quot;unlawfully dispensed and distributed prescription opioids&quot;,ap source: feds sue walmart over role in opioid crisis,us sues walmart for alleged role in fueling opioid crisis,the wall street journal: trump administration sues walmart alleging role in fueling opioid crisis,us sues walmart for alleged role in fueling opioid crisis- wsj,walmart stock falls after doj files lawsuit alleging role in opioid crisis,walmart falls after doj fires off opioid lawsuit,u.s. sues walmart alleging role in fueling opioid crisis,steel dynamics intuit amazon walmart and target as zacks bull and bear of the day,christmas eve same-day delivery: target walmart best buy amazon other stores delivering thursday,walmart (wmt) unveils returns service called carrier pickup by fedex,walmart pairs with fedex to offer free home pickup of returns,walmart stock:  a very attractive buy for the risk-averse,justice department sues walmart alleging it helped fuel opioid crisis,attention risk-averse investors: walmart (nyse:wmt) a very attractive buy,,,,,,,,,,,,,,,,,,,,
2020-12-23,0,walmart (wmt) stock sinks as market gains: what you should know,equity alert: rosen law firm announces investigation of securities claims against walmart inc. wmt,where to buy the ps5: inventory updates for best buy walmart gamestop amazon target and more     - cnet,walmart acquires huge industrial building in iredell county for $69 million,justice department sues walmart over opioid prescriptions,walmart sued over opioid crisis,better buy: costco vs. walmart,justice department says walmart helped to fuel ongoing opioid crisis,walmart sued by justice department over alleged role in opioid crisis,how walmart+ target shipt and instacart express stack up against prime,france reopens border with uk doj sues walmart mindgeek&quot;s porn,america&quot;s justice department sues walmart alleges its pharmacies helped fuel opioid crisis,what&quot;s open christmas day 2020? cvs starbucks mcdonald&quot;s and 7-eleven make the list but walmart is closed,,,,,,,,,,,,,,,,,,,,,,,,,,,,,,,,,,,,,,,,,,,,
2020-12-24,0,ps5 restock updates: when inventory will drop at best buy walmart gamestop amazon target and more     - cnet,walmart acquires huge industrial building in nc for $69 million,walmart pairs with fedex to offer free home pickup of returns,holiday gift-card buying could help boost retail sales in 2021 ex-walmart exec says,walmart inc. (nyse:wmt) major shareholder alice l. walton sells 548602 shares,insider selling: walmart inc. (nyse:wmt) major shareholder sells 1105000 shares of stock,christmas eve 2020 grocery store hours: when walmart whole foods publix safeway and others are open thursday,covid pushes 7-eleven to take on walmart online president says,,,,,,,,,,,,,,,,,,,,,,,,,,,,,,,,,,,,,,,,,,,,,,,,,
2020-12-28,1,rosen a highly respected law firm continues to investigate securities claims against walmart inc. - wmt,where to buy the ps5: restock updates at best buy walmart gamestop amazon target more     - cnet,walmart supercenter in anaheim closes two days for deep clean,what happened to walmart stock in 2020?,walmart pairs with fedex to offer free home pickup of returns,walmart (nyse:wmt) given a $170.00 price target by royal bank of canada analysts,,,,,,,,,,,,,,,,,,,,,,,,,,,,,,,,,,,,,,,,,,,,,,,,,,,
2020-12-29,0,scapegoating walmart,why walmart stock is the perfect call option play now,ps5 restock updates: when you can buy the console at best buy walmart gamestop amazon target more     - cnet,walmart inc. (nyse:wmt) position boosted by wealth advisory solutions llc,wealth advisory solutions llc has $8.03 million stock position in walmart inc. (nyse:wmt),greenpeace sues walmart claiming deceptive sustainability business practices,new year's eve and new year's day hours: when target walmart other stores are open plus who is closed,these businesses are open new year's day 2021: mcdonald's target walmart starbucks more,ps5 restock times and dates: here's when amazon best buy target walmart and more will likely restock!,,,,,,,,,,,,,,,,,,,,,,,,,,,,,,,,,,,,,,,,,,,,,,,,
2020-12-30,0,walmart (wmt) stock sinks as market gains: what you should know,walmart apologizes for tweet calling sen. hawley sore loser,walmart apologizes after its twitter account called sen. josh hawley 'sore loser' over electoral college dispute,where to buy the ps5: restock updates for best buy walmart gamestop amazon target more     - cnet,walmart accidentally sparks battle with sen. josh hawley after a social media staffer calls him a '#soreloser' on the company's twitter account,the zacks analyst blog highlights: amazon apple walmart and teladoc,the justice department accuses walmart of fuelling the opioid crisis,walmart is sued by the justice dept.,how an $8 part from walmart makes it safe for choirs to sing again,,,,,,,,,,,,,,,,,,,,,,,,,,,,,,,,,,,,,,,,,,,,,,,,
2020-12-31,0,there's a new boycott of walmart and this one won't work either,walmart's phonepe sees decline in losses first time since launch; revenue up 74% in fy20,walmart (nyse:wmt) given a $170.00 price target at royal bank of canada,when are stores open new year's eve? see hours for target best buy costco walmart and more retailers,,,,,,,,,,,,,,,,,,,,,,,,,,,,,,,,,,,,,,,,,,,,,,,,,,,,,
2021-01-04,1,,,,,,,,,,,,,,,,,,,,,,,,,,,,,,,,,,,,,,,,,,,,,,,,,,,,,,,,,
2021-01-05,0,,,,,,,,,,,,,,,,,,,,,,,,,,,,,,,,,,,,,,,,,,,,,,,,,,,,,,,,,
2021-01-06,1,,,,,,,,,,,,,,,,,,,,,,,,,,,,,,,,,,,,,,,,,,,,,,,,,,,,,,,,,
2021-01-07,0,,,,,,,,,,,,,,,,,,,,,,,,,,,,,,,,,,,,,,,,,,,,,,,,,,,,,,,,,
2021-01-08,0,,,,,,,,,,,,,,,,,,,,,,,,,,,,,,,,,,,,,,,,,,,,,,,,,,,,,,,,,
2021-01-11,1,,,,,,,,,,,,,,,,,,,,,,,,,,,,,,,,,,,,,,,,,,,,,,,,,,,,,,,,,
2021-01-12,0,walmart joins companies suspending donations to lawmakers who voted against certifying the election.,walmart disney suspend contributions to u.s. lawmakers who opposed biden certification,walmart (wmt) outpaces stock market gains: what you should know,walmart to launch deliveries to outdoor 'smart box' coolers,walmart starts off 2021 with big push in grocery delivery and fintech start-up with ribbit,walmart partners with homevalet on smart box technology for fresh deliveries,,,,,,,,,,,,,,,,,,,,,,,,,,,,,,,,,,,,,,,,,,,,,,,,,,,
2021-01-13,0,walmart (wmt) stock sinks as market gains: what you should know,walmart ceo makes case for retail giant as innovator,shareholder alert: lowey dannenberg is investigating walmart inc. for potential breaches of fiduciary duty by its board of directors,walmart (wmt) tests delivery with homevalet's smart box technology,walmart's expanded financial services products could get a marketing boost from its stores,,,,,,,,,,,,,,,,,,,,,,,,,,,,,,,,,,,,,,,,,,,,,,,,,,,,
2021-01-14,0,walmart to launch a fintech startup in partnership with ribbit capital,where will walmart be in 5 years?,indian stores shuttered by farmer protests cost reliance walmart millions in revenue: sources,,,,,,,,,,,,,,,,,,,,,,,,,,,,,,,,,,,,,,,,,,,,,,,,,,,,,,
2021-01-15,0,marc lore leaves walmart a little over four years after selling jet.com for $3b,walmart's head of e-commerce is retiring this month,the online shopping exec walmart hired to take on amazon is leaving,marc lore ceo of walmart e-commerce to retire,walmart's star e-commerce exec marc lore is leaving the retail giant to build a 'city of the future' modeled on a 'reformed version of capitalism',walmart head of u.s. e-commerce to retire,walmart ceo of u.s. e-commerce business and jet.com founder marc lore to retire,walmart's e-commerce chief marc lore to leave after jumpstarting retailer's digital business,,,,,,,,,,,,,,,,,,,,,,,,,,,,,,,,,,,,,,,,,,,,,,,,,
2021-01-19,0,walmart launches an alliance with western union,walmart ceo blames 'fiction' of fraudulent election for dividing americans,walmart teams with western union for in-store money transfers,western union's stock shoots up after deal to be in walmart stores nationwide,,,,,,,,,,,,,,,,,,,,,,,,,,,,,,,,,,,,,,,,,,,,,,,,,,,,,
2021-01-20,1,rosen a leading law firm files first securities class action lawsuit against walmart inc. – wmt,walmart (wmt) outpaces stock market gains: what you should know,2 red flags for walmart's strategy,walmart's ‘made in the usa' claims under fire again,shareholder action alert: the schall law firm announces the filing of a class action lawsuit against walmart inc. and encourages investors with losses in excess of $100000 to contact the firm,equity alert: rosen law firm files securities class action lawsuit against walmart inc. – wmt,western union's (wu) digital platform to assist walmart customers,,,,,,,,,,,,,,,,,,,,,,,,,,,,,,,,,,,,,,,,,,,,,,,,,,
2021-01-21,0,how shopify's walmart deal is helping both retailers,wmt investor alert: bronstein gewirtz & grossman llc notifies walmart inc. investors of class action and encourages shareholders to contact the firm,better buy: beyond meat vs. walmart,shareholder action reminder: the schall law firm announces the filing of a class action lawsuit against walmart inc. and encourages investors with losses in excess of $100000 to contact the firm,,,,,,,,,,,,,,,,,,,,,,,,,,,,,,,,,,,,,,,,,,,,,,,,,,,,,
2021-01-22,1,rosen top ranked investor counsel files first securities class action lawsuit against walmart inc. - wmt,imitating amazon walmart tells government it can perform 10 million to 13 million vaccinations per month,this is the state where the most people work at walmart,shareholder action notice: the schall law firm announces the filing of a class action lawsuit against walmart inc. and encourages investors with losses in excess of $100000 to contact the firm,exclusive: walmart expands vaccinations in boost to u.s. covid-19 program,,,,,,,,,,,,,,,,,,,,,,,,,,,,,,,,,,,,,,,,,,,,,,,,,,,,
2021-01-25,1,rosen a nationally ranked law firm reminds walmart inc. investors of important deadline in securities class action first filed by the firm - wmt,,,,,,,,,,,,,,,,,,,,,,,,,,,,,,,,,,,,,,,,,,,,,,,,,,,,,,,,
2021-01-26,1,walmart (wmt) gains as market dips: what you should know,,,,,,,,,,,,,,,,,,,,,,,,,,,,,,,,,,,,,,,,,,,,,,,,,,,,,,,,
2021-01-27,0,walmart doubles down on drive to roll out local fulfillment centers,walmart to convert dozens of stores into high-tech warehouses,walmart's latest strategy to get your stuff to you faster,walmart plans to fill online orders with help from robots at some u.s. stores,walmart bets bigger on online grocery as it ramps up automated fulfillment at local stores,walmart adding dozens of automated local fulfillment centers to speed delivery and pickup orders,,,,,,,,,,,,,,,,,,,,,,,,,,,,,,,,,,,,,,,,,,,,,,,,,,,
2021-01-28,0,walmart ramps up order fulfillment efforts as it looks to lead the ecommerce game,walmart revamps its advertising business including a new name,walmart plans big push to challenge amazon on advertising,walmart enlists the trade desk as it plots big growth for its ads business,shareholder alert: pomerantz law firm investigates claims on behalf of investors of walmart inc. - wmt,walmart deploys robots to pick groceries for online grocery shoppers,,,,,,,,,,,,,,,,,,,,,,,,,,,,,,,,,,,,,,,,,,,,,,,,,,,
2021-01-29,0,breaking news: rosen leading global investor counsel encourages walmart inc. investors with large losses to secure counsel before important deadline in securities class action first filed by firm – wmt,wmt shareholder alert: bronstein gewirtz & grossman llc notifies walmart inc. investors of class action and encourages shareholders to contact the firm,,,,,,,,,,,,,,,,,,,,,,,,,,,,,,,,,,,,,,,,,,,,,,,,,,,,,,,
2021-02-01,0,walmart donates $14m to promote racial equity,walmart donates $14 million as part of broader pledge to advance racial equity,the walmart.org center for racial equity awards over $14 million in first round of grants,,,,,,,,,,,,,,,,,,,,,,,,,,,,,,,,,,,,,,,,,,,,,,,,,,,,,,
2021-02-02,1,walmart and sam's club pharmacies are ready to administer through the federal retail pharmacy program,breaking alert: rosen trusted investor counsel encourages walmart inc. investors with large losses to secure counsel before important deadline in securities class action first filed by firm – wmt,,,,,,,,,,,,,,,,,,,,,,,,,,,,,,,,,,,,,,,,,,,,,,,,,,,,,,,
2021-02-03,1,walmart (wmt) outpaces stock market gains: what you should know,breaking news: rosen a leading law firm encourages walmart inc. investors with large losses to secure counsel before important deadline in securities class action first filed by firm - wmt,wmt deadline: pawar law group announces a securities class action lawsuit against walmart inc.– wmt,,,,,,,,,,,,,,,,,,,,,,,,,,,,,,,,,,,,,,,,,,,,,,,,,,,,,,
2021-02-04,1,walmart acquires next-generation advertising tech from thunder industries,walmart buys ad tech platform as rivalry with amazon intensifies,,,,,,,,,,,,,,,,,,,,,,,,,,,,,,,,,,,,,,,,,,,,,,,,,,,,,,,
2021-02-05,1,rosen leading trial attorneys encourages walmart inc. investors to secure counsel before important deadline in securities class action first filed by firm - wmt,why walmart wants a bigger slice of the digital ad market,whole paycheck: walmart and amazon have a food fight,walmart lawsuit against u.s. over opioids is dismissed,,,,,,,,,,,,,,,,,,,,,,,,,,,,,,,,,,,,,,,,,,,,,,,,,,,,,
2021-02-08,1,investor action alert: the schall law firm announces the filing of a class action lawsuit against walmart inc. and encourages investors with losses in excess of $100000 to contact the firm,,,,,,,,,,,,,,,,,,,,,,,,,,,,,,,,,,,,,,,,,,,,,,,,,,,,,,,,
2021-02-09,1,walmart (wmt) gains as market dips: what you should know,zhang investor law alerts investors of deadline in securities class action lawsuit against walmart inc. – wmt,biden to discuss relief package with ceos at walmart jpmorgan others,capitol report: biden yellen to discuss $1.9 trillion covid relief plan with jpmorgan walmart gap ceos,biden and yellen to meet with ceos of jpmorgan walmart gap to talk stimulus,,,,,,,,,,,,,,,,,,,,,,,,,,,,,,,,,,,,,,,,,,,,,,,,,,,,
2021-02-10,0,shareholder alert: pomerantz law firm investigates claims on behalf of investors of walmart inc. - wmt,walmart's use of tiktok will likely continue even if deal with oracle falls apart,walmart and oracle abandon tiktok deal indefinitely,walmart ceo doug mcmillion weighs in on tiktok,tiktok sale to oracle walmart called off indefinitely,tiktok sale to walmart oracle takes back seat as biden reviews security,ceos of jpmorgan walmart lowe's and more meet at white house,biden harris and yellen met ceos from walmart gap and others to discuss the $1.9 trillion stimulus deal and push for a $15 minimum wage,,,,,,,,,,,,,,,,,,,,,,,,,,,,,,,,,,,,,,,,,,,,,,,,,
2021-02-11,0,rosen a globally recognized law firm encourages walmart inc. investors to secure counsel before important deadline in securities class action first filed by firm - wmt,,,,,,,,,,,,,,,,,,,,,,,,,,,,,,,,,,,,,,,,,,,,,,,,,,,,,,,,
2021-02-12,1,buy underperforming walmart stock before q4 earnings?,walmart earnings: covid-19 e-commerce tiktok and other issues,congress to dig into reddit squeeze; walmart shopify report: investing action plan,,,,,,,,,,,,,,,,,,,,,,,,,,,,,,,,,,,,,,,,,,,,,,,,,,,,,,
2021-02-16,0,the risks former walmart ceo bill simon sees for retail,final trades: walmart american express devon energy & more,walmart looks to beat q4 earnings: etfs in focus,what you need to know in options this week: palantir shopify roku walmart and more,walmart's (wmt) q4 earnings likely to gain on online strength,walmart's earnings and investor day are coming. why both should be good for the stock.,,,,,,,,,,,,,,,,,,,,,,,,,,,,,,,,,,,,,,,,,,,,,,,,,,,
2021-02-17,1,wmt breaking notice: rosen the first filing firm encourages walmart inc. investors with large losses to secure counsel before important deadline - wmt,$1000 5 years later: walmart stock a beacon for investors,walmart earnings: what to look for,walmart (wmt) concludes sale of major stake in uk-based asda,earnings outlook: walmart earnings preview: prices could be coming down at the retail giant,is a surprise coming for walmart (wmt) this earnings season?,target vs. walmart: which is the better investment,walmart investors eye push into advertising healthcare following pandemic boom,earnings beat in the cards for walmart stock?,,,,,,,,,,,,,,,,,,,,,,,,,,,,,,,,,,,,,,,,,,,,,,,,
2021-02-18,0,walmart will raise wages for 425000 workers.,shareholder alert: pomerantz law firm investigates claims on behalf of investors of walmart inc. - wmt,walmart has a big-box tumble after earnings miss but is there a new playbook at the mega-retailer?,why nio walmart lost big in the stock market's thursday decline,rosen a leading and longstanding firm encourages walmart inc. investors with large losses to secure counsel before important deadline – wmt,walmart posts mixed q4 raises dividend,wmt stock price fell 6.48%: why it happened,walmart has a real growth problem,why walmart's ceo says americans urgently need another stimulus check,walmart ceo: government should provide additional stimulus,walmart (wmt) q4 earnings miss estimates sales increase y/y,walmart same store sales grew 8.6% in q4,why an emboldened walmart is looking to beyond retail for future growth,walmart reports quarterly revenue gain provides 2022 outlook,walmart ceo: federal minimum wage should be raised,walmart reports £1.50 billion of net loss in the fiscal fourth quarter,walmart the largest u.s. employer raises wages for 425000 workers,walmart posts mixed q4 results promises ‘aggressive acceleration' of omnichannel,mexico's walmart unit eyes $1.08 billion capital investments in 2021,why walmart stock is taking a beating thursday,how walmart's earnings results are impacting etfs,why walmart stock dropped 6% at the open today,walmart just boosted pay to $15. it's not what you think,live | gamestop hearing walmart tilray: stock market breakdown - feb. 18,walmart (wmt) sells off after missing profit estimates,earnings miss weak 2022 forecast sends wmt sliding,the early reaction to walmart's q4,walmart's mexico unit posts 12.2% rise in fourth quarter net profit,walmart drops tilray pops and tech is leading the market lower again,walmart to hike wages for 425000 workers to average above $15 an hour,here's why twilio walmart tilray aphria are moving,walmart profit misses as sales boom during holiday quarter worker wage hikes planned,jefferies analyst breaks down walmart's q4 earnings results,walmart: q4 earnings insights,walmart posts earnings miss warns sales growth may slow in coming year,walmart says it will raise the average associate's wage above $15 per hour,walmart rides soaring holiday demand to beat same-store sales estimates,walmart announces new $20 billion stock buyback plan as earnings miss forecast,walmart raises annual dividend to $2.20 per share marking 48th consecutive year of dividend increases,walmart reports record q4 and fy21 revenue,walmart is set to report its earnings before the bell. here's what to expect,,,,,,,,,,,,,,,,
2021-02-19,1,walmart sam's club and the walmart foundation announce winter weather response efforts to help those affected by recent storms,rosen a respected law firm encourages walmart inc. investors with large losses to secure counsel before important deadline – wmt,what went wrong in walmart's success story?,some 730000 walmart employees won't be getting $15 an hour pay — they're hardly alone,why 4 analysts like walmart's stock after pullback,wmt-pawar law group announces a securities class action lawsuit against walmart inc.– wmt,10 reasons why investors should buy the dip in walmart which has 31% upside potential according to bofa (wmt),the ratings game: walmart to invest nearly $14 billion in automation and other business areas in fiscal 2022,walmart q4 earnings disappoint: etfs in focus,what walmart's higher wages mean for dollar store stocks,,,,,,,,,,,,,,,,,,,,,,,,,,,,,,,,,,,,,,,,,,,,,,,
2021-02-22,0,with asda sale is walmart's strategy shifting to america first or america only?,shareholder alert: pomerantz law firm investigates claims on behalf of investors of walmart inc. - wmt,wmt march 22 deadline: zhang investor law alerts investors of deadline in securities class action lawsuit against walmart inc. – wmt,walmart is shifting from defense to offense,,,,,,,,,,,,,,,,,,,,,,,,,,,,,,,,,,,,,,,,,,,,,,,,,,,,,
2021-02-23,0,rosen recognized investor counsel encourages walmart inc. investors with large losses to secure counsel before important deadline - wmt,walmart is sounding like a tech company,how much would you have made if you invested $1000 in walmart 10 years ago?,,,,,,,,,,,,,,,,,,,,,,,,,,,,,,,,,,,,,,,,,,,,,,,,,,,,,,
2021-02-24,0,wmt shareholder alert: bronstein gewirtz & grossman llc notifies walmart inc. investors of class action and encourages shareholders to contact the firm,bigcommerce customers can now sell on walmart's online marketplace,,,,,,,,,,,,,,,,,,,,,,,,,,,,,,,,,,,,,,,,,,,,,,,,,,,,,,,
2021-02-25,0,coming soon to walmart sam's club target: isiah thomas' cheurlin champagne,buying walmart stock could be the smartest thing you ever do,walmart launches covid-19 vaccine drive to reach more residents in vulnerable communities,2 options strategies to play walmart stock,,,,,,,,,,,,,,,,,,,,,,,,,,,,,,,,,,,,,,,,,,,,,,,,,,,,,
2021-02-26,0,is walmart still a great dividend stock?,walgreens joins amazon costco and walmart in selling an fda-authorized covid-19 saliva test that you can take at home. it costs $119.,walmart+ is already a massive success,,,,,,,,,,,,,,,,,,,,,,,,,,,,,,,,,,,,,,,,,,,,,,,,,,,,,,
2021-03-01,0,walmart recruits 2 goldman sachs execs for its fintech start-up,walmart drops the $35 order minimum on its 2-hour ‘express' delivery service,why walmart could become a serious player in banking,walmart nabs goldman sachs bankers to help lead its new fintech start-up,wmt deadline - pawar law group announces a securities class action lawsuit against walmart inc. – wmt,walmart to scrap $35 minimum for express delivery,walmart drops $35 minimum for express delivery,,,,,,,,,,,,,,,,,,,,,,,,,,,,,,,,,,,,,,,,,,,,,,,,,,
2021-03-02,0,walmart sweetens pay for most u.s. hourly workers on the coasts,walmart's (wmt) management presents at raymond james 42nd annual institutional investors conference (transcript),walmart's indian unit expands e-commerce footprint in challenge to amazon,walmart's flipkart expands grocery sales to more indian cities,,,,,,,,,,,,,,,,,,,,,,,,,,,,,,,,,,,,,,,,,,,,,,,,,,,,,
2021-03-03,0,walmart will invest $350 billion to advance american-made goods,rosen recognized investor counsel encourages walmart inc. investors with large losses to secure counsel before important deadline in the first filed securities class action commenced by the firm– wmt,walmart to pump $350 billion into american manufacturing,walmart gets behind u.s. manufacturing with 10-year $350 billion investment,walmart to make $350 billion investment over the next decade in u.s. manufacturing,why is everyone talking about walmart stock?,shareholder alert: pomerantz law firm investigates claims on behalf of investors of walmart inc. - wmt,,,,,,,,,,,,,,,,,,,,,,,,,,,,,,,,,,,,,,,,,,,,,,,,,,
2021-03-04,0,walmart's flipkart eyes spac listing in u.s. for ipo,march 22 deadline: zhang investor law alerts investors of deadline in securities class action lawsuit against walmart inc. – wmt,why walmart is considering a spac ipo for flipkart,walmart (wmt) plans to increase investments in u.s. manufacturing,walmart and amazon are going hard after this huge opportunity,walmart's indian subsidiary flipkart explores us listing via spac: bloomberg,bear of the day: walmart (wmt),walmart-held flipkart reportedly eyeing u.s. listing through special-purpose acquisition company deal,walmart-held flipkart weighs u.s. listing by spac deal: report,walmart's flipkart weighs u.s. listing via spac merger: bloomberg news,,,,,,,,,,,,,,,,,,,,,,,,,,,,,,,,,,,,,,,,,,,,,,,
2021-03-05,1,walmart could provide benefit with physical bank: bair,former at&t chief stephenson joins walmart board,walmart board of directors adds former at&t chairman and ceo randall stephenson,walmart's (wmt) flipkart measures options for u.s. listing,,,,,,,,,,,,,,,,,,,,,,,,,,,,,,,,,,,,,,,,,,,,,,,,,,,,,
2021-03-08,0,rosen a leading law firm encourages walmart inc. investors to secure counsel before important march 22 deadline - wmt,ocean spray partners with walmart for caffeinated sparkling water,walmart isn't a super-conservative stock market play anymore,,,,,,,,,,,,,,,,,,,,,,,,,,,,,,,,,,,,,,,,,,,,,,,,,,,,,,
2021-03-09,1,wmt breaking alert: rosen national investor counsel encourages walmart inc. investors to secure counsel before important deadline in securities class action - wmt,investors get a rise out of walmart's agreement to stock more beyond meat,,,,,,,,,,,,,,,,,,,,,,,,,,,,,,,,,,,,,,,,,,,,,,,,,,,,,,,
2021-03-10,1,free samples with your curbside groceries: how brands are wooing walmart's online shoppers,walmart inc. (wmt) management presents at ubs global consumer and retail virtual conference (transcript),,,,,,,,,,,,,,,,,,,,,,,,,,,,,,,,,,,,,,,,,,,,,,,,,,,,,,,
2021-03-11,0,walmart inc. (wmt) management presents at bank of america securities 2021 consumer and retail investment conference (transcript),discount in walmart stock is too compelling to ignore,walmart to host its latest tiktok event as more companies use the platform to tap young shoppers,,,,,,,,,,,,,,,,,,,,,,,,,,,,,,,,,,,,,,,,,,,,,,,,,,,,,,
2021-03-12,1,wmt investor alert: rosen a leading and longstanding law firm encourages walmart inc. investors to secure counsel before important deadline in securities class action – wmt,rakuten divests 8% stake to japan post tencent walmart to intensify battle against amazon: report,there is little to like about walmart stock as it expects flat profits,japanese tech giant rakuten to raise $2.2 billion by issuing new shares to walmart tencent and japan post,shareholder alert: pomerantz law firm reminds shareholders with losses on their investment in walmart inc. of class action lawsuit and upcoming deadline - wmt,,,,,,,,,,,,,,,,,,,,,,,,,,,,,,,,,,,,,,,,,,,,,,,,,,,,
2021-03-15,0,walmart canada to invest over c$500 million on store upgrades,,,,,,,,,,,,,,,,,,,,,,,,,,,,,,,,,,,,,,,,,,,,,,,,,,,,,,,,
2021-03-16,1,walmart taps celebrity designer brandon maxwell as creative director for fashion brands,ex-dividend reminder: dick's sporting goods big lots and walmart,walmart taps designer project runway judge brandon maxwell to elevate its fashion labels,walmart enlists american fashion designer brandon maxwell as creative director for select elevated fashion brands,,,,,,,,,,,,,,,,,,,,,,,,,,,,,,,,,,,,,,,,,,,,,,,,,,,,,
2021-03-17,0,walmart becomes largest u.s. vaccine provider to join push for digital vaccination credentials.,walmart joins effort to let people vaccinated at its stores verify their status with mobile apps.,walmart empowering individuals with access to digital health records in partnership with the commons project foundation and clear,is walmart stock a buy?,monday deadline reminder: the schall law firm announces the filing of a class action lawsuit against walmart inc. and encourages investors with losses in excess of $100000 to contact the firm,amazon unseats walmart to become the no. 1 apparel retailer in the us ubs says,better buy: amazon vs. walmart,,,,,,,,,,,,,,,,,,,,,,,,,,,,,,,,,,,,,,,,,,,,,,,,,,
2021-03-18,0,rosen a leading law firm encourages walmart inc. investors to secure counsel before important deadline in securities class action - wmt,shareholder alert: pomerantz law firm reminds shareholders with losses on their investment in walmart inc. of class action lawsuit and upcoming deadline - wmt,,,,,,,,,,,,,,,,,,,,,,,,,,,,,,,,,,,,,,,,,,,,,,,,,,,,,,,
2021-03-19,1,wmt final deadline monday: rosen national trial counsel encourages walmart inc. investors to secure counsel before important march 22 deadline in securities class action - wmt,wmt upcoming deadline: bronstein gewirtz & grossman llc reminds walmart inc. investors of class action and lead plaintiff deadline: march 22 2021,,,,,,,,,,,,,,,,,,,,,,,,,,,,,,,,,,,,,,,,,,,,,,,,,,,,,,,
2021-03-22,1,final deadline today: rosen a leading and longstanding firm encourages walmart inc. investors to secure counsel before important march 22 deadline in securities class action - wmt,exclusive: low tips long waits: doordash takes on drivers' walmart gripes,,,,,,,,,,,,,,,,,,,,,,,,,,,,,,,,,,,,,,,,,,,,,,,,,,,,,,,
2021-03-23,1,costco amazon walmart and shopify could win the 'easter rally' jim cramer says,cramer says costco amazon shopify and walmart could trade higher on an 'easter rally',calling all entrepreneurs! apply now for walmart's annual open call for products made grown or assembled in the u.s.,walmart: the retail giant is stumbling,,,,,,,,,,,,,,,,,,,,,,,,,,,,,,,,,,,,,,,,,,,,,,,,,,,,,
2021-03-24,0,walmart (wmt) dips more than broader markets: what you should know,why walmart will continue to win,,,,,,,,,,,,,,,,,,,,,,,,,,,,,,,,,,,,,,,,,,,,,,,,,,,,,,,
2021-03-25,1,why walmart could be the surprise stock of the decade,if walmart does this one thing the stock will soar,,,,,,,,,,,,,,,,,,,,,,,,,,,,,,,,,,,,,,,,,,,,,,,,,,,,,,,
2021-03-26,1,,,,,,,,,,,,,,,,,,,,,,,,,,,,,,,,,,,,,,,,,,,,,,,,,,,,,,,,,
2021-03-29,1,bed bath & beyond hires wayfair and walmart vets to drive digital business,bed bath & beyond poaches wayfair walmart execs to help it grow online,,,,,,,,,,,,,,,,,,,,,,,,,,,,,,,,,,,,,,,,,,,,,,,,,,,,,,,
2021-03-30,0,walmart (wmt) dips more than broader markets: what you should know,walmart to participate in cowen's 2nd annual consumer platforms for the next generation summit,,,,,,,,,,,,,,,,,,,,,,,,,,,,,,,,,,,,,,,,,,,,,,,,,,,,,,,
2021-03-31,1,,,,,,,,,,,,,,,,,,,,,,,,,,,,,,,,,,,,,,,,,,,,,,,,,,,,,,,,,
2021-04-01,0,,,,,,,,,,,,,,,,,,,,,,,,,,,,,,,,,,,,,,,,,,,,,,,,,,,,,,,,,
2021-04-05,1,walmart and sam's club fight hunger. spark change.,is walmart stock a buy?,,,,,,,,,,,,,,,,,,,,,,,,,,,,,,,,,,,,,,,,,,,,,,,,,,,,,,,
2021-04-06,1,cramer sees upside in walmart chipotle and more stocks as rare market phenomenon plays out,are walmart+ subscriptions stagnating? one analyst thinks so.,options bulls see more upside in walmart,is walmart a great dividend stock?,,,,,,,,,,,,,,,,,,,,,,,,,,,,,,,,,,,,,,,,,,,,,,,,,,,,,
2021-04-07,0,walmart (wmt) stock sinks as market gains: what you should know,jim cramer says walmart is among the stocks that will do well in a 'hybrid world',walmart's stock may see significant short-term gains,,,,,,,,,,,,,,,,,,,,,,,,,,,,,,,,,,,,,,,,,,,,,,,,,,,,,,
2021-04-08,0,best buy introduces membership plan to rival amazon prime and walmart+,here's why the flipkart ipo is a brilliant move for walmart,,,,,,,,,,,,,,,,,,,,,,,,,,,,,,,,,,,,,,,,,,,,,,,,,,,,,,,
2021-04-09,1,walmart taps citi exec as vp of financial services,walmart and mcdonald break-up a 30 year marriage,mcdonald's to close hundreds of eateries inside walmart stores,mcdonald's to close hundreds of in-store walmart eateries,walmart - a fair value report,,,,,,,,,,,,,,,,,,,,,,,,,,,,,,,,,,,,,,,,,,,,,,,,,,,,
2021-04-12,0,walmart buys bitcoin? 9 things we know about the rumors,walmart china dada group's jddj extend omni-channel customer digitalization partnership,,,,,,,,,,,,,,,,,,,,,,,,,,,,,,,,,,,,,,,,,,,,,,,,,,,,,,,
2021-04-13,0,walmart (wmt) stock sinks as market gains: what you should know,walmart (wmt) boosts india operations with flipkart-adani deal,walmart increases efforts to save birds bees butterflies and other pollinators,crumpled clothes and bare shelves: as retailers like walmart macy's woo customers back some have to clean up shop,,,,,,,,,,,,,,,,,,,,,,,,,,,,,,,,,,,,,,,,,,,,,,,,,,,,,
2021-04-14,1,walmart sets the goal of 67% full-time employees by 2021's end,walmart's indian ecommerce marketplace flipkart acquiring cleartrip,walmart vows to move more workers to full-time status,walmart to make two-thirds of u.s. hourly store roles full-time,how the pandemic helped walmart battle amazon marketplace for sellers,,,,,,,,,,,,,,,,,,,,,,,,,,,,,,,,,,,,,,,,,,,,,,,,,,,,
2021-04-15,1,walmart joins a multibillion-dollar investment in self-driving cars,after walmart invests in cruise gm stock analyst says av unit worth $10/share,walmart invests in cruise – the all-electric self-driving company,walmart backs electric vehicle company cruise,walmart invests in gm's self-driving car company cruise,walmart invests in san francisco-based autonomous vehicle company cruise,walmart is investing in cruise gm's self-driving car company,self-driving startup cruise raises $2.75 billion from walmart others,walmart helps push cruise's latest investment round to $2.75b,,,,,,,,,,,,,,,,,,,,,,,,,,,,,,,,,,,,,,,,,,,,,,,,
2021-04-16,0,better buy: disney vs. walmart,,,,,,,,,,,,,,,,,,,,,,,,,,,,,,,,,,,,,,,,,,,,,,,,,,,,,,,,
2021-04-19,0,walmart (wmt) dips more than broader markets: what you should know,,,,,,,,,,,,,,,,,,,,,,,,,,,,,,,,,,,,,,,,,,,,,,,,,,,,,,,,
2021-04-20,1,,,,,,,,,,,,,,,,,,,,,,,,,,,,,,,,,,,,,,,,,,,,,,,,,,,,,,,,,
2021-04-21,1,,,,,,,,,,,,,,,,,,,,,,,,,,,,,,,,,,,,,,,,,,,,,,,,,,,,,,,,,
2021-04-22,0,walmart releases 2021 annual report and proxy statement,target stock is worth much more with better fcf margins than walmart,,,,,,,,,,,,,,,,,,,,,,,,,,,,,,,,,,,,,,,,,,,,,,,,,,,,,,,
2021-04-23,1,big call buying in walmart,walmart to focus on faster fulfillment more features and greater assortment,walmart ceo made over 1000 times what workers did,,,,,,,,,,,,,,,,,,,,,,,,,,,,,,,,,,,,,,,,,,,,,,,,,,,,,,
2021-04-26,0,walmart says rising number of women people of color are in leadership roles,free grocery delivery attracts 8 million new paid walmart+ subscribers,,,,,,,,,,,,,,,,,,,,,,,,,,,,,,,,,,,,,,,,,,,,,,,,,,,,,,,
2021-04-27,1,walmart's mexico unit reports first-quarter net profit up 0.7%,,,,,,,,,,,,,,,,,,,,,,,,,,,,,,,,,,,,,,,,,,,,,,,,,,,,,,,,
2021-04-28,0,walmart expands its inhome grocery delivery service,amazon on track to beat walmart as biggest u.s. retailer by 2025,walmart expands program to benefit diverse suppliers,,,,,,,,,,,,,,,,,,,,,,,,,,,,,,,,,,,,,,,,,,,,,,,,,,,,,,
2021-04-29,1,walmart stock remains a high quality investment for all markets,walmart isn't just overvalued it is moving in all the wrong directions,,,,,,,,,,,,,,,,,,,,,,,,,,,,,,,,,,,,,,,,,,,,,,,,,,,,,,,
2021-04-30,1,walmart sets up vaccine clinics for flipkart workers as india grapples with covid crisis,ignore slow growth worries and hold your walmart shares,,,,,,,,,,,,,,,,,,,,,,,,,,,,,,,,,,,,,,,,,,,,,,,,,,,,,,,
2021-05-03,1,cramer comments on walmart costco lowe's rh and more retail stocks,walmart stock is taking a turn for the worse,walmart expands pet product service offerings,,,,,,,,,,,,,,,,,,,,,,,,,,,,,,,,,,,,,,,,,,,,,,,,,,,,,,
2021-05-04,0,walmart's online store isn't profitable. now it's borrowing from amazon's playbook,walmart and sam's club now administering walk-up covid-19 vaccines at 5100+ pharmacies nationwide,,,,,,,,,,,,,,,,,,,,,,,,,,,,,,,,,,,,,,,,,,,,,,,,,,,,,,,
2021-05-05,0,,,,,,,,,,,,,,,,,,,,,,,,,,,,,,,,,,,,,,,,,,,,,,,,,,,,,,,,,
2021-05-06,1,walmart health acquires telehealth provider memd,walmart health to acquire telehealth provider memd,,,,,,,,,,,,,,,,,,,,,,,,,,,,,,,,,,,,,,,,,,,,,,,,,,,,,,,
2021-05-07,0,behind amazon and walmart's battle to dominate everything,walmart's flipkart to cover insurance for all sellers in india and waive additional fees,is walmart (wmt) outperforming other retail-wholesale stocks this year?,walmart health acquires telehealth provider memd,,,,,,,,,,,,,,,,,,,,,,,,,,,,,,,,,,,,,,,,,,,,,,,,,,,,,
2021-05-10,1,walmart acquires memd; amazon care expands as race for consumer healthcare spend intensifies,leaked walmart memo shows grocery lead slipping,walmart needs to keep up the good work,walmart expansion in telehealth pits it head-to-head with amazon again,,,,,,,,,,,,,,,,,,,,,,,,,,,,,,,,,,,,,,,,,,,,,,,,,,,,,
